# Blender 4.4.3
# www.blender.org
mtllib sphere bleander1.mtl
o Circle
v 0.000000 0.000000 -7.008039
v -0.195090 0.000000 -6.988824
v -0.382683 0.000000 -6.931918
v -0.555570 0.000000 -6.839508
v -0.707107 0.000000 -6.715145
v -0.831470 0.000000 -6.563609
v -0.923880 0.000000 -6.390722
v -0.980785 0.000000 -6.203129
v -1.000000 0.000000 -6.008039
v -0.980785 0.000000 -5.812948
v -0.923880 0.000000 -5.625355
v -0.831470 0.000000 -5.452468
v -0.707107 0.000000 -5.300932
v -0.555570 0.000000 -5.176569
v -0.382683 0.000000 -5.084159
v -0.195090 0.000000 -5.027253
v 0.000000 0.000000 -5.008039
v 0.195090 0.000000 -5.027253
v 0.382683 0.000000 -5.084159
v 0.555570 0.000000 -5.176569
v 0.707107 0.000000 -5.300932
v 0.831470 0.000000 -5.452468
v 0.923880 0.000000 -5.625355
v 0.980785 0.000000 -5.812948
v 1.000000 0.000000 -6.008039
v 0.980785 0.000000 -6.203129
v 0.923880 0.000000 -6.390722
v 0.831470 0.000000 -6.563609
v 0.707107 0.000000 -6.715145
v 0.555570 0.000000 -6.839508
v 0.382683 0.000000 -6.931918
v 0.195090 0.000000 -6.988824
l 2 1
l 3 2
l 4 3
l 5 4
l 6 5
l 7 6
l 8 7
l 9 8
l 10 9
l 11 10
l 12 11
l 13 12
l 14 13
l 15 14
l 16 15
l 17 16
l 18 17
l 19 18
l 20 19
l 21 20
l 22 21
l 23 22
l 24 23
l 25 24
l 26 25
l 27 26
l 28 27
l 29 28
l 30 29
l 31 30
l 32 31
l 1 32
o Icosphere
v -0.082497 0.958546 0.013415
v 0.590677 1.472802 0.502500
v -0.339624 1.472801 0.804777
v -0.914586 1.472804 0.013415
v -0.339624 1.472801 -0.777946
v 0.590677 1.472802 -0.475670
v 0.174628 2.304900 0.804777
v -0.755672 2.304900 0.502500
v -0.755672 2.304900 -0.475670
v 0.174628 2.304900 -0.777946
v 0.749591 2.304897 0.013415
v -0.082498 2.819156 0.013415
v -0.232748 1.102110 0.475844
v 0.310870 1.102110 0.299210
v 0.160620 1.402615 0.761642
v 0.704238 1.402617 0.013415
v 0.310870 1.102110 -0.272380
v -0.568726 1.102112 0.013415
v -0.718979 1.402617 0.475845
v -0.232748 1.102110 -0.449013
v -0.718979 1.402617 -0.449014
v 0.160620 1.402615 -0.734812
v 0.797102 1.888850 0.299211
v 0.797102 1.888850 -0.272381
v -0.082498 1.888851 0.938279
v 0.461124 1.888851 0.761645
v -0.962097 1.888851 0.299211
v -0.626119 1.888851 0.761645
v -0.626119 1.888851 -0.734814
v -0.962097 1.888851 -0.272381
v 0.461124 1.888851 -0.734814
v -0.082498 1.888851 -0.911448
v 0.553984 2.375085 0.475845
v -0.325615 2.375086 0.761642
v -0.869233 2.375085 0.013415
v -0.325615 2.375086 -0.734812
v 0.553984 2.375085 -0.449014
v 0.067753 2.675591 0.475844
v 0.403731 2.675590 0.013415
v -0.475865 2.675591 0.299210
v -0.475865 2.675591 -0.272380
v 0.067753 2.675591 -0.449013
v -0.189693 1.029320 0.343334
v -0.156429 0.990420 0.240955
v -0.122918 0.967715 0.137817
v 0.413952 1.194177 0.374103
v 0.481049 1.273063 0.422851
v 0.536715 1.359907 0.463295
v 0.008527 1.408572 0.800927
v -0.104191 1.420928 0.816530
v -0.213189 1.440748 0.818226
v 0.694599 1.408573 0.170203
v 0.674607 1.420929 0.282225
v 0.642538 1.440749 0.386411
v 0.413952 1.194177 -0.347272
v 0.481049 1.273063 -0.396021
v 0.536715 1.359907 -0.436464
v -0.429396 1.029322 0.013415
v -0.321748 0.990421 0.013415
v -0.213301 0.967716 0.013415
v -0.803341 1.408574 0.343335
v -0.853012 1.420931 0.240955
v -0.888307 1.440751 0.137817
v -0.189693 1.029320 -0.316503
v -0.156429 0.990420 -0.214124
v -0.122918 0.967715 -0.110986
v -0.619022 1.408573 -0.570194
v -0.537002 1.420929 -0.649071
v -0.449817 1.440749 -0.714511
v 0.306756 1.408572 -0.677194
v 0.407118 1.420929 -0.623562
v 0.496295 1.440749 -0.560867
v 0.760853 1.755476 0.374104
v 0.720301 1.660182 0.422852
v 0.667521 1.571555 0.463296
v 0.811797 2.022225 -0.190485
v 0.807643 2.117517 -0.127212
v 0.788715 2.206145 -0.063469
v -0.164925 1.755476 0.926948
v -0.223818 1.660182 0.903445
v -0.278592 1.571555 0.865745
v 0.387777 2.022225 0.800929
v 0.326315 2.117519 0.816532
v 0.259841 2.206147 0.818228
v -0.976792 1.755477 0.217316
v -0.972638 1.660184 0.154042
v -0.953710 1.571557 0.090300
v -0.686146 2.022226 0.704027
v -0.719978 2.117519 0.650395
v -0.742132 2.206147 0.587699
v -0.552772 1.755476 -0.774099
v -0.491310 1.660182 -0.789701
v -0.424836 1.571555 -0.791397
v -0.925848 2.022225 -0.347273
v -0.885296 2.117519 -0.396022
v -0.832516 2.206146 -0.436465
v 0.521151 1.755476 -0.677196
v 0.554983 1.660182 -0.623564
v 0.577137 1.571555 -0.560868
v -0.000070 2.022226 -0.900117
v 0.058823 2.117519 -0.876614
v 0.113597 2.206147 -0.838914
v 0.454027 2.369128 0.597025
v 0.372007 2.356772 0.675902
v 0.284822 2.336952 0.741342
v -0.471752 2.369129 0.704024
v -0.572113 2.356773 0.650393
v -0.661290 2.336953 0.587698
v -0.859594 2.369128 -0.143372
v -0.839602 2.356772 -0.255394
v -0.807533 2.336952 -0.359580
v -0.173522 2.369129 -0.774096
v -0.060804 2.356773 -0.789699
v 0.048194 2.336953 -0.791396
v 0.638346 2.369127 -0.316504
v 0.688017 2.356771 -0.214125
v 0.723312 2.336950 -0.110987
v 0.107126 2.583524 0.597024
v 0.132754 2.504638 0.675901
v 0.154017 2.417795 0.741341
v 0.264401 2.748380 0.013415
v 0.156753 2.787280 0.013415
v 0.048306 2.809986 0.013415
v -0.578947 2.583524 0.374103
v -0.646044 2.504638 0.422851
v -0.701710 2.417794 0.463295
v -0.578947 2.583524 -0.347272
v -0.646044 2.504638 -0.396021
v -0.701710 2.417795 -0.436464
v 0.107126 2.583524 -0.570193
v 0.132754 2.504638 -0.649070
v 0.154017 2.417795 -0.714510
v -0.319012 1.359907 0.741341
v -0.297749 1.273063 0.675901
v -0.272121 1.194177 0.597024
v 0.023326 0.967715 0.090300
v 0.111060 0.990420 0.154042
v 0.198149 1.029320 0.217315
v 0.496295 1.440749 0.587698
v 0.407118 1.420929 0.650393
v 0.306756 1.408572 0.704024
v 0.642538 1.440749 -0.359580
v 0.674607 1.420929 -0.255394
v 0.694599 1.408573 -0.143372
v 0.023326 0.967715 -0.063469
v 0.111060 0.990420 -0.127211
v 0.198149 1.029320 -0.190484
v -0.847886 1.359909 0.013415
v -0.779079 1.273066 0.013415
v -0.696142 1.194179 0.013415
v -0.449817 1.440749 0.741342
v -0.537002 1.420929 0.675902
v -0.619022 1.408573 0.597025
v -0.319012 1.359907 -0.714510
v -0.297749 1.273063 -0.649070
v -0.272121 1.194177 -0.570193
v -0.888307 1.440751 -0.110987
v -0.853012 1.420931 -0.214125
v -0.803341 1.408574 -0.316504
v -0.213189 1.440748 -0.791396
v -0.104191 1.420928 -0.789699
v 0.008527 1.408572 -0.774096
v 0.788715 2.206145 0.090300
v 0.807643 2.117517 0.154042
v 0.811797 2.022225 0.217316
v 0.667521 1.571555 -0.436465
v 0.720301 1.660182 -0.396022
v 0.760853 1.755476 -0.347273
v 0.113597 2.206147 0.865745
v 0.058823 2.117519 0.903445
v -0.000070 2.022226 0.926948
v 0.577137 1.571555 0.587699
v 0.554983 1.660182 0.650394
v 0.521151 1.755476 0.704027
v -0.832516 2.206146 0.463296
v -0.885296 2.117519 0.422852
v -0.925848 2.022225 0.374104
v -0.424836 1.571555 0.818227
v -0.491310 1.660182 0.816532
v -0.552772 1.755476 0.800929
v -0.742132 2.206147 -0.560868
v -0.719978 2.117519 -0.623564
v -0.686146 2.022226 -0.677196
v -0.953710 1.571557 -0.063469
v -0.972638 1.660184 -0.127212
v -0.976792 1.755477 -0.190485
v 0.259841 2.206147 -0.791397
v 0.326315 2.117519 -0.789701
v 0.387777 2.022225 -0.774099
v -0.278592 1.571555 -0.838914
v -0.223818 1.660182 -0.876614
v -0.164925 1.755476 -0.900117
v 0.723312 2.336950 0.137817
v 0.688017 2.356771 0.240955
v 0.638346 2.369127 0.343335
v 0.048194 2.336953 0.818226
v -0.060804 2.356773 0.816530
v -0.173522 2.369129 0.800927
v -0.807533 2.336952 0.386411
v -0.839602 2.356772 0.282225
v -0.859594 2.369128 0.170203
v -0.661290 2.336953 -0.560867
v -0.572113 2.356773 -0.623562
v -0.471752 2.369129 -0.677194
v 0.284822 2.336952 -0.714511
v 0.372007 2.356772 -0.649071
v 0.454027 2.369128 -0.570194
v -0.042077 2.809986 0.137817
v -0.008566 2.787281 0.240955
v 0.024698 2.748381 0.343334
v 0.682891 2.417792 0.013415
v 0.614084 2.504635 0.013415
v 0.531147 2.583522 0.013415
v -0.188321 2.809986 0.090300
v -0.276055 2.787281 0.154042
v -0.363144 2.748381 0.217315
v -0.188321 2.809986 -0.063469
v -0.276055 2.787282 -0.127211
v -0.363144 2.748381 -0.190484
v -0.042077 2.809986 -0.110986
v -0.008566 2.787281 -0.214124
v 0.024698 2.748381 -0.316503
v 0.326270 2.704344 -0.128938
v 0.256750 2.711267 -0.233062
v 0.179204 2.704345 -0.331354
v 0.464092 2.619166 -0.128939
v 0.501373 2.560082 -0.233062
v 0.529861 2.487629 -0.331355
v 0.221793 2.619168 -0.462430
v 0.332342 2.560083 -0.465711
v 0.434628 2.487629 -0.462430
v -0.091571 2.704346 -0.419333
v -0.212080 2.711268 -0.385392
v -0.329524 2.704346 -0.342016
v -0.048983 2.619168 -0.550409
v -0.136490 2.560084 -0.618042
v -0.221169 2.487630 -0.675510
v -0.441024 2.619168 -0.423025
v -0.409984 2.560084 -0.529177
v -0.375257 2.487630 -0.625443
v -0.496871 2.704346 -0.111684
v -0.501831 2.711268 0.013415
v -0.496871 2.704346 0.138514
v -0.608371 2.619168 -0.192692
v -0.699735 2.560083 -0.130368
v -0.780557 2.487629 -0.067593
v -0.608371 2.619168 0.219523
v -0.699735 2.560084 0.157199
v -0.780557 2.487629 0.094424
v -0.329524 2.704346 0.368847
v -0.212080 2.711268 0.412223
v -0.091571 2.704346 0.446164
v -0.441024 2.619168 0.449856
v -0.409984 2.560084 0.556008
v -0.375257 2.487630 0.652273
v -0.048983 2.619168 0.577240
v -0.136490 2.560084 0.644873
v -0.221169 2.487630 0.702340
v 0.179204 2.704345 0.358185
v 0.256750 2.711267 0.259892
v 0.326270 2.704344 0.155769
v 0.221793 2.619168 0.489260
v 0.332342 2.560083 0.492542
v 0.434628 2.487629 0.489261
v 0.464092 2.619166 0.155769
v 0.501373 2.560082 0.259893
v 0.529861 2.487629 0.358186
v 0.757375 2.032603 -0.342018
v 0.711042 2.140746 -0.385393
v 0.650956 2.245439 -0.419335
v 0.731053 1.894780 -0.423027
v 0.664324 1.896121 -0.529179
v 0.583988 1.894780 -0.625446
v 0.555724 2.245440 -0.550411
v 0.542011 2.140747 -0.618045
v 0.515077 2.032604 -0.675513
v -0.161004 2.032604 -0.895184
v -0.216574 2.140747 -0.864523
v -0.267422 2.245440 -0.817866
v -0.246181 1.894780 -0.895185
v -0.367758 1.896121 -0.864525
v -0.484137 1.894780 -0.817868
v -0.421511 2.245440 -0.767799
v -0.490071 2.140747 -0.775658
v -0.553049 2.032604 -0.767801
v -0.970888 2.032604 -0.192693
v -0.958900 2.140747 -0.130369
v -0.930239 2.245440 -0.067593
v -0.997211 1.894781 -0.111684
v -1.005620 1.896121 0.013415
v -0.997211 1.894781 0.138515
v -0.930239 2.245440 0.094424
v -0.958900 2.140747 0.157200
v -0.970888 2.032604 0.219523
v -0.553049 2.032604 0.794631
v -0.490071 2.140747 0.802489
v -0.421511 2.245440 0.794630
v -0.484137 1.894780 0.844699
v -0.367758 1.896121 0.891356
v -0.246181 1.894780 0.922016
v -0.267422 2.245440 0.844697
v -0.216574 2.140747 0.891354
v -0.161004 2.032604 0.922015
v 0.515077 2.032604 0.702343
v 0.542011 2.140747 0.644875
v 0.555724 2.245440 0.577242
v 0.583988 1.894780 0.652276
v 0.664324 1.896121 0.556010
v 0.731053 1.894780 0.449858
v 0.650956 2.245439 0.446166
v 0.711042 2.140746 0.412224
v 0.757375 2.032603 0.368849
v 0.319142 1.882921 -0.817868
v 0.202763 1.881580 -0.864525
v 0.081186 1.882921 -0.895185
v 0.388054 1.745098 -0.767801
v 0.325076 1.636954 -0.775658
v 0.256516 1.532261 -0.767799
v -0.003991 1.745098 -0.895184
v 0.051579 1.636954 -0.864524
v 0.102427 1.532261 -0.817866
v -0.748983 1.882921 -0.625446
v -0.829319 1.881581 -0.529179
v -0.896048 1.882921 -0.423027
v -0.680072 1.745098 -0.675513
v -0.707007 1.636955 -0.618045
v -0.720719 1.532262 -0.550411
v -0.922370 1.745098 -0.342018
v -0.876037 1.636955 -0.385393
v -0.815951 1.532262 -0.419335
v -0.896048 1.882921 0.449858
v -0.829319 1.881581 0.556010
v -0.748983 1.882921 0.652276
v -0.922370 1.745098 0.368849
v -0.876037 1.636955 0.412224
v -0.815951 1.532262 0.446166
v -0.680072 1.745098 0.702343
v -0.707006 1.636955 0.644876
v -0.720719 1.532262 0.577242
v 0.081186 1.882921 0.922016
v 0.202763 1.881580 0.891356
v 0.319142 1.882921 0.844699
v -0.003991 1.745098 0.922015
v 0.051579 1.636954 0.891354
v 0.102427 1.532261 0.844697
v 0.388054 1.745098 0.794631
v 0.325076 1.636954 0.802489
v 0.256516 1.532261 0.794630
v 0.832215 1.882921 0.138515
v 0.840625 1.881580 0.013415
v 0.832215 1.882921 -0.111684
v 0.805893 1.745098 0.219523
v 0.793905 1.636955 0.157200
v 0.765244 1.532262 0.094424
v 0.805893 1.745098 -0.192693
v 0.793905 1.636955 -0.130369
v 0.765244 1.532262 -0.067593
v 0.276029 1.158533 -0.423025
v 0.244989 1.217617 -0.529177
v 0.210262 1.290071 -0.625443
v 0.164529 1.073355 -0.342016
v 0.047085 1.066433 -0.385392
v -0.073424 1.073355 -0.419333
v 0.056174 1.290071 -0.675510
v -0.028505 1.217617 -0.618042
v -0.116013 1.158533 -0.550409
v -0.386788 1.158533 -0.462430
v -0.497337 1.217618 -0.465711
v -0.599623 1.290072 -0.462430
v -0.344199 1.073356 -0.331354
v -0.421745 1.066434 -0.233062
v -0.491265 1.073357 -0.128938
v -0.694856 1.290073 -0.331355
v -0.666368 1.217619 -0.233062
v -0.629087 1.158535 -0.128939
v -0.629087 1.158535 0.155769
v -0.666368 1.217619 0.259893
v -0.694856 1.290073 0.358186
v -0.491265 1.073357 0.155769
v -0.421745 1.066434 0.259892
v -0.344199 1.073356 0.358185
v -0.599623 1.290072 0.489261
v -0.497337 1.217618 0.492542
v -0.386788 1.158533 0.489261
v 0.615562 1.290072 -0.067593
v 0.534740 1.217618 -0.130368
v 0.443376 1.158533 -0.192692
v 0.615562 1.290072 0.094424
v 0.534740 1.217618 0.157199
v 0.443376 1.158533 0.219523
v 0.331876 1.073356 -0.111684
v 0.336836 1.066433 0.013415
v 0.331876 1.073356 0.138514
v -0.116012 1.158533 0.577240
v -0.028505 1.217617 0.644873
v 0.056174 1.290071 0.702340
v -0.073424 1.073355 0.446164
v 0.047085 1.066433 0.412223
v 0.164529 1.073355 0.368847
v 0.210262 1.290071 0.652274
v 0.244989 1.217617 0.556008
v 0.276029 1.158533 0.449856
v 0.003192 1.000563 0.277134
v -0.029254 0.974055 0.177278
v 0.052198 0.993179 0.226333
v 0.117661 1.026766 0.289761
v 0.022241 1.025551 0.335760
v -0.081994 1.026766 0.354634
v -0.066316 0.993179 0.264841
v 0.574907 1.290941 0.289580
v 0.588548 1.355062 0.375774
v 0.535621 1.278885 0.347443
v 0.486211 1.213189 0.295679
v 0.560079 1.257511 0.234020
v 0.630684 1.323557 0.190714
v 0.621379 1.344398 0.285137
v -0.306831 1.000564 0.176403
v -0.221887 0.974055 0.114688
v -0.243372 0.993180 0.207312
v -0.283466 1.026766 0.289172
v -0.356702 1.025552 0.212636
v -0.406862 1.026767 0.119335
v -0.316618 0.993180 0.106499
v -0.306831 1.000564 -0.149572
v -0.221887 0.974055 -0.087857
v -0.316618 0.993180 -0.079668
v -0.406862 1.026767 -0.092504
v -0.356702 1.025552 -0.185805
v -0.283466 1.026766 -0.262342
v -0.243372 0.993180 -0.180482
v 0.003192 1.000563 -0.250304
v -0.029254 0.974055 -0.150447
v -0.066316 0.993179 -0.238010
v -0.081994 1.026766 -0.327803
v 0.022241 1.025551 -0.308930
v 0.117661 1.026766 -0.262930
v 0.052198 0.993179 -0.199502
v 0.746286 1.568236 0.289580
v 0.695034 1.527360 0.375774
v 0.719254 1.502764 0.285137
v 0.742057 1.503761 0.190714
v 0.769556 1.596450 0.234021
v 0.776163 1.682341 0.295679
v 0.739500 1.608767 0.347443
v -0.089038 1.568236 0.886974
v -0.186851 1.527360 0.864866
v -0.093165 1.502763 0.859892
v 0.003684 1.503760 0.852400
v -0.029007 1.596449 0.891936
v -0.085607 1.682341 0.917274
v -0.146167 1.608767 0.898401
v -0.915325 1.568237 0.277135
v -0.924525 1.527362 0.177278
v -0.890844 1.502765 0.264842
v -0.853791 1.503762 0.354635
v -0.901493 1.596451 0.335762
v -0.943081 1.682342 0.289762
v -0.943846 1.608769 0.226334
v -0.590668 1.568236 -0.697154
v -0.498540 1.527360 -0.736762
v -0.571410 1.502764 -0.677671
v -0.645360 1.503761 -0.614683
v -0.642152 1.596450 -0.665883
v -0.611255 1.682341 -0.719650
v -0.551166 1.608767 -0.739978
v 0.436263 1.568236 -0.689460
v 0.502401 1.527360 -0.614081
v 0.423684 1.502763 -0.665125
v 0.340929 1.503760 -0.715990
v 0.390614 1.596449 -0.728761
v 0.451296 1.682341 -0.715991
v 0.489197 1.608767 -0.665125
v 0.660598 1.739615 0.553302
v 0.641792 1.633846 0.539638
v 0.690563 1.706643 0.498057
v 0.720478 1.793714 0.467062
v 0.664819 1.805927 0.556369
v 0.597083 1.793714 0.636902
v 0.617317 1.706643 0.598872
v -0.366333 1.739615 0.886975
v -0.359149 1.633846 0.864867
v -0.304532 1.706643 0.898401
v -0.265811 1.793714 0.917275
v -0.367946 1.805927 0.891937
v -0.465468 1.793714 0.852402
v -0.423047 1.706643 0.859894
v -1.001014 1.739616 0.013415
v -0.977768 1.633848 0.013415
v -0.992784 1.706644 0.075721
v -0.998768 1.793715 0.118380
v -1.006232 1.805928 0.013415
v -0.998768 1.793715 -0.091550
v -0.992784 1.706644 -0.048891
v -0.366333 1.739615 -0.860144
v -0.359149 1.633846 -0.838036
v -0.423047 1.706643 -0.833063
v -0.465468 1.793714 -0.825571
v -0.367946 1.805927 -0.865107
v -0.265811 1.793714 -0.890444
v -0.304532 1.706643 -0.871571
v 0.660598 1.739615 -0.526471
v 0.641792 1.633846 -0.512807
v 0.617317 1.706643 -0.572041
v 0.597083 1.793714 -0.610071
v 0.664819 1.805927 -0.529539
v 0.720478 1.793714 -0.440231
v 0.690563 1.706643 -0.471226
v 0.287025 2.486760 0.623251
v 0.247395 2.422639 0.701001
v 0.327232 2.433303 0.646971
v 0.390263 2.454144 0.576051
v 0.307686 2.520191 0.569586
v 0.211683 2.564512 0.576050
v 0.221229 2.498816 0.646971
v -0.548299 2.486761 0.553300
v -0.634490 2.422639 0.539637
v -0.558434 2.433303 0.598870
v -0.471508 2.454145 0.636899
v -0.490876 2.520191 0.556367
v -0.526690 2.564512 0.467061
v -0.591190 2.498816 0.498055
v -0.739903 2.486760 -0.262749
v -0.753543 2.422639 -0.348943
v -0.786374 2.433303 -0.258306
v -0.795679 2.454144 -0.163883
v -0.725074 2.520191 -0.207190
v -0.651206 2.564512 -0.268848
v -0.700616 2.498816 -0.320612
v -0.023000 2.486761 -0.697152
v 0.054761 2.422640 -0.736760
v -0.041586 2.433304 -0.739976
v -0.134264 2.454145 -0.719648
v -0.071258 2.520191 -0.665881
v 0.010210 2.564512 -0.614681
v 0.044172 2.498816 -0.677669
v 0.611682 2.486758 -0.149573
v 0.673380 2.422637 -0.087858
v 0.646666 2.433301 -0.180482
v 0.598694 2.454143 -0.262342
v 0.567028 2.520189 -0.185806
v 0.543510 2.564510 -0.092505
v 0.613909 2.498814 -0.079668
v 0.141836 2.777138 -0.149572
v 0.241867 2.750935 -0.092504
v 0.191707 2.752149 -0.185805
v 0.118471 2.750935 -0.262341
v 0.078377 2.784522 -0.180482
v 0.056892 2.803646 -0.087857
v 0.151623 2.784521 -0.079668
v 0.370618 2.622014 -0.315791
v 0.389188 2.652060 -0.198783
v 0.429479 2.597229 -0.280561
v 0.444694 2.541050 -0.369610
v 0.355300 2.597230 -0.382658
v 0.265074 2.652061 -0.369610
v 0.322127 2.663576 -0.280561
v 0.287024 2.486760 -0.596420
v 0.390263 2.454144 -0.549220
v 0.327232 2.433303 -0.620141
v 0.247395 2.422639 -0.674170
v 0.221229 2.498816 -0.620140
v 0.211683 2.564512 -0.549220
v 0.307686 2.520191 -0.542755
v -0.168187 2.777138 -0.250304
v -0.083001 2.750936 -0.327803
v -0.187236 2.752150 -0.308930
v -0.282657 2.750936 -0.262930
v -0.217193 2.784522 -0.199502
v -0.135741 2.803647 -0.150447
v -0.098679 2.784522 -0.238010
v -0.255575 2.622015 -0.519251
v -0.138555 2.652062 -0.500755
v -0.203880 2.597231 -0.564344
v -0.283870 2.541052 -0.606333
v -0.323902 2.597231 -0.525346
v -0.339373 2.652062 -0.435504
v -0.237052 2.663577 -0.462247
v -0.548299 2.486761 -0.526469
v -0.471508 2.454145 -0.610069
v -0.558434 2.433303 -0.572039
v -0.634490 2.422639 -0.512806
v -0.591190 2.498816 -0.471225
v -0.526690 2.564512 -0.440230
v -0.490876 2.520191 -0.529536
v -0.359790 2.777138 0.013415
v -0.407172 2.750936 -0.091549
v -0.421433 2.752150 0.013415
v -0.407172 2.750936 0.118380
v -0.326619 2.784522 0.075721
v -0.254794 2.803647 0.013415
v -0.326619 2.784522 -0.048890
v -0.642579 2.622014 0.013415
v -0.588827 2.652061 -0.092161
v -0.669490 2.597230 -0.049683
v -0.734142 2.541051 0.013415
v -0.669490 2.597230 0.076514
v -0.588827 2.652061 0.118991
v -0.582641 2.663577 0.013415
v -0.739903 2.486760 0.289580
v -0.795680 2.454144 0.190714
v -0.786374 2.433303 0.285137
v -0.753543 2.422639 0.375774
v -0.700616 2.498816 0.347443
v -0.651206 2.564512 0.295679
v -0.725074 2.520191 0.234020
v -0.168187 2.777138 0.277134
v -0.282657 2.750936 0.289761
v -0.187236 2.752150 0.335760
v -0.083001 2.750936 0.354634
v -0.098679 2.784522 0.264841
v -0.135741 2.803647 0.177278
v -0.217193 2.784522 0.226333
v -0.255575 2.622015 0.546082
v -0.339373 2.652062 0.462335
v -0.323902 2.597231 0.552177
v -0.283870 2.541052 0.633163
v -0.203880 2.597231 0.591175
v -0.138555 2.652062 0.527586
v -0.237052 2.663577 0.489078
v -0.023000 2.486761 0.723983
v -0.134264 2.454145 0.746478
v -0.041586 2.433304 0.766807
v 0.054761 2.422640 0.763591
v 0.044172 2.498816 0.704500
v 0.010210 2.564512 0.641512
v -0.071258 2.520191 0.692711
v 0.141836 2.777138 0.176403
v 0.118471 2.750935 0.289172
v 0.191707 2.752149 0.212636
v 0.241867 2.750935 0.119335
v 0.151623 2.784521 0.106499
v 0.056892 2.803646 0.114688
v 0.078377 2.784522 0.207312
v 0.370618 2.622014 0.342622
v 0.265074 2.652061 0.396441
v 0.355300 2.597230 0.409488
v 0.444694 2.541050 0.396441
v 0.429479 2.597229 0.307392
v 0.389188 2.652060 0.225614
v 0.322127 2.663576 0.307391
v 0.611682 2.486758 0.176404
v 0.598694 2.454143 0.289173
v 0.646666 2.433301 0.207313
v 0.673380 2.422637 0.114688
v 0.613909 2.498814 0.106499
v 0.543510 2.564510 0.119335
v 0.567028 2.520189 0.212637
v 0.750330 2.209464 -0.250304
v 0.778086 2.095359 -0.262931
v 0.736498 2.181251 -0.308931
v 0.688796 2.273940 -0.327804
v 0.725849 2.274936 -0.238011
v 0.759529 2.250340 -0.150447
v 0.778851 2.168933 -0.199503
v 0.650662 2.061928 -0.519254
v 0.715014 2.000412 -0.435506
v 0.659052 1.989729 -0.525349
v 0.590900 2.000412 -0.606336
v 0.605375 2.097082 -0.564347
v 0.625203 2.180033 -0.500757
v 0.679554 2.097082 -0.462249
v 0.425673 2.209466 -0.697154
v 0.446260 2.095360 -0.719650
v 0.386171 2.168934 -0.739978
v 0.333545 2.250341 -0.736762
v 0.406415 2.274938 -0.677671
v 0.480365 2.273941 -0.614683
v 0.477157 2.181252 -0.665883
v -0.075957 2.209466 -0.860143
v -0.079388 2.095360 -0.890443
v -0.135988 2.181252 -0.865105
v -0.168679 2.273941 -0.825569
v -0.071830 2.274938 -0.833061
v 0.021856 2.250342 -0.838035
v -0.018828 2.168935 -0.871570
v -0.362541 2.061928 -0.848464
v -0.263007 2.000412 -0.883787
v -0.365745 1.989730 -0.858326
v -0.463827 2.000412 -0.818536
v -0.419421 2.097083 -0.819328
v -0.352817 2.180034 -0.818535
v -0.299398 2.097083 -0.858326
v -0.601258 2.209466 -0.689460
v -0.616291 2.095360 -0.715991
v -0.654192 2.168934 -0.665125
v -0.667396 2.250342 -0.614081
v -0.588680 2.274938 -0.665125
v -0.505924 2.273941 -0.715990
v -0.555609 2.181252 -0.728761
v -0.911281 2.209465 -0.262749
v -0.941159 2.095360 -0.268849
v -0.934551 2.181252 -0.207190
v -0.907052 2.273941 -0.163883
v -0.884249 2.274938 -0.258306
v -0.860029 2.250341 -0.348943
v -0.904495 2.168934 -0.320612
v -0.988733 2.061928 0.013415
v -0.991569 2.000412 -0.092161
v -0.999103 1.989730 0.013415
v -0.991569 2.000412 0.118992
v -0.978600 2.097082 0.076514
v -0.957264 2.180033 0.013415
v -0.978600 2.097082 -0.049684
v -0.911281 2.209465 0.289580
v -0.941159 2.095360 0.295679
v -0.904495 2.168934 0.347443
v -0.860029 2.250341 0.375774
v -0.884249 2.274938 0.285137
v -0.907052 2.273941 0.190714
v -0.934551 2.181252 0.234021
v -0.601258 2.209466 0.716291
v -0.616291 2.095360 0.742822
v -0.555609 2.181252 0.755592
v -0.505924 2.273941 0.742821
v -0.588679 2.274938 0.691955
v -0.667396 2.250342 0.640911
v -0.654192 2.168934 0.691956
v -0.362541 2.061928 0.875294
v -0.463827 2.000412 0.845367
v -0.365745 1.989730 0.885157
v -0.263007 2.000412 0.910618
v -0.299398 2.097083 0.885156
v -0.352817 2.180034 0.845366
v -0.419421 2.097083 0.846159
v -0.075957 2.209466 0.886974
v -0.079388 2.095360 0.917274
v -0.018828 2.168935 0.898401
v 0.021856 2.250342 0.864866
v -0.071830 2.274938 0.859892
v -0.168679 2.273941 0.852400
v -0.135988 2.181252 0.891936
v 0.425673 2.209466 0.723985
v 0.446260 2.095360 0.746481
v 0.477157 2.181252 0.692714
v 0.480365 2.273941 0.641514
v 0.406415 2.274938 0.704502
v 0.333545 2.250341 0.763593
v 0.386171 2.168934 0.766809
v 0.650662 2.061928 0.546085
v 0.590900 2.000412 0.633166
v 0.659052 1.989729 0.552180
v 0.715014 2.000412 0.462337
v 0.679554 2.097082 0.489080
v 0.625203 2.180033 0.527588
v 0.605375 2.097082 0.591178
v 0.750330 2.209464 0.277135
v 0.778086 2.095359 0.289762
v 0.778851 2.168933 0.226334
v 0.759529 2.250340 0.177278
v 0.725849 2.274936 0.264842
v 0.688796 2.273940 0.354635
v 0.736498 2.181251 0.335762
v 0.201338 2.038087 -0.860144
v 0.300473 1.983987 -0.825571
v 0.202951 1.971775 -0.865107
v 0.100816 1.983987 -0.890444
v 0.139537 2.071059 -0.871571
v 0.194154 2.143855 -0.838036
v 0.258052 2.071059 -0.833063
v 0.197546 1.715773 -0.848464
v 0.298832 1.777289 -0.818536
v 0.254426 1.680619 -0.819328
v 0.187822 1.597668 -0.818535
v 0.134403 1.680619 -0.858326
v 0.098011 1.777289 -0.883787
v 0.200750 1.787972 -0.858326
v -0.089038 1.568236 -0.860143
v 0.003684 1.503760 -0.825569
v -0.093165 1.502763 -0.833061
v -0.186851 1.527359 -0.838035
v -0.146167 1.608767 -0.871570
v -0.085607 1.682341 -0.890443
v -0.029007 1.596449 -0.865105
v -0.825593 2.038087 -0.526471
v -0.762078 1.983987 -0.610071
v -0.829814 1.971775 -0.529539
v -0.885473 1.983987 -0.440231
v -0.855558 2.071059 -0.471226
v -0.806787 2.143855 -0.512807
v -0.782312 2.071059 -0.572041
v -0.815657 1.715774 -0.519254
v -0.755895 1.777289 -0.606336
v -0.770370 1.680619 -0.564347
v -0.790199 1.597668 -0.500757
v -0.844549 1.680619 -0.462249
v -0.880009 1.777290 -0.435506
v -0.824047 1.787972 -0.525349
v -0.915325 1.568237 -0.250304
v -0.853791 1.503762 -0.327804
v -0.890844 1.502765 -0.238011
v -0.924525 1.527362 -0.150447
v -0.943846 1.608769 -0.199503
v -0.943081 1.682342 -0.262931
v -0.901493 1.596451 -0.308931
v -0.825593 2.038087 0.553302
v -0.885473 1.983987 0.467062
v -0.829814 1.971775 0.556369
v -0.762078 1.983987 0.636902
v -0.782312 2.071059 0.598872
v -0.806787 2.143855 0.539638
v -0.855558 2.071059 0.498057
v -0.815657 1.715774 0.546085
v -0.880009 1.777290 0.462337
v -0.844549 1.680619 0.489080
v -0.790199 1.597668 0.527588
v -0.770370 1.680619 0.591178
v -0.755895 1.777289 0.633166
v -0.824047 1.787972 0.552180
v -0.590668 1.568236 0.723985
v -0.645360 1.503761 0.641514
v -0.571410 1.502764 0.704502
v -0.498540 1.527360 0.763593
v -0.551166 1.608767 0.766809
v -0.611255 1.682341 0.746481
v -0.642152 1.596450 0.692714
v 0.201338 2.038087 0.886975
v 0.100816 1.983987 0.917275
v 0.202951 1.971775 0.891937
v 0.300473 1.983987 0.852402
v 0.258052 2.071059 0.859894
v 0.194154 2.143855 0.864867
v 0.139537 2.071059 0.898401
v 0.197546 1.715773 0.875294
v 0.098011 1.777289 0.910618
v 0.134403 1.680619 0.885156
v 0.187822 1.597668 0.845366
v 0.254426 1.680619 0.846159
v 0.298832 1.777289 0.845367
v 0.200750 1.787972 0.885157
v 0.436263 1.568236 0.716291
v 0.340929 1.503760 0.742821
v 0.423684 1.502763 0.691955
v 0.502401 1.527360 0.640911
v 0.489197 1.608767 0.691956
v 0.451296 1.682341 0.742822
v 0.390614 1.596449 0.755592
v 0.836019 2.038085 0.013415
v 0.833772 1.983986 0.118380
v 0.841237 1.971774 0.013415
v 0.833773 1.983986 -0.091550
v 0.827789 2.071057 -0.048891
v 0.812773 2.143853 0.013415
v 0.827788 2.071057 0.075721
v 0.823738 1.715774 0.013415
v 0.826574 1.777289 0.118992
v 0.813605 1.680619 0.076514
v 0.792269 1.597668 0.013415
v 0.813605 1.680619 -0.049684
v 0.826574 1.777289 -0.092161
v 0.834108 1.787972 0.013415
v 0.746286 1.568236 -0.262749
v 0.742057 1.503761 -0.163883
v 0.719254 1.502764 -0.258306
v 0.695034 1.527360 -0.348943
v 0.739500 1.608767 -0.320613
v 0.776164 1.682341 -0.268849
v 0.769556 1.596450 -0.207190
v 0.383304 1.290941 -0.526469
v 0.361695 1.213189 -0.440230
v 0.325881 1.257510 -0.529536
v 0.306513 1.323556 -0.610069
v 0.393439 1.344398 -0.572039
v 0.469495 1.355062 -0.512806
v 0.426195 1.278885 -0.471225
v 0.090580 1.155686 -0.519251
v 0.174378 1.125640 -0.435504
v 0.072057 1.114124 -0.462247
v -0.026440 1.125640 -0.500755
v 0.038885 1.180470 -0.564345
v 0.118874 1.236650 -0.606333
v 0.158907 1.180471 -0.525347
v -0.141995 1.290941 -0.697152
v -0.175205 1.213189 -0.614681
v -0.209167 1.278885 -0.677669
v -0.219756 1.355062 -0.736760
v -0.123409 1.344398 -0.739976
v -0.030731 1.323556 -0.719648
v -0.093737 1.257510 -0.665881
v -0.452020 1.290941 -0.596420
v -0.376678 1.213189 -0.549220
v -0.472681 1.257511 -0.542755
v -0.555258 1.323557 -0.549220
v -0.492227 1.344398 -0.620141
v -0.412390 1.355062 -0.674170
v -0.386224 1.278885 -0.620140
v -0.535613 1.155688 -0.315791
v -0.430069 1.125640 -0.369610
v -0.487122 1.114125 -0.280561
v -0.554183 1.125641 -0.198783
v -0.594474 1.180472 -0.280561
v -0.609689 1.236651 -0.369610
v -0.520295 1.180471 -0.382658
v -0.776677 1.290943 -0.149573
v -0.708505 1.213191 -0.092505
v -0.778904 1.278888 -0.079668
v -0.838376 1.355065 -0.087858
v -0.811661 1.344400 -0.180482
v -0.763689 1.323559 -0.262342
v -0.732023 1.257512 -0.185806
v -0.776677 1.290943 0.176404
v -0.708505 1.213191 0.119335
v -0.732023 1.257512 0.212637
v -0.763689 1.323559 0.289173
v -0.811661 1.344400 0.207313
v -0.838376 1.355065 0.114688
v -0.778904 1.278888 0.106499
v -0.535613 1.155688 0.342622
v -0.554183 1.125641 0.225614
v -0.487122 1.114125 0.307391
v -0.430069 1.125640 0.396441
v -0.520295 1.180471 0.409488
v -0.609689 1.236651 0.396441
v -0.594474 1.180472 0.307392
v -0.452020 1.290941 0.623251
v -0.376678 1.213189 0.576050
v -0.386224 1.278885 0.646971
v -0.412390 1.355062 0.701001
v -0.492227 1.344398 0.646971
v -0.555258 1.323557 0.576051
v -0.472681 1.257511 0.569586
v 0.574908 1.290941 -0.262749
v 0.630684 1.323557 -0.163883
v 0.560079 1.257511 -0.207190
v 0.486211 1.213189 -0.268848
v 0.535621 1.278885 -0.320612
v 0.588548 1.355062 -0.348943
v 0.621379 1.344398 -0.258306
v 0.477584 1.155687 0.013415
v 0.569147 1.236650 0.013415
v 0.504495 1.180471 0.076514
v 0.423832 1.125640 0.118991
v 0.417646 1.114125 0.013415
v 0.423832 1.125640 -0.092161
v 0.504495 1.180471 -0.049683
v 0.194795 1.000563 0.013415
v 0.242177 1.026766 0.118380
v 0.161624 0.993179 0.075721
v 0.089799 0.974055 0.013415
v 0.161624 0.993179 -0.048890
v 0.242177 1.026766 -0.091549
v 0.256438 1.025551 0.013415
v -0.141995 1.290941 0.723983
v -0.175205 1.213189 0.641512
v -0.093737 1.257510 0.692711
v -0.030731 1.323556 0.746478
v -0.123409 1.344398 0.766807
v -0.219756 1.355062 0.763591
v -0.209167 1.278885 0.704500
v 0.090580 1.155686 0.546082
v -0.026440 1.125640 0.527586
v 0.072057 1.114124 0.489078
v 0.174378 1.125640 0.462335
v 0.158907 1.180470 0.552177
v 0.118874 1.236650 0.633163
v 0.038885 1.180470 0.591175
v 0.383304 1.290941 0.553300
v 0.361695 1.213189 0.467061
v 0.426195 1.278885 0.498055
v 0.469495 1.355062 0.539637
v 0.393439 1.344398 0.598870
v 0.306513 1.323556 0.636899
v 0.325881 1.257510 0.556367
vn 0.0756 -0.9696 0.2328
vn 0.1771 -0.9295 0.3235
vn 0.0469 -0.9295 0.3658
vn 0.0277 -0.9960 0.0853
vn 0.1395 -0.9782 0.1535
vn -0.0226 -0.9782 0.2062
vn 0.3289 -0.8848 0.3301
vn 0.2047 -0.8905 0.4064
vn 0.2473 -0.9389 0.2394
vn -0.0721 -0.8848 0.4604
vn -0.0593 -0.9389 0.3390
vn 0.0733 -0.8905 0.4491
vn 0.7145 -0.6107 0.3413
vn 0.6446 -0.7139 0.2735
vn 0.7389 -0.6419 0.2051
vn 0.7254 -0.5103 0.4619
vn 0.6592 -0.6191 0.4268
vn 0.7765 -0.5295 0.3415
vn 0.5171 -0.8072 0.2846
vn 0.6206 -0.7600 0.1932
vn 0.5845 -0.7247 0.3649
vn 0.8072 -0.5856 0.0738
vn 0.8064 -0.5552 0.2037
vn 0.7156 -0.6874 0.1241
vn -0.1980 -0.9696 0.1439
vn -0.2529 -0.9295 0.2684
vn -0.3334 -0.9295 0.1576
vn -0.0725 -0.9960 0.0527
vn -0.1029 -0.9782 0.1801
vn -0.2031 -0.9782 0.0422
vn -0.2123 -0.8848 0.4148
vn -0.3233 -0.8905 0.3202
vn -0.1513 -0.9389 0.3092
vn -0.4601 -0.8848 0.0737
vn -0.3408 -0.9389 0.0483
vn -0.4045 -0.8905 0.2085
vn -0.1980 -0.9696 -0.1439
vn -0.3334 -0.9295 -0.1576
vn -0.2529 -0.9295 -0.2684
vn -0.0725 -0.9960 -0.0527
vn -0.2031 -0.9782 -0.0422
vn -0.1029 -0.9782 -0.1801
vn -0.4601 -0.8848 -0.0737
vn -0.4045 -0.8905 -0.2085
vn -0.3408 -0.9389 -0.0483
vn -0.2123 -0.8848 -0.4148
vn -0.1513 -0.9389 -0.3092
vn -0.3233 -0.8905 -0.3202
vn 0.0756 -0.9696 -0.2328
vn 0.0469 -0.9295 -0.3658
vn 0.1771 -0.9295 -0.3235
vn 0.0277 -0.9960 -0.0853
vn -0.0226 -0.9782 -0.2062
vn 0.1395 -0.9782 -0.1535
vn -0.0721 -0.8848 -0.4604
vn 0.0733 -0.8905 -0.4491
vn -0.0593 -0.9389 -0.3390
vn 0.3289 -0.8848 -0.3301
vn 0.2473 -0.9389 -0.2394
vn 0.2047 -0.8905 -0.4064
vn 0.8658 -0.3659 0.3413
vn 0.9046 -0.3738 0.2051
vn 0.9268 -0.2573 0.2735
vn 0.7808 -0.4206 0.4619
vn 0.8209 -0.4577 0.3415
vn 0.8486 -0.3127 0.4268
vn 0.8848 -0.4601 0.0738
vn 0.9348 -0.3327 0.1241
vn 0.8572 -0.4730 0.2037
vn 0.9533 -0.1015 0.2846
vn 0.9096 -0.1987 0.3649
vn 0.9573 -0.2152 0.1932
vn -0.0570 -0.3660 0.9289
vn 0.0845 -0.3738 0.9237
vn 0.0262 -0.2573 0.9660
vn -0.1980 -0.4206 0.8854
vn -0.0711 -0.4577 0.8862
vn -0.1437 -0.3127 0.9389
vn 0.2033 -0.4601 0.8643
vn 0.1709 -0.3327 0.9274
vn 0.0711 -0.4730 0.8782
vn 0.0239 -0.1015 0.9945
vn -0.0660 -0.1987 0.9778
vn 0.1121 -0.2152 0.9701
vn -0.9010 -0.3659 0.2328
vn -0.8523 -0.3738 0.3658
vn -0.9106 -0.2573 0.3235
vn -0.9032 -0.4206 0.0853
vn -0.8648 -0.4577 0.2062
vn -0.9374 -0.3127 0.1535
vn -0.7592 -0.4601 0.4604
vn -0.8292 -0.3327 0.4491
vn -0.8132 -0.4730 0.3390
vn -0.9385 -0.1015 0.3301
vn -0.9504 -0.1987 0.2394
vn -0.8880 -0.2152 0.4064
vn -0.4999 -0.3660 -0.7850
vn -0.6113 -0.3738 -0.6976
vn -0.5890 -0.2573 -0.7661
vn -0.3602 -0.4206 -0.8327
vn -0.4634 -0.4577 -0.7588
vn -0.4357 -0.3127 -0.8441
vn -0.6724 -0.4601 -0.5797
vn -0.6834 -0.3327 -0.6499
vn -0.5738 -0.4730 -0.6687
vn -0.6039 -0.1015 -0.7905
vn -0.5214 -0.1987 -0.8299
vn -0.6609 -0.2152 -0.7190
vn 0.5921 -0.3660 -0.7180
vn 0.4746 -0.3738 -0.7969
vn 0.5466 -0.2573 -0.7969
vn 0.6806 -0.4206 -0.5999
vn 0.5785 -0.4577 -0.6752
vn 0.6681 -0.3127 -0.6752
vn 0.3436 -0.4601 -0.8187
vn 0.4069 -0.3327 -0.8507
vn 0.4586 -0.4730 -0.7523
vn 0.5652 -0.1015 -0.8187
vn 0.6281 -0.1987 -0.7523
vn 0.4795 -0.2152 -0.8507
vn 0.7902 -0.2147 0.5741
vn 0.8440 -0.0916 0.5285
vn 0.7635 -0.0916 0.6393
vn 0.7531 -0.3652 0.5472
vn 0.8264 -0.2683 0.4950
vn 0.7262 -0.2683 0.6330
vn 0.9145 -0.0240 0.4039
vn 0.8477 0.0040 0.5305
vn 0.8842 -0.1479 0.4431
vn 0.6667 -0.0240 0.7449
vn 0.6947 -0.1479 0.7040
vn 0.7665 0.0040 0.6423
vn -0.3018 -0.2147 0.9289
vn -0.2419 -0.0916 0.9660
vn -0.3721 -0.0916 0.9237
vn -0.2877 -0.3652 0.8854
vn -0.2154 -0.2683 0.9389
vn -0.3776 -0.2683 0.8862
vn -0.1015 -0.0240 0.9945
vn -0.2426 0.0040 0.9701
vn -0.1482 -0.1479 0.9778
vn -0.5025 -0.0240 0.8643
vn -0.4548 -0.1479 0.8782
vn -0.3740 0.0040 0.9274
vn -0.9767 -0.2147 -0.0000
vn -0.9934 -0.0916 0.0685
vn -0.9934 -0.0916 -0.0685
vn -0.9309 -0.3652 -0.0000
vn -0.9595 -0.2683 0.0853
vn -0.9595 -0.2683 -0.0853
vn -0.9772 -0.0240 0.2108
vn -0.9976 0.0040 0.0691
vn -0.9758 -0.1479 0.1612
vn -0.9772 -0.0240 -0.2108
vn -0.9758 -0.1479 -0.1612
vn -0.9976 0.0040 -0.0691
vn -0.3018 -0.2147 -0.9289
vn -0.3721 -0.0916 -0.9237
vn -0.2419 -0.0916 -0.9660
vn -0.2877 -0.3652 -0.8854
vn -0.3776 -0.2683 -0.8862
vn -0.2154 -0.2683 -0.9389
vn -0.5025 -0.0240 -0.8643
vn -0.3740 0.0040 -0.9274
vn -0.4548 -0.1479 -0.8782
vn -0.1015 -0.0240 -0.9945
vn -0.1482 -0.1479 -0.9778
vn -0.2426 0.0040 -0.9701
vn 0.7902 -0.2147 -0.5741
vn 0.7635 -0.0916 -0.6393
vn 0.8440 -0.0916 -0.5285
vn 0.7531 -0.3652 -0.5472
vn 0.7262 -0.2683 -0.6330
vn 0.8264 -0.2683 -0.4950
vn 0.6667 -0.0240 -0.7449
vn 0.7665 0.0040 -0.6423
vn 0.6947 -0.1479 -0.7040
vn 0.9145 -0.0240 -0.4039
vn 0.8842 -0.1479 -0.4431
vn 0.8477 0.0040 -0.5305
vn 0.3775 0.6107 0.6961
vn 0.4772 0.6419 0.6002
vn 0.3607 0.7139 0.6002
vn 0.3154 0.5103 0.8001
vn 0.4275 0.5295 0.7327
vn 0.2824 0.6191 0.7327
vn 0.6097 0.5856 0.5342
vn 0.5060 0.6874 0.5210
vn 0.5326 0.5552 0.6388
vn 0.2511 0.8072 0.5342
vn 0.2584 0.7247 0.6388
vn 0.3885 0.7600 0.5210
vn -0.5454 0.6107 0.5741
vn -0.4234 0.6419 0.6393
vn -0.4594 0.7139 0.5285
vn -0.6635 0.5103 0.5472
vn -0.5648 0.5295 0.6330
vn -0.6096 0.6191 0.4950
vn -0.3196 0.5856 0.7449
vn -0.3392 0.6874 0.6423
vn -0.4429 0.5552 0.7040
vn -0.4304 0.8072 0.4039
vn -0.5277 0.7247 0.4431
vn -0.3755 0.7600 0.5305
vn -0.7145 0.6107 -0.3413
vn -0.7389 0.6419 -0.2051
vn -0.6446 0.7139 -0.2735
vn -0.7254 0.5103 -0.4619
vn -0.7765 0.5295 -0.3415
vn -0.6592 0.6191 -0.4268
vn -0.8072 0.5856 -0.0738
vn -0.7156 0.6874 -0.1241
vn -0.8064 0.5552 -0.2037
vn -0.5171 0.8072 -0.2846
vn -0.5845 0.7247 -0.3649
vn -0.6206 0.7600 -0.1932
vn 0.1038 0.6107 -0.7850
vn -0.0333 0.6419 -0.7661
vn 0.0610 0.7139 -0.6976
vn 0.2151 0.5103 -0.8327
vn 0.0849 0.5295 -0.8440
vn 0.2022 0.6192 -0.7588
vn -0.1793 0.5856 -0.7905
vn -0.1031 0.6874 -0.7189
vn -0.0554 0.5552 -0.8299
vn 0.1108 0.8072 -0.5797
vn 0.1664 0.7247 -0.6687
vn -0.0081 0.7600 -0.6499
vn 0.7786 0.6107 -0.1439
vn 0.7183 0.6419 -0.2684
vn 0.6823 0.7139 -0.1576
vn 0.8584 0.5103 -0.0527
vn 0.8290 0.5295 -0.1801
vn 0.7841 0.6191 -0.0422
vn 0.6964 0.5856 -0.4148
vn 0.6519 0.6874 -0.3202
vn 0.7721 0.5552 -0.3092
vn 0.5856 0.8072 -0.0737
vn 0.6874 0.7247 -0.0483
vn 0.6156 0.7600 -0.2085
vn 0.3334 0.9295 -0.1576
vn 0.2529 0.9295 -0.2684
vn 0.1980 0.9696 -0.1439
vn 0.4601 0.8848 -0.0737
vn 0.4045 0.8905 -0.2085
vn 0.3408 0.9389 -0.0483
vn 0.2123 0.8848 -0.4148
vn 0.1513 0.9389 -0.3092
vn 0.3233 0.8905 -0.3202
vn 0.0725 0.9960 -0.0527
vn 0.2031 0.9782 -0.0422
vn 0.1029 0.9782 -0.1801
vn 0.5033 0.8144 -0.2890
vn 0.5359 0.7491 -0.3894
vn 0.4304 0.8144 -0.3894
vn 0.5213 0.8435 -0.1293
vn 0.5693 0.7852 -0.2436
vn 0.4477 0.8604 -0.2436
vn 0.6274 0.6313 -0.4559
vn 0.5200 0.7157 -0.4662
vn 0.6041 0.7157 -0.3505
vn 0.2840 0.8435 -0.4559
vn 0.3700 0.8604 -0.3505
vn 0.4076 0.7852 -0.4662
vn 0.4772 0.6419 -0.6002
vn 0.3775 0.6107 -0.6961
vn 0.3607 0.7139 -0.6002
vn 0.6097 0.5856 -0.5342
vn 0.5326 0.5552 -0.6388
vn 0.5060 0.6874 -0.5210
vn 0.3154 0.5103 -0.8001
vn 0.2824 0.6191 -0.7327
vn 0.4275 0.5295 -0.7327
vn 0.2511 0.8072 -0.5342
vn 0.3885 0.7600 -0.5210
vn 0.2584 0.7247 -0.6388
vn -0.0469 0.9295 -0.3658
vn -0.1771 0.9295 -0.3235
vn -0.0756 0.9696 -0.2328
vn 0.0721 0.8848 -0.4604
vn -0.0733 0.8905 -0.4491
vn 0.0593 0.9389 -0.3390
vn -0.3289 0.8848 -0.3301
vn -0.2473 0.9389 -0.2394
vn -0.2047 0.8905 -0.4064
vn -0.0277 0.9960 -0.0853
vn 0.0226 0.9782 -0.2062
vn -0.1395 0.9782 -0.1535
vn -0.1193 0.8144 -0.5680
vn -0.2047 0.7491 -0.6300
vn -0.2373 0.8144 -0.5296
vn 0.0382 0.8435 -0.5357
vn -0.0557 0.7852 -0.6167
vn -0.0933 0.8604 -0.5010
vn -0.2397 0.6313 -0.7376
vn -0.2827 0.7157 -0.6386
vn -0.1467 0.7157 -0.6828
vn -0.3458 0.8435 -0.4110
vn -0.2190 0.8604 -0.4602
vn -0.3174 0.7852 -0.5317
vn -0.4234 0.6419 -0.6393
vn -0.5454 0.6107 -0.5741
vn -0.4594 0.7139 -0.5285
vn -0.3196 0.5856 -0.7449
vn -0.4429 0.5552 -0.7040
vn -0.3392 0.6874 -0.6423
vn -0.6635 0.5103 -0.5472
vn -0.6096 0.6191 -0.4950
vn -0.5648 0.5295 -0.6330
vn -0.4304 0.8072 -0.4039
vn -0.3755 0.7600 -0.5305
vn -0.5277 0.7247 -0.4431
vn -0.3624 0.9295 -0.0685
vn -0.3624 0.9295 0.0685
vn -0.2448 0.9696 -0.0000
vn -0.4156 0.8848 -0.2108
vn -0.4498 0.8905 -0.0691
vn -0.3041 0.9389 -0.1612
vn -0.4156 0.8848 0.2108
vn -0.3041 0.9389 0.1612
vn -0.4498 0.8905 0.0691
vn -0.0897 0.9960 -0.0000
vn -0.1891 0.9782 -0.0853
vn -0.1891 0.9782 0.0853
vn -0.5770 0.8144 -0.0620
vn -0.6624 0.7491 -0.0000
vn -0.5770 0.8144 0.0620
vn -0.4977 0.8435 -0.2018
vn -0.6038 0.7852 -0.1376
vn -0.5053 0.8604 -0.0661
vn -0.7756 0.6313 -0.0000
vn -0.6947 0.7157 0.0715
vn -0.6947 0.7157 -0.0715
vn -0.4977 0.8435 0.2019
vn -0.5053 0.8604 0.0661
vn -0.6038 0.7852 0.1376
vn -0.7389 0.6419 0.2051
vn -0.7145 0.6107 0.3413
vn -0.6446 0.7139 0.2735
vn -0.8072 0.5856 0.0738
vn -0.8064 0.5552 0.2037
vn -0.7156 0.6874 0.1241
vn -0.7254 0.5103 0.4619
vn -0.6592 0.6191 0.4268
vn -0.7765 0.5295 0.3415
vn -0.5171 0.8072 0.2846
vn -0.6206 0.7600 0.1932
vn -0.5845 0.7247 0.3649
vn -0.1771 0.9295 0.3235
vn -0.0469 0.9295 0.3658
vn -0.0756 0.9696 0.2328
vn -0.3289 0.8848 0.3301
vn -0.2047 0.8905 0.4064
vn -0.2473 0.9389 0.2394
vn 0.0721 0.8848 0.4604
vn 0.0593 0.9389 0.3390
vn -0.0733 0.8905 0.4491
vn -0.0277 0.9960 0.0853
vn -0.1395 0.9782 0.1535
vn 0.0226 0.9782 0.2062
vn -0.2373 0.8144 0.5296
vn -0.2047 0.7491 0.6300
vn -0.1193 0.8144 0.5680
vn -0.3458 0.8435 0.4110
vn -0.3174 0.7852 0.5317
vn -0.2190 0.8604 0.4602
vn -0.2397 0.6313 0.7376
vn -0.1467 0.7157 0.6828
vn -0.2827 0.7157 0.6386
vn 0.0382 0.8435 0.5357
vn -0.0933 0.8604 0.5010
vn -0.0557 0.7852 0.6167
vn -0.0333 0.6419 0.7661
vn 0.1038 0.6107 0.7850
vn 0.0610 0.7139 0.6976
vn -0.1793 0.5856 0.7905
vn -0.0554 0.5552 0.8299
vn -0.1031 0.6874 0.7189
vn 0.2151 0.5103 0.8327
vn 0.2022 0.6191 0.7588
vn 0.0849 0.5295 0.8440
vn 0.1108 0.8072 0.5797
vn -0.0081 0.7600 0.6499
vn 0.1664 0.7247 0.6687
vn 0.2529 0.9295 0.2684
vn 0.3334 0.9295 0.1576
vn 0.1980 0.9696 0.1439
vn 0.2123 0.8848 0.4148
vn 0.3233 0.8905 0.3202
vn 0.1513 0.9389 0.3092
vn 0.4601 0.8848 0.0737
vn 0.3408 0.9389 0.0483
vn 0.4045 0.8905 0.2085
vn 0.0725 0.9960 0.0527
vn 0.1029 0.9782 0.1801
vn 0.2031 0.9782 0.0422
vn 0.4304 0.8144 0.3894
vn 0.5359 0.7491 0.3894
vn 0.5033 0.8144 0.2890
vn 0.2840 0.8435 0.4559
vn 0.4076 0.7852 0.4662
vn 0.3700 0.8604 0.3505
vn 0.6274 0.6313 0.4559
vn 0.6041 0.7157 0.3505
vn 0.5200 0.7157 0.4662
vn 0.5213 0.8435 0.1293
vn 0.4477 0.8604 0.2436
vn 0.5693 0.7852 0.2436
vn 0.7183 0.6419 0.2684
vn 0.7786 0.6107 0.1439
vn 0.6823 0.7139 0.1576
vn 0.6964 0.5856 0.4148
vn 0.7721 0.5552 0.3092
vn 0.6519 0.6874 0.3202
vn 0.8584 0.5103 0.0527
vn 0.7841 0.6191 0.0422
vn 0.8290 0.5295 0.1801
vn 0.5856 0.8072 0.0737
vn 0.6156 0.7600 0.2085
vn 0.6874 0.7247 0.0483
vn 0.9106 0.2573 -0.3235
vn 0.8523 0.3738 -0.3658
vn 0.9010 0.3659 -0.2328
vn 0.9385 0.1015 -0.3301
vn 0.8880 0.2152 -0.4064
vn 0.9504 0.1987 -0.2394
vn 0.7592 0.4601 -0.4604
vn 0.8132 0.4730 -0.3390
vn 0.8292 0.3327 -0.4491
vn 0.9032 0.4206 -0.0853
vn 0.9374 0.3127 -0.1535
vn 0.8648 0.4577 -0.2062
vn 0.8345 0.1519 -0.5296
vn 0.7616 0.1519 -0.6300
vn 0.7817 0.2575 -0.5680
vn 0.9091 0.0680 -0.4110
vn 0.8443 0.0672 -0.5317
vn 0.8675 0.1889 -0.4602
vn 0.6718 0.0680 -0.7376
vn 0.7057 0.1889 -0.6828
vn 0.7666 0.0672 -0.6386
vn 0.7374 0.4114 -0.5357
vn 0.8113 0.3013 -0.5010
vn 0.7272 0.3013 -0.6167
vn 0.5890 0.2573 -0.7661
vn 0.4999 0.3660 -0.7850
vn 0.6113 0.3738 -0.6976
vn 0.6039 0.1015 -0.7905
vn 0.5214 0.1987 -0.8299
vn 0.6609 0.2152 -0.7190
vn 0.3602 0.4206 -0.8327
vn 0.4634 0.4577 -0.7588
vn 0.4357 0.3127 -0.8441
vn 0.6724 0.4601 -0.5797
vn 0.6834 0.3327 -0.6499
vn 0.5738 0.4730 -0.6687
vn -0.0262 0.2573 -0.9660
vn -0.0845 0.3738 -0.9237
vn 0.0570 0.3660 -0.9289
vn -0.0239 0.1015 -0.9945
vn -0.1121 0.2152 -0.9701
vn 0.0660 0.1987 -0.9778
vn -0.2033 0.4601 -0.8643
vn -0.0711 0.4730 -0.8782
vn -0.1709 0.3327 -0.9274
vn 0.1980 0.4206 -0.8854
vn 0.1437 0.3127 -0.9389
vn 0.0711 0.4577 -0.8862
vn -0.2458 0.1519 -0.9573
vn -0.3638 0.1519 -0.9190
vn -0.2986 0.2575 -0.9190
vn -0.1100 0.0680 -0.9916
vn -0.2448 0.0672 -0.9672
vn -0.1696 0.1889 -0.9672
vn -0.4939 0.0680 -0.8669
vn -0.4313 0.1889 -0.8822
vn -0.3705 0.0672 -0.9264
vn -0.2817 0.4114 -0.8669
vn -0.2258 0.3013 -0.9264
vn -0.3618 0.3013 -0.8822
vn -0.5466 0.2573 -0.7969
vn -0.5921 0.3659 -0.7180
vn -0.4746 0.3738 -0.7969
vn -0.5652 0.1015 -0.8187
vn -0.6281 0.1987 -0.7523
vn -0.4795 0.2152 -0.8507
vn -0.6806 0.4206 -0.5999
vn -0.5785 0.4577 -0.6752
vn -0.6681 0.3127 -0.6752
vn -0.3436 0.4601 -0.8187
vn -0.4069 0.3327 -0.8507
vn -0.4586 0.4730 -0.7523
vn -0.9268 0.2573 -0.2735
vn -0.9046 0.3738 -0.2051
vn -0.8658 0.3659 -0.3413
vn -0.9533 0.1015 -0.2846
vn -0.9573 0.2152 -0.1932
vn -0.9096 0.1987 -0.3649
vn -0.8848 0.4601 -0.0738
vn -0.8572 0.4730 -0.2037
vn -0.9348 0.3327 -0.1241
vn -0.7808 0.4206 -0.4619
vn -0.8486 0.3127 -0.4268
vn -0.8209 0.4577 -0.3415
vn -0.9864 0.1519 -0.0620
vn -0.9864 0.1519 0.0620
vn -0.9663 0.2575 -0.0000
vn -0.9771 0.0680 -0.2019
vn -0.9955 0.0672 -0.0661
vn -0.9723 0.1889 -0.1376
vn -0.9771 0.0680 0.2019
vn -0.9723 0.1889 0.1376
vn -0.9955 0.0672 0.0661
vn -0.9115 0.4114 -0.0000
vn -0.9508 0.3013 -0.0715
vn -0.9508 0.3013 0.0715
vn -0.9268 0.2573 0.2735
vn -0.8658 0.3659 0.3413
vn -0.9046 0.3738 0.2051
vn -0.9533 0.1015 0.2846
vn -0.9096 0.1987 0.3649
vn -0.9573 0.2152 0.1932
vn -0.7808 0.4206 0.4619
vn -0.8209 0.4577 0.3415
vn -0.8486 0.3127 0.4268
vn -0.8848 0.4601 0.0738
vn -0.9348 0.3327 0.1241
vn -0.8572 0.4730 0.2037
vn -0.5466 0.2573 0.7969
vn -0.4746 0.3738 0.7969
vn -0.5921 0.3660 0.7180
vn -0.5652 0.1015 0.8187
vn -0.4795 0.2152 0.8507
vn -0.6281 0.1987 0.7523
vn -0.3436 0.4601 0.8187
vn -0.4586 0.4730 0.7523
vn -0.4069 0.3327 0.8507
vn -0.6806 0.4206 0.5999
vn -0.6681 0.3127 0.6752
vn -0.5785 0.4577 0.6752
vn -0.3638 0.1519 0.9190
vn -0.2458 0.1519 0.9573
vn -0.2986 0.2575 0.9190
vn -0.4939 0.0680 0.8669
vn -0.3705 0.0672 0.9264
vn -0.4313 0.1889 0.8822
vn -0.1100 0.0680 0.9916
vn -0.1696 0.1889 0.9672
vn -0.2448 0.0672 0.9672
vn -0.2817 0.4114 0.8669
vn -0.3618 0.3013 0.8822
vn -0.2258 0.3013 0.9264
vn -0.0263 0.2573 0.9660
vn 0.0570 0.3659 0.9289
vn -0.0845 0.3738 0.9237
vn -0.0239 0.1015 0.9945
vn 0.0660 0.1987 0.9778
vn -0.1121 0.2152 0.9701
vn 0.1980 0.4206 0.8854
vn 0.0711 0.4577 0.8862
vn 0.1437 0.3127 0.9389
vn -0.2033 0.4601 0.8643
vn -0.1709 0.3327 0.9274
vn -0.0711 0.4730 0.8782
vn 0.5890 0.2573 0.7661
vn 0.6113 0.3738 0.6976
vn 0.4999 0.3660 0.7850
vn 0.6039 0.1015 0.7905
vn 0.6609 0.2152 0.7190
vn 0.5214 0.1987 0.8299
vn 0.6724 0.4601 0.5797
vn 0.5738 0.4730 0.6687
vn 0.6834 0.3327 0.6499
vn 0.3602 0.4206 0.8327
vn 0.4357 0.3127 0.8441
vn 0.4634 0.4577 0.7588
vn 0.7616 0.1519 0.6300
vn 0.8345 0.1519 0.5296
vn 0.7817 0.2575 0.5680
vn 0.6718 0.0680 0.7376
vn 0.7666 0.0672 0.6386
vn 0.7057 0.1889 0.6828
vn 0.9091 0.0680 0.4110
vn 0.8675 0.1889 0.4602
vn 0.8443 0.0672 0.5317
vn 0.7374 0.4114 0.5357
vn 0.7272 0.3013 0.6167
vn 0.8113 0.3013 0.5010
vn 0.9106 0.2573 0.3235
vn 0.9010 0.3659 0.2328
vn 0.8523 0.3738 0.3658
vn 0.9385 0.1015 0.3301
vn 0.9504 0.1987 0.2394
vn 0.8880 0.2152 0.4064
vn 0.9032 0.4206 0.0853
vn 0.8648 0.4577 0.2062
vn 0.9374 0.3127 0.1535
vn 0.7592 0.4601 0.4604
vn 0.8292 0.3327 0.4491
vn 0.8132 0.4730 0.3390
vn 0.3721 0.0916 -0.9237
vn 0.2419 0.0916 -0.9660
vn 0.3018 0.2147 -0.9289
vn 0.5025 0.0240 -0.8643
vn 0.3740 -0.0040 -0.9274
vn 0.4548 0.1479 -0.8782
vn 0.1015 0.0240 -0.9945
vn 0.1482 0.1479 -0.9778
vn 0.2426 -0.0040 -0.9701
vn 0.2877 0.3652 -0.8854
vn 0.3776 0.2683 -0.8862
vn 0.2154 0.2683 -0.9389
vn 0.3638 -0.1519 -0.9190
vn 0.2986 -0.2575 -0.9190
vn 0.2458 -0.1519 -0.9573
vn 0.4939 -0.0680 -0.8669
vn 0.4313 -0.1889 -0.8822
vn 0.3705 -0.0672 -0.9264
vn 0.2817 -0.4114 -0.8669
vn 0.2258 -0.3013 -0.9264
vn 0.3618 -0.3013 -0.8822
vn 0.1100 -0.0680 -0.9916
vn 0.2448 -0.0672 -0.9672
vn 0.1696 -0.1889 -0.9672
vn 0.0845 -0.3738 -0.9237
vn -0.0570 -0.3660 -0.9289
vn 0.0263 -0.2573 -0.9660
vn 0.2033 -0.4601 -0.8643
vn 0.0711 -0.4730 -0.8782
vn 0.1709 -0.3327 -0.9274
vn -0.1980 -0.4206 -0.8854
vn -0.1437 -0.3127 -0.9389
vn -0.0711 -0.4577 -0.8862
vn 0.0239 -0.1015 -0.9945
vn 0.1121 -0.2152 -0.9701
vn -0.0660 -0.1987 -0.9778
vn -0.7635 0.0916 -0.6393
vn -0.8440 0.0916 -0.5285
vn -0.7902 0.2147 -0.5741
vn -0.6667 0.0240 -0.7449
vn -0.7665 -0.0040 -0.6423
vn -0.6947 0.1479 -0.7040
vn -0.9145 0.0240 -0.4039
vn -0.8842 0.1479 -0.4431
vn -0.8477 -0.0040 -0.5305
vn -0.7531 0.3652 -0.5472
vn -0.7262 0.2683 -0.6330
vn -0.8264 0.2683 -0.4950
vn -0.7616 -0.1519 -0.6300
vn -0.7817 -0.2575 -0.5680
vn -0.8345 -0.1519 -0.5296
vn -0.6718 -0.0680 -0.7376
vn -0.7057 -0.1889 -0.6828
vn -0.7666 -0.0672 -0.6386
vn -0.7374 -0.4114 -0.5357
vn -0.8113 -0.3013 -0.5010
vn -0.7272 -0.3013 -0.6167
vn -0.9091 -0.0680 -0.4110
vn -0.8443 -0.0672 -0.5317
vn -0.8675 -0.1889 -0.4602
vn -0.8523 -0.3738 -0.3658
vn -0.9010 -0.3659 -0.2328
vn -0.9106 -0.2573 -0.3235
vn -0.7592 -0.4601 -0.4604
vn -0.8132 -0.4730 -0.3390
vn -0.8292 -0.3327 -0.4491
vn -0.9032 -0.4206 -0.0853
vn -0.9374 -0.3127 -0.1535
vn -0.8648 -0.4577 -0.2062
vn -0.9385 -0.1015 -0.3301
vn -0.8880 -0.2152 -0.4064
vn -0.9504 -0.1987 -0.2394
vn -0.8440 0.0916 0.5285
vn -0.7635 0.0916 0.6393
vn -0.7902 0.2147 0.5741
vn -0.9145 0.0240 0.4039
vn -0.8477 -0.0040 0.5305
vn -0.8842 0.1479 0.4431
vn -0.6667 0.0240 0.7449
vn -0.6947 0.1479 0.7040
vn -0.7665 -0.0040 0.6423
vn -0.7531 0.3652 0.5472
vn -0.8264 0.2683 0.4950
vn -0.7262 0.2683 0.6330
vn -0.8345 -0.1519 0.5296
vn -0.7817 -0.2575 0.5680
vn -0.7616 -0.1519 0.6300
vn -0.9091 -0.0680 0.4110
vn -0.8675 -0.1889 0.4602
vn -0.8443 -0.0672 0.5317
vn -0.7374 -0.4114 0.5357
vn -0.7272 -0.3013 0.6167
vn -0.8113 -0.3013 0.5010
vn -0.6718 -0.0680 0.7376
vn -0.7666 -0.0672 0.6386
vn -0.7057 -0.1889 0.6828
vn -0.6113 -0.3738 0.6976
vn -0.4999 -0.3660 0.7850
vn -0.5890 -0.2573 0.7661
vn -0.6724 -0.4601 0.5797
vn -0.5738 -0.4730 0.6687
vn -0.6834 -0.3327 0.6499
vn -0.3602 -0.4206 0.8327
vn -0.4357 -0.3127 0.8441
vn -0.4634 -0.4577 0.7588
vn -0.6039 -0.1015 0.7905
vn -0.6609 -0.2152 0.7190
vn -0.5214 -0.1987 0.8299
vn 0.2419 0.0916 0.9660
vn 0.3721 0.0916 0.9237
vn 0.3018 0.2147 0.9289
vn 0.1015 0.0240 0.9945
vn 0.2426 -0.0040 0.9701
vn 0.1482 0.1479 0.9778
vn 0.5025 0.0240 0.8643
vn 0.4548 0.1479 0.8782
vn 0.3740 -0.0040 0.9274
vn 0.2877 0.3652 0.8854
vn 0.2154 0.2683 0.9389
vn 0.3776 0.2683 0.8862
vn 0.2458 -0.1519 0.9573
vn 0.2986 -0.2575 0.9190
vn 0.3638 -0.1519 0.9190
vn 0.1100 -0.0680 0.9916
vn 0.1696 -0.1889 0.9672
vn 0.2448 -0.0672 0.9672
vn 0.2817 -0.4114 0.8669
vn 0.3618 -0.3013 0.8822
vn 0.2258 -0.3013 0.9264
vn 0.4939 -0.0680 0.8669
vn 0.3705 -0.0672 0.9264
vn 0.4313 -0.1889 0.8822
vn 0.4746 -0.3738 0.7969
vn 0.5921 -0.3659 0.7180
vn 0.5466 -0.2573 0.7969
vn 0.3436 -0.4601 0.8187
vn 0.4586 -0.4730 0.7523
vn 0.4069 -0.3327 0.8507
vn 0.6806 -0.4206 0.5999
vn 0.6681 -0.3127 0.6752
vn 0.5785 -0.4577 0.6752
vn 0.5652 -0.1015 0.8187
vn 0.4795 -0.2152 0.8507
vn 0.6281 -0.1987 0.7523
vn 0.9934 0.0916 0.0685
vn 0.9934 0.0916 -0.0685
vn 0.9767 0.2147 -0.0000
vn 0.9772 0.0240 0.2108
vn 0.9976 -0.0040 0.0691
vn 0.9758 0.1479 0.1612
vn 0.9772 0.0240 -0.2108
vn 0.9758 0.1479 -0.1612
vn 0.9976 -0.0040 -0.0691
vn 0.9309 0.3652 -0.0000
vn 0.9595 0.2683 0.0853
vn 0.9595 0.2683 -0.0853
vn 0.9864 -0.1519 0.0620
vn 0.9663 -0.2575 -0.0000
vn 0.9864 -0.1519 -0.0620
vn 0.9771 -0.0680 0.2019
vn 0.9723 -0.1889 0.1376
vn 0.9955 -0.0672 0.0661
vn 0.9115 -0.4114 -0.0000
vn 0.9508 -0.3013 -0.0715
vn 0.9508 -0.3013 0.0715
vn 0.9771 -0.0680 -0.2019
vn 0.9955 -0.0672 -0.0661
vn 0.9723 -0.1889 -0.1376
vn 0.9046 -0.3738 -0.2051
vn 0.8658 -0.3660 -0.3413
vn 0.9268 -0.2573 -0.2735
vn 0.8848 -0.4601 -0.0738
vn 0.8572 -0.4730 -0.2037
vn 0.9348 -0.3327 -0.1241
vn 0.7808 -0.4206 -0.4619
vn 0.8486 -0.3127 -0.4268
vn 0.8209 -0.4577 -0.3415
vn 0.9533 -0.1015 -0.2846
vn 0.9573 -0.2152 -0.1932
vn 0.9096 -0.1987 -0.3649
vn 0.4594 -0.7139 -0.5285
vn 0.4234 -0.6419 -0.6393
vn 0.5454 -0.6107 -0.5741
vn 0.4304 -0.8072 -0.4039
vn 0.3755 -0.7600 -0.5305
vn 0.5277 -0.7247 -0.4431
vn 0.3196 -0.5856 -0.7449
vn 0.4429 -0.5552 -0.7040
vn 0.3392 -0.6874 -0.6423
vn 0.6635 -0.5103 -0.5472
vn 0.6096 -0.6191 -0.4950
vn 0.5648 -0.5295 -0.6330
vn 0.2373 -0.8144 -0.5296
vn 0.1193 -0.8144 -0.5680
vn 0.2047 -0.7491 -0.6300
vn 0.3458 -0.8435 -0.4110
vn 0.2190 -0.8604 -0.4602
vn 0.3174 -0.7852 -0.5317
vn -0.0382 -0.8435 -0.5357
vn 0.0557 -0.7852 -0.6167
vn 0.0933 -0.8604 -0.5010
vn 0.2397 -0.6313 -0.7376
vn 0.2827 -0.7157 -0.6386
vn 0.1467 -0.7157 -0.6828
vn -0.0610 -0.7139 -0.6976
vn -0.1038 -0.6107 -0.7850
vn 0.0333 -0.6419 -0.7661
vn -0.1108 -0.8072 -0.5797
vn -0.1664 -0.7247 -0.6687
vn 0.0081 -0.7600 -0.6499
vn -0.2151 -0.5103 -0.8327
vn -0.0849 -0.5295 -0.8441
vn -0.2022 -0.6192 -0.7588
vn 0.1793 -0.5856 -0.7905
vn 0.1031 -0.6874 -0.7189
vn 0.0554 -0.5552 -0.8299
vn -0.3607 -0.7139 -0.6002
vn -0.4772 -0.6419 -0.6002
vn -0.3775 -0.6107 -0.6961
vn -0.2511 -0.8072 -0.5342
vn -0.3885 -0.7600 -0.5210
vn -0.2584 -0.7247 -0.6388
vn -0.6097 -0.5856 -0.5342
vn -0.5326 -0.5552 -0.6388
vn -0.5060 -0.6874 -0.5210
vn -0.3154 -0.5103 -0.8001
vn -0.2824 -0.6192 -0.7327
vn -0.4275 -0.5295 -0.7327
vn -0.4304 -0.8144 -0.3894
vn -0.5033 -0.8144 -0.2890
vn -0.5359 -0.7491 -0.3894
vn -0.2840 -0.8435 -0.4559
vn -0.3700 -0.8604 -0.3505
vn -0.4076 -0.7852 -0.4662
vn -0.5213 -0.8435 -0.1293
vn -0.5693 -0.7852 -0.2436
vn -0.4477 -0.8604 -0.2436
vn -0.6274 -0.6313 -0.4559
vn -0.5200 -0.7157 -0.4662
vn -0.6041 -0.7157 -0.3505
vn -0.6823 -0.7139 -0.1576
vn -0.7786 -0.6107 -0.1439
vn -0.7183 -0.6419 -0.2684
vn -0.5856 -0.8072 -0.0737
vn -0.6874 -0.7247 -0.0483
vn -0.6156 -0.7600 -0.2085
vn -0.8584 -0.5103 -0.0527
vn -0.8290 -0.5295 -0.1801
vn -0.7841 -0.6191 -0.0422
vn -0.6964 -0.5856 -0.4148
vn -0.6519 -0.6874 -0.3202
vn -0.7721 -0.5552 -0.3092
vn -0.6823 -0.7139 0.1576
vn -0.7183 -0.6419 0.2684
vn -0.7786 -0.6107 0.1439
vn -0.5856 -0.8072 0.0737
vn -0.6156 -0.7600 0.2085
vn -0.6874 -0.7247 0.0483
vn -0.6964 -0.5856 0.4148
vn -0.7721 -0.5552 0.3092
vn -0.6519 -0.6874 0.3202
vn -0.8584 -0.5103 0.0527
vn -0.7841 -0.6191 0.0422
vn -0.8290 -0.5295 0.1801
vn -0.5033 -0.8144 0.2890
vn -0.4304 -0.8144 0.3894
vn -0.5359 -0.7491 0.3894
vn -0.5213 -0.8435 0.1293
vn -0.4477 -0.8604 0.2436
vn -0.5693 -0.7852 0.2436
vn -0.2840 -0.8435 0.4559
vn -0.4076 -0.7852 0.4662
vn -0.3700 -0.8604 0.3505
vn -0.6274 -0.6313 0.4559
vn -0.6041 -0.7157 0.3505
vn -0.5200 -0.7157 0.4662
vn -0.3607 -0.7139 0.6002
vn -0.3775 -0.6107 0.6961
vn -0.4772 -0.6419 0.6002
vn -0.2511 -0.8072 0.5342
vn -0.2584 -0.7247 0.6388
vn -0.3885 -0.7600 0.5210
vn -0.3154 -0.5103 0.8001
vn -0.4275 -0.5295 0.7327
vn -0.2824 -0.6191 0.7327
vn -0.6097 -0.5856 0.5342
vn -0.5060 -0.6874 0.5210
vn -0.5326 -0.5552 0.6388
vn 0.7389 -0.6419 -0.2051
vn 0.6446 -0.7139 -0.2735
vn 0.7145 -0.6107 -0.3413
vn 0.8072 -0.5856 -0.0738
vn 0.7156 -0.6874 -0.1241
vn 0.8064 -0.5552 -0.2037
vn 0.5171 -0.8072 -0.2846
vn 0.5845 -0.7247 -0.3649
vn 0.6206 -0.7600 -0.1932
vn 0.7254 -0.5103 -0.4619
vn 0.7765 -0.5295 -0.3415
vn 0.6592 -0.6191 -0.4268
vn 0.6624 -0.7491 -0.0000
vn 0.5770 -0.8144 0.0620
vn 0.5770 -0.8144 -0.0620
vn 0.7756 -0.6313 -0.0000
vn 0.6947 -0.7157 0.0715
vn 0.6947 -0.7157 -0.0715
vn 0.4977 -0.8435 0.2019
vn 0.5053 -0.8604 0.0661
vn 0.6038 -0.7852 0.1376
vn 0.4977 -0.8435 -0.2018
vn 0.6038 -0.7852 -0.1376
vn 0.5053 -0.8604 -0.0661
vn 0.3624 -0.9295 0.0685
vn 0.2448 -0.9696 -0.0000
vn 0.3624 -0.9295 -0.0685
vn 0.4156 -0.8848 0.2108
vn 0.3041 -0.9389 0.1612
vn 0.4498 -0.8905 0.0691
vn 0.0897 -0.9960 -0.0000
vn 0.1891 -0.9782 -0.0853
vn 0.1891 -0.9782 0.0853
vn 0.4156 -0.8848 -0.2108
vn 0.4498 -0.8905 -0.0691
vn 0.3041 -0.9389 -0.1612
vn -0.0610 -0.7139 0.6976
vn 0.0333 -0.6419 0.7661
vn -0.1038 -0.6107 0.7850
vn -0.1108 -0.8072 0.5797
vn 0.0081 -0.7600 0.6499
vn -0.1664 -0.7247 0.6687
vn 0.1793 -0.5856 0.7905
vn 0.0554 -0.5552 0.8299
vn 0.1031 -0.6874 0.7189
vn -0.2151 -0.5103 0.8327
vn -0.2022 -0.6192 0.7588
vn -0.0849 -0.5295 0.8440
vn 0.1193 -0.8144 0.5680
vn 0.2373 -0.8144 0.5296
vn 0.2047 -0.7491 0.6300
vn -0.0382 -0.8435 0.5357
vn 0.0933 -0.8604 0.5010
vn 0.0557 -0.7852 0.6167
vn 0.3458 -0.8435 0.4110
vn 0.3174 -0.7852 0.5317
vn 0.2190 -0.8604 0.4602
vn 0.2397 -0.6313 0.7376
vn 0.1467 -0.7157 0.6828
vn 0.2827 -0.7157 0.6386
vn 0.4594 -0.7139 0.5285
vn 0.5454 -0.6107 0.5741
vn 0.4234 -0.6419 0.6393
vn 0.4304 -0.8072 0.4039
vn 0.5277 -0.7247 0.4431
vn 0.3755 -0.7600 0.5305
vn 0.6635 -0.5103 0.5472
vn 0.5648 -0.5295 0.6330
vn 0.6096 -0.6191 0.4950
vn 0.3196 -0.5856 0.7449
vn 0.3392 -0.6874 0.6423
vn 0.4429 -0.5552 0.7040
vt 0.181819 0.032987
vt 0.191644 0.046815
vt 0.181819 0.052487
vt 0.171994 0.046815
vt 0.198391 0.062237
vt 0.181819 0.063832
vt 0.165247 0.062237
vt 0.181819 0.063832
vt 0.181819 0.000000
vt 0.193183 0.019683
vt 0.170455 0.019683
vt 0.204546 0.039365
vt 0.159092 0.039365
vt 0.227273 0.078731
vt 0.201350 0.078799
vt 0.215910 0.059048
vt 0.181819 0.078731
vt 0.204546 0.039365
vt 0.136365 0.078731
vt 0.147728 0.059048
vt 0.162288 0.078799
vt 0.181819 0.078730
vt 0.301611 0.140968
vt 0.308358 0.125545
vt 0.318182 0.131218
vt 0.318183 0.142562
vt 0.318340 0.111991
vt 0.328007 0.125545
vt 0.308358 0.125545
vt 0.334597 0.140694
vt 0.318183 0.142562
vt 0.272728 0.157461
vt 0.284092 0.137778
vt 0.298651 0.157529
vt 0.295455 0.118096
vt 0.318182 0.157461
vt 0.318182 0.078731
vt 0.331203 0.101147
vt 0.306819 0.098413
vt 0.340910 0.118096
vt 0.295455 0.118096
vt 0.363637 0.157461
vt 0.337674 0.157461
vt 0.350656 0.134976
vt 0.340910 0.118096
vt 0.909091 0.032987
vt 0.918916 0.046815
vt 0.909091 0.052487
vt 0.899266 0.046815
vt 0.925663 0.062237
vt 0.909091 0.063832
vt 0.918916 0.046815
vt 0.892519 0.062237
vt 0.909091 0.063832
vt 0.909091 0.000000
vt 0.920455 0.019683
vt 0.897727 0.019683
vt 0.931818 0.039365
vt 0.886364 0.039365
vt 0.954545 0.078731
vt 0.928622 0.078799
vt 0.943182 0.059048
vt 0.909091 0.078731
vt 0.863636 0.078731
vt 0.875000 0.059048
vt 0.889560 0.078799
vt 0.909091 0.078730
vt 0.727273 0.032987
vt 0.737098 0.046815
vt 0.727273 0.052487
vt 0.717448 0.046815
vt 0.743845 0.062237
vt 0.727273 0.063832
vt 0.710701 0.062237
vt 0.727273 0.063832
vt 0.727273 0.000000
vt 0.738637 0.019683
vt 0.715909 0.019683
vt 0.750000 0.039365
vt 0.704546 0.039365
vt 0.772727 0.078731
vt 0.746804 0.078799
vt 0.761364 0.059048
vt 0.727273 0.078731
vt 0.681818 0.078731
vt 0.693182 0.059048
vt 0.707742 0.078799
vt 0.727273 0.078730
vt 0.545455 0.032987
vt 0.555280 0.046815
vt 0.545455 0.052487
vt 0.535630 0.046815
vt 0.562027 0.062237
vt 0.545455 0.063832
vt 0.555280 0.046815
vt 0.528883 0.062237
vt 0.535630 0.046815
vt 0.545455 0.063832
vt 0.545455 0.000000
vt 0.556819 0.019683
vt 0.534091 0.019683
vt 0.568182 0.039365
vt 0.522728 0.039365
vt 0.590909 0.078731
vt 0.564986 0.078799
vt 0.579546 0.059048
vt 0.545455 0.078731
vt 0.500000 0.078731
vt 0.511364 0.059048
vt 0.525924 0.078799
vt 0.545455 0.078730
vt 0.301768 0.174228
vt 0.318183 0.172360
vt 0.318182 0.183704
vt 0.308358 0.189377
vt 0.334597 0.174228
vt 0.328007 0.189377
vt 0.318183 0.172360
vt 0.318183 0.202658
vt 0.308358 0.189377
vt 0.298651 0.157529
vt 0.285709 0.179946
vt 0.318182 0.157461
vt 0.295455 0.196826
vt 0.350656 0.179946
vt 0.340910 0.196826
vt 0.318183 0.236191
vt 0.305201 0.213707
vt 0.331164 0.213706
vt 0.340910 0.196826
vt 0.119950 0.174228
vt 0.136365 0.172360
vt 0.136365 0.183704
vt 0.126540 0.189377
vt 0.152779 0.174228
vt 0.146189 0.189377
vt 0.136364 0.202658
vt 0.090910 0.157461
vt 0.116833 0.157529
vt 0.103931 0.179877
vt 0.136365 0.157461
vt 0.113637 0.196826
vt 0.181819 0.157461
vt 0.168838 0.179946
vt 0.155856 0.157461
vt 0.159092 0.196826
vt 0.136364 0.236191
vt 0.123383 0.213707
vt 0.149346 0.213706
vt 0.113637 0.196826
vt 0.159092 0.196826
vt 0.847223 0.174228
vt 0.863636 0.172360
vt 0.863636 0.183704
vt 0.853812 0.189377
vt 0.880051 0.174228
vt 0.873461 0.189377
vt 0.863637 0.172360
vt 0.863637 0.202658
vt 0.853812 0.189377
vt 0.818182 0.157461
vt 0.844105 0.157529
vt 0.831163 0.179946
vt 0.863636 0.157461
vt 0.840909 0.196826
vt 0.909091 0.157461
vt 0.896110 0.179946
vt 0.883128 0.157461
vt 0.886364 0.196826
vt 0.863637 0.236191
vt 0.850655 0.213707
vt 0.876618 0.213706
vt 0.665404 0.174228
vt 0.681819 0.172360
vt 0.681818 0.183704
vt 0.671994 0.189377
vt 0.698233 0.174228
vt 0.691643 0.189377
vt 0.681819 0.172360
vt 0.681819 0.202658
vt 0.671994 0.189377
vt 0.636364 0.157461
vt 0.662287 0.157529
vt 0.649345 0.179946
vt 0.681819 0.157461
vt 0.659091 0.196826
vt 0.727273 0.157461
vt 0.714292 0.179946
vt 0.701310 0.157461
vt 0.704546 0.196826
vt 0.681819 0.236191
vt 0.668837 0.213707
vt 0.694800 0.213706
vt 0.659091 0.196826
vt 0.704546 0.196826
vt 0.483586 0.174228
vt 0.500001 0.172360
vt 0.500001 0.183704
vt 0.490176 0.189377
vt 0.516415 0.174228
vt 0.509825 0.189377
vt 0.500001 0.202658
vt 0.490176 0.189377
vt 0.454546 0.157461
vt 0.480469 0.157529
vt 0.467527 0.179946
vt 0.500001 0.157461
vt 0.477273 0.196826
vt 0.545455 0.157461
vt 0.532474 0.179946
vt 0.519492 0.157461
vt 0.522728 0.196826
vt 0.500001 0.236191
vt 0.487019 0.213707
vt 0.512982 0.213706
vt 0.272728 0.190994
vt 0.282553 0.204275
vt 0.272728 0.209948
vt 0.262903 0.204275
vt 0.289142 0.219424
vt 0.272728 0.221292
vt 0.282553 0.204275
vt 0.256314 0.219424
vt 0.272728 0.221292
vt 0.285709 0.179946
vt 0.259747 0.179946
vt 0.295455 0.196826
vt 0.250001 0.196826
vt 0.292220 0.236191
vt 0.305201 0.213706
vt 0.272728 0.236191
vt 0.227274 0.236191
vt 0.240255 0.213707
vt 0.253236 0.236191
vt 0.250001 0.196826
vt 0.272728 0.236191
vt 0.091068 0.190721
vt 0.100735 0.204275
vt 0.090910 0.209948
vt 0.081085 0.204275
vt 0.107324 0.219424
vt 0.090910 0.221292
vt 0.100735 0.204275
vt 0.074338 0.219698
vt 0.081085 0.204275
vt 0.090910 0.221292
vt 0.103931 0.179877
vt 0.079546 0.177144
vt 0.113637 0.196826
vt 0.068183 0.196826
vt 0.110402 0.236191
vt 0.123383 0.213706
vt 0.090910 0.236191
vt 0.045455 0.236191
vt 0.056819 0.216509
vt 0.071378 0.236259
vt 0.818182 0.190994
vt 0.828007 0.204275
vt 0.818182 0.209948
vt 0.808357 0.204275
vt 0.834596 0.219424
vt 0.818182 0.221292
vt 0.828007 0.204275
vt 0.801768 0.219424
vt 0.818182 0.221292
vt 0.831163 0.179946
vt 0.805201 0.179946
vt 0.840909 0.196826
vt 0.795455 0.196826
vt 0.837674 0.236191
vt 0.850655 0.213706
vt 0.818182 0.236191
vt 0.840909 0.196826
vt 0.772728 0.236191
vt 0.785709 0.213707
vt 0.798690 0.236191
vt 0.795455 0.196826
vt 0.818182 0.236191
vt 0.636364 0.190994
vt 0.646189 0.204275
vt 0.636364 0.209948
vt 0.626539 0.204275
vt 0.652778 0.219424
vt 0.636364 0.221292
vt 0.646189 0.204275
vt 0.619950 0.219424
vt 0.649345 0.179946
vt 0.623383 0.179946
vt 0.659091 0.196826
vt 0.613637 0.196826
vt 0.655856 0.236191
vt 0.668837 0.213706
vt 0.636364 0.236191
vt 0.590910 0.236191
vt 0.603891 0.213707
vt 0.616872 0.236191
vt 0.613637 0.196826
vt 0.636364 0.236191
vt 0.454546 0.190994
vt 0.464371 0.204275
vt 0.454546 0.209948
vt 0.444721 0.204275
vt 0.470960 0.219424
vt 0.454546 0.221292
vt 0.464371 0.204275
vt 0.438132 0.219424
vt 0.444721 0.204275
vt 0.454546 0.221292
vt 0.467527 0.179946
vt 0.441565 0.179946
vt 0.477273 0.196826
vt 0.431819 0.196826
vt 0.474038 0.236191
vt 0.487019 0.213706
vt 0.454546 0.236191
vt 0.477273 0.196826
vt 0.409092 0.236191
vt 0.422073 0.213707
vt 0.435054 0.236191
vt 0.431819 0.196826
vt 0.454546 0.236191
vt 0.210702 0.331414
vt 0.227274 0.329820
vt 0.227274 0.341165
vt 0.217449 0.346837
vt 0.243688 0.331688
vt 0.237098 0.346837
vt 0.227274 0.329820
vt 0.227431 0.360392
vt 0.237098 0.346837
vt 0.181819 0.314921
vt 0.207742 0.314853
vt 0.193183 0.334604
vt 0.227274 0.314921
vt 0.204546 0.354286
vt 0.272728 0.314921
vt 0.259747 0.337406
vt 0.246765 0.314921
vt 0.250001 0.354286
vt 0.227274 0.314921
vt 0.227273 0.393651
vt 0.215910 0.373969
vt 0.240294 0.371235
vt 0.204546 0.354286
vt 0.250001 0.354286
vt 0.028883 0.331414
vt 0.045455 0.329820
vt 0.045455 0.341165
vt 0.035630 0.346837
vt 0.061869 0.331688
vt 0.055280 0.346837
vt 0.045455 0.329820
vt 0.045613 0.360392
vt 0.055280 0.346837
vt 0.000000 0.314921
vt 0.025884 0.314921
vt 0.011364 0.334604
vt 0.045455 0.314921
vt 0.022728 0.354286
vt 0.090910 0.314921
vt 0.077928 0.337406
vt 0.064947 0.314921
vt 0.068182 0.354286
vt 0.045455 0.393651
vt 0.034091 0.373969
vt 0.058476 0.371235
vt 0.022728 0.354286
vt 0.068182 0.354286
vt 0.756156 0.331414
vt 0.772728 0.329820
vt 0.772727 0.341165
vt 0.762903 0.346837
vt 0.789142 0.331688
vt 0.782552 0.346837
vt 0.772728 0.329820
vt 0.772885 0.360392
vt 0.782552 0.346837
vt 0.727273 0.314921
vt 0.753196 0.314853
vt 0.738637 0.334604
vt 0.772728 0.314921
vt 0.750000 0.354286
vt 0.818182 0.314921
vt 0.805201 0.337406
vt 0.792219 0.314921
vt 0.795455 0.354286
vt 0.772728 0.314921
vt 0.772727 0.393651
vt 0.761364 0.373969
vt 0.785748 0.371235
vt 0.750000 0.354286
vt 0.795455 0.354286
vt 0.574338 0.331414
vt 0.590909 0.329820
vt 0.590909 0.341165
vt 0.581085 0.346837
vt 0.607324 0.331688
vt 0.600734 0.346837
vt 0.590909 0.329820
vt 0.591067 0.360392
vt 0.581085 0.346837
vt 0.600734 0.346837
vt 0.545455 0.314921
vt 0.571378 0.314853
vt 0.556819 0.334604
vt 0.590910 0.314921
vt 0.568182 0.354286
vt 0.636364 0.314921
vt 0.623383 0.337406
vt 0.610401 0.314921
vt 0.613637 0.354286
vt 0.590909 0.393651
vt 0.579546 0.373969
vt 0.603930 0.371235
vt 0.568182 0.354286
vt 0.613637 0.354286
vt 0.392520 0.331414
vt 0.409092 0.329820
vt 0.409092 0.341165
vt 0.399267 0.346837
vt 0.425506 0.331688
vt 0.418916 0.346837
vt 0.409092 0.329820
vt 0.409249 0.360392
vt 0.399267 0.346837
vt 0.418916 0.346837
vt 0.363637 0.314921
vt 0.389560 0.314853
vt 0.375001 0.334604
vt 0.409092 0.314921
vt 0.386364 0.354286
vt 0.454546 0.314921
vt 0.441565 0.337406
vt 0.428583 0.314921
vt 0.431819 0.354286
vt 0.409092 0.393651
vt 0.397728 0.373969
vt 0.422112 0.371235
vt 0.386364 0.354286
vt 0.431819 0.354286
vt 0.437974 0.410145
vt 0.454546 0.408550
vt 0.454546 0.419895
vt 0.444721 0.425567
vt 0.471118 0.410145
vt 0.464371 0.425567
vt 0.454546 0.408550
vt 0.454546 0.439395
vt 0.444721 0.425567
vt 0.435015 0.393583
vt 0.420455 0.413334
vt 0.454546 0.393652
vt 0.431819 0.433017
vt 0.500000 0.393651
vt 0.488637 0.413334
vt 0.474077 0.393583
vt 0.477273 0.433017
vt 0.454546 0.472382
vt 0.443182 0.452699
vt 0.465910 0.452699
vt 0.438132 0.376885
vt 0.444721 0.361736
vt 0.454546 0.367408
vt 0.454546 0.378753
vt 0.454546 0.348454
vt 0.464371 0.361736
vt 0.470960 0.376885
vt 0.454546 0.378753
vt 0.464371 0.361736
vt 0.422112 0.371235
vt 0.435015 0.393583
vt 0.431819 0.354286
vt 0.454546 0.393652
vt 0.467527 0.337406
vt 0.477273 0.354286
vt 0.431819 0.354286
vt 0.474077 0.393583
vt 0.486980 0.371235
vt 0.454546 0.393652
vt 0.477273 0.354286
vt 0.483586 0.331688
vt 0.500000 0.329820
vt 0.500000 0.341165
vt 0.490176 0.346837
vt 0.516572 0.331414
vt 0.509825 0.346837
vt 0.500001 0.329820
vt 0.499843 0.360392
vt 0.490176 0.346837
vt 0.509825 0.346837
vt 0.480509 0.314921
vt 0.500001 0.314921
vt 0.477273 0.354286
vt 0.534091 0.334604
vt 0.519532 0.314853
vt 0.522728 0.354286
vt 0.486980 0.371235
vt 0.511364 0.373969
vt 0.522728 0.354286
vt 0.619792 0.410145
vt 0.636364 0.408550
vt 0.636364 0.419895
vt 0.626539 0.425567
vt 0.652936 0.410145
vt 0.646189 0.425567
vt 0.636364 0.408550
vt 0.636364 0.439395
vt 0.626539 0.425567
vt 0.646189 0.425567
vt 0.616833 0.393583
vt 0.602273 0.413334
vt 0.636364 0.393652
vt 0.613637 0.433017
vt 0.681818 0.393651
vt 0.670455 0.413334
vt 0.655895 0.393583
vt 0.659091 0.433017
vt 0.636364 0.393652
vt 0.636364 0.472382
vt 0.625000 0.452699
vt 0.647728 0.452699
vt 0.619950 0.376885
vt 0.626539 0.361736
vt 0.636364 0.367408
vt 0.636364 0.378753
vt 0.636364 0.348454
vt 0.646189 0.361736
vt 0.652778 0.376885
vt 0.636364 0.378753
vt 0.646189 0.361736
vt 0.603930 0.371235
vt 0.616833 0.393583
vt 0.613637 0.354286
vt 0.649345 0.337406
vt 0.623383 0.337406
vt 0.659091 0.354286
vt 0.613637 0.354286
vt 0.655895 0.393583
vt 0.668798 0.371235
vt 0.636364 0.393652
vt 0.659091 0.354286
vt 0.665404 0.331688
vt 0.681819 0.329820
vt 0.681818 0.341165
vt 0.671994 0.346837
vt 0.698391 0.331414
vt 0.691643 0.346837
vt 0.681661 0.360392
vt 0.691643 0.346837
vt 0.662327 0.314921
vt 0.681819 0.314921
vt 0.715909 0.334604
vt 0.701350 0.314853
vt 0.704546 0.354286
vt 0.668798 0.371235
vt 0.693182 0.373969
vt 0.704546 0.354286
vt 0.801610 0.410145
vt 0.818182 0.408550
vt 0.818182 0.419895
vt 0.808357 0.425567
vt 0.834754 0.410145
vt 0.828007 0.425567
vt 0.818182 0.408550
vt 0.818182 0.439395
vt 0.808357 0.425567
vt 0.828007 0.425567
vt 0.798651 0.393583
vt 0.784091 0.413334
vt 0.818182 0.393652
vt 0.795455 0.433017
vt 0.863636 0.393651
vt 0.852273 0.413334
vt 0.837713 0.393583
vt 0.840909 0.433017
vt 0.818182 0.472382
vt 0.806818 0.452699
vt 0.829546 0.452699
vt 0.801768 0.376885
vt 0.808357 0.361736
vt 0.818182 0.367408
vt 0.818182 0.378753
vt 0.818182 0.348454
vt 0.828007 0.361736
vt 0.808357 0.361736
vt 0.834596 0.376885
vt 0.828007 0.361736
vt 0.798651 0.393583
vt 0.795455 0.354286
vt 0.818182 0.393652
vt 0.831163 0.337406
vt 0.840909 0.354286
vt 0.795455 0.354286
vt 0.837713 0.393583
vt 0.850616 0.371235
vt 0.818182 0.393652
vt 0.840909 0.354286
vt 0.847222 0.331688
vt 0.863637 0.329820
vt 0.863636 0.341165
vt 0.853812 0.346837
vt 0.880209 0.331414
vt 0.873461 0.346837
vt 0.863479 0.360392
vt 0.853812 0.346837
vt 0.873461 0.346837
vt 0.844145 0.314921
vt 0.831163 0.337406
vt 0.863637 0.314921
vt 0.840909 0.354286
vt 0.909091 0.314921
vt 0.897727 0.334604
vt 0.883168 0.314853
vt 0.886364 0.354286
vt 0.850616 0.371235
vt 0.875000 0.373969
vt 0.840909 0.354286
vt 0.886364 0.354286
vt 0.074338 0.410145
vt 0.090910 0.408550
vt 0.090910 0.419895
vt 0.081085 0.425567
vt 0.107482 0.410145
vt 0.100735 0.425567
vt 0.090910 0.408550
vt 0.090910 0.439395
vt 0.081085 0.425567
vt 0.100735 0.425567
vt 0.071378 0.393583
vt 0.056819 0.413334
vt 0.090910 0.393652
vt 0.068183 0.433017
vt 0.136365 0.393651
vt 0.125001 0.413334
vt 0.110441 0.393583
vt 0.113637 0.433017
vt 0.090910 0.472382
vt 0.079546 0.452699
vt 0.102274 0.452699
vt 0.113637 0.433017
vt 0.074495 0.376885
vt 0.081085 0.361736
vt 0.090910 0.367408
vt 0.090910 0.378753
vt 0.090910 0.348454
vt 0.100735 0.361736
vt 0.107324 0.376885
vt 0.100735 0.361736
vt 0.071378 0.393583
vt 0.068182 0.354286
vt 0.103891 0.337406
vt 0.077928 0.337406
vt 0.113637 0.354286
vt 0.068182 0.354286
vt 0.110441 0.393583
vt 0.123344 0.371235
vt 0.090910 0.393652
vt 0.113637 0.354286
vt 0.119950 0.331688
vt 0.136364 0.329820
vt 0.136364 0.341165
vt 0.126540 0.346837
vt 0.152936 0.331414
vt 0.146189 0.346837
vt 0.136364 0.329820
vt 0.136207 0.360392
vt 0.146189 0.346837
vt 0.116872 0.314921
vt 0.103891 0.337406
vt 0.136364 0.314921
vt 0.113637 0.354286
vt 0.170455 0.334604
vt 0.155896 0.314853
vt 0.159092 0.354286
vt 0.136364 0.314921
vt 0.123344 0.371235
vt 0.147728 0.373969
vt 0.113637 0.354286
vt 0.159092 0.354286
vt 0.256156 0.410145
vt 0.272728 0.408550
vt 0.272728 0.419895
vt 0.262903 0.425567
vt 0.289300 0.410145
vt 0.282553 0.425567
vt 0.272728 0.408550
vt 0.272728 0.439395
vt 0.262903 0.425567
vt 0.282553 0.425567
vt 0.253197 0.393583
vt 0.238637 0.413334
vt 0.272728 0.393652
vt 0.250001 0.433017
vt 0.318182 0.393651
vt 0.306819 0.413334
vt 0.292259 0.393583
vt 0.295455 0.433017
vt 0.272728 0.472382
vt 0.261364 0.452699
vt 0.284092 0.452699
vt 0.256314 0.376885
vt 0.262903 0.361736
vt 0.272728 0.367408
vt 0.272728 0.378753
vt 0.272728 0.348454
vt 0.282553 0.361736
vt 0.289142 0.376885
vt 0.272728 0.378753
vt 0.282553 0.361736
vt 0.253197 0.393583
vt 0.285709 0.337406
vt 0.295455 0.354286
vt 0.250001 0.354286
vt 0.292259 0.393583
vt 0.305162 0.371235
vt 0.272728 0.393652
vt 0.295455 0.354286
vt 0.301768 0.331688
vt 0.318182 0.329820
vt 0.318182 0.341165
vt 0.308358 0.346837
vt 0.334754 0.331414
vt 0.328007 0.346837
vt 0.318025 0.360392
vt 0.308358 0.346837
vt 0.328007 0.346837
vt 0.298691 0.314921
vt 0.285709 0.337406
vt 0.318182 0.314921
vt 0.295455 0.354286
vt 0.352273 0.334604
vt 0.337714 0.314853
vt 0.340910 0.354286
vt 0.318183 0.314921
vt 0.305162 0.371235
vt 0.329546 0.373969
vt 0.340910 0.354286
vt 0.409092 0.269724
vt 0.418916 0.283005
vt 0.409092 0.288678
vt 0.399267 0.283005
vt 0.425506 0.298155
vt 0.409092 0.300023
vt 0.418916 0.283005
vt 0.392677 0.298154
vt 0.399267 0.283005
vt 0.409092 0.300022
vt 0.422073 0.258676
vt 0.396110 0.258676
vt 0.431819 0.275556
vt 0.386364 0.275556
vt 0.441565 0.292437
vt 0.409092 0.314921
vt 0.431819 0.275556
vt 0.376618 0.292437
vt 0.389560 0.314853
vt 0.409092 0.314921
vt 0.438132 0.252958
vt 0.454546 0.251090
vt 0.454546 0.262434
vt 0.444721 0.268107
vt 0.470960 0.252958
vt 0.464371 0.268107
vt 0.454546 0.251090
vt 0.454546 0.281388
vt 0.464371 0.268107
vt 0.435054 0.236191
vt 0.422073 0.258676
vt 0.454546 0.236191
vt 0.431819 0.275556
vt 0.487019 0.258676
vt 0.474038 0.236191
vt 0.477273 0.275556
vt 0.454546 0.236191
vt 0.441565 0.292437
vt 0.467527 0.292437
vt 0.477273 0.275556
vt 0.500001 0.269724
vt 0.509825 0.283005
vt 0.500000 0.288678
vt 0.490176 0.283005
vt 0.516415 0.298154
vt 0.500001 0.300023
vt 0.483586 0.298154
vt 0.490176 0.283005
vt 0.512982 0.258676
vt 0.522728 0.275556
vt 0.532474 0.292436
vt 0.467527 0.292437
vt 0.480509 0.314921
vt 0.500001 0.314921
vt 0.590910 0.269724
vt 0.600734 0.283005
vt 0.590910 0.288678
vt 0.581085 0.283005
vt 0.607324 0.298155
vt 0.590909 0.300023
vt 0.574495 0.298154
vt 0.581085 0.283005
vt 0.590910 0.300022
vt 0.603891 0.258676
vt 0.577928 0.258676
vt 0.613637 0.275556
vt 0.568182 0.275556
vt 0.610401 0.314921
vt 0.623383 0.292437
vt 0.590910 0.314921
vt 0.613637 0.275556
vt 0.558436 0.292437
vt 0.571378 0.314853
vt 0.568182 0.275556
vt 0.590910 0.314921
vt 0.619950 0.252958
vt 0.636364 0.251090
vt 0.636364 0.262434
vt 0.626539 0.268107
vt 0.652778 0.252958
vt 0.646189 0.268107
vt 0.636364 0.251090
vt 0.636364 0.281388
vt 0.616872 0.236191
vt 0.636364 0.236191
vt 0.668837 0.258676
vt 0.655856 0.236191
vt 0.659091 0.275556
vt 0.636364 0.236191
vt 0.623383 0.292437
vt 0.649345 0.292437
vt 0.613637 0.275556
vt 0.659091 0.275556
vt 0.681819 0.269724
vt 0.691643 0.283005
vt 0.681819 0.288678
vt 0.671994 0.283005
vt 0.698233 0.298154
vt 0.681819 0.300023
vt 0.691643 0.283005
vt 0.665404 0.298154
vt 0.671994 0.283005
vt 0.694800 0.258676
vt 0.668837 0.258676
vt 0.704546 0.275556
vt 0.701350 0.314853
vt 0.714292 0.292436
vt 0.662327 0.314921
vt 0.659091 0.275556
vt 0.681818 0.314921
vt 0.772728 0.269724
vt 0.782552 0.283005
vt 0.772728 0.288678
vt 0.762903 0.283005
vt 0.789142 0.298155
vt 0.772728 0.300023
vt 0.782552 0.283005
vt 0.756313 0.298154
vt 0.772728 0.300022
vt 0.785709 0.258676
vt 0.759746 0.258676
vt 0.795455 0.275556
vt 0.750000 0.275556
vt 0.792219 0.314921
vt 0.805201 0.292437
vt 0.772728 0.314921
vt 0.795455 0.275556
vt 0.740254 0.292437
vt 0.753196 0.314853
vt 0.801768 0.252958
vt 0.818182 0.251090
vt 0.818182 0.262434
vt 0.808357 0.268107
vt 0.834596 0.252958
vt 0.828007 0.268107
vt 0.818182 0.251090
vt 0.818182 0.281388
vt 0.808357 0.268107
vt 0.798690 0.236191
vt 0.785709 0.258676
vt 0.818182 0.236191
vt 0.850655 0.258676
vt 0.837674 0.236191
vt 0.840909 0.275556
vt 0.805201 0.292437
vt 0.831163 0.292437
vt 0.840909 0.275556
vt 0.863637 0.269724
vt 0.873461 0.283005
vt 0.863636 0.288678
vt 0.853812 0.283005
vt 0.880051 0.298154
vt 0.863636 0.300023
vt 0.873461 0.283005
vt 0.847223 0.298154
vt 0.853812 0.283005
vt 0.863637 0.300023
vt 0.876618 0.258676
vt 0.850655 0.258676
vt 0.886364 0.275556
vt 0.883168 0.314853
vt 0.896070 0.292505
vt 0.863637 0.314921
vt 0.844145 0.314921
vt 0.840909 0.275556
vt 0.863637 0.314921
vt 0.045613 0.269451
vt 0.055280 0.283005
vt 0.045455 0.288678
vt 0.035630 0.283005
vt 0.061869 0.298154
vt 0.045455 0.300023
vt 0.055280 0.283005
vt 0.028883 0.298428
vt 0.045455 0.300022
vt 0.058476 0.258607
vt 0.034091 0.255874
vt 0.068182 0.275556
vt 0.022728 0.275556
vt 0.077928 0.292437
vt 0.045455 0.314921
vt 0.068182 0.275556
vt 0.011364 0.295239
vt 0.025884 0.314921
vt 0.022728 0.275556
vt 0.045455 0.314921
vt 0.074495 0.252958
vt 0.090910 0.251090
vt 0.090910 0.262434
vt 0.081085 0.268107
vt 0.107324 0.252958
vt 0.100735 0.268107
vt 0.090910 0.251090
vt 0.090910 0.281388
vt 0.081085 0.268107
vt 0.100735 0.268107
vt 0.071378 0.236259
vt 0.058476 0.258607
vt 0.090910 0.236191
vt 0.068182 0.275556
vt 0.123383 0.258676
vt 0.110402 0.236191
vt 0.113637 0.275556
vt 0.090910 0.236191
vt 0.077928 0.292437
vt 0.103891 0.292437
vt 0.113637 0.275556
vt 0.136364 0.269724
vt 0.146189 0.283005
vt 0.136364 0.288678
vt 0.126540 0.283005
vt 0.152779 0.298154
vt 0.136364 0.300023
vt 0.146189 0.283005
vt 0.119950 0.298154
vt 0.126540 0.283005
vt 0.136364 0.300023
vt 0.149346 0.258676
vt 0.159092 0.275556
vt 0.113637 0.275556
vt 0.155896 0.314853
vt 0.168838 0.292436
vt 0.159092 0.275556
vt 0.103891 0.292437
vt 0.113637 0.275556
vt 0.136364 0.314921
vt 0.227274 0.269724
vt 0.237098 0.283005
vt 0.227274 0.288678
vt 0.217449 0.283005
vt 0.243688 0.298155
vt 0.227274 0.300023
vt 0.237098 0.283005
vt 0.210859 0.298154
vt 0.217449 0.283005
vt 0.227274 0.300022
vt 0.240255 0.258676
vt 0.214292 0.258676
vt 0.250001 0.275556
vt 0.204546 0.275556
vt 0.259747 0.292437
vt 0.227274 0.314921
vt 0.250001 0.275556
vt 0.194800 0.292437
vt 0.207742 0.314853
vt 0.227274 0.314921
vt 0.256314 0.252958
vt 0.272728 0.251090
vt 0.272728 0.262434
vt 0.262903 0.268107
vt 0.289142 0.252958
vt 0.282553 0.268107
vt 0.272728 0.251090
vt 0.272728 0.281388
vt 0.262903 0.268107
vt 0.282553 0.268107
vt 0.253236 0.236191
vt 0.240255 0.258676
vt 0.305201 0.258676
vt 0.292220 0.236191
vt 0.295455 0.275556
vt 0.259747 0.292437
vt 0.285709 0.292437
vt 0.295455 0.275556
vt 0.318183 0.269724
vt 0.328007 0.283005
vt 0.318183 0.288678
vt 0.308358 0.283005
vt 0.334597 0.298154
vt 0.318182 0.300023
vt 0.328007 0.283005
vt 0.301768 0.298154
vt 0.308358 0.283005
vt 0.318182 0.300023
vt 0.331164 0.258676
vt 0.340910 0.275556
vt 0.295455 0.275556
vt 0.350656 0.292436
vt 0.340910 0.275556
vt 0.285709 0.292437
vt 0.295455 0.275556
vt 0.318183 0.314921
vt 0.529041 0.252958
vt 0.545455 0.251090
vt 0.545455 0.262434
vt 0.535630 0.268107
vt 0.561869 0.252958
vt 0.555280 0.268107
vt 0.545455 0.281388
vt 0.535630 0.268107
vt 0.555280 0.268107
vt 0.525963 0.236191
vt 0.512982 0.258676
vt 0.545455 0.236191
vt 0.522728 0.275556
vt 0.577928 0.258676
vt 0.564947 0.236191
vt 0.568182 0.275556
vt 0.545455 0.236191
vt 0.532474 0.292437
vt 0.558436 0.292436
vt 0.522728 0.275556
vt 0.529041 0.219424
vt 0.535630 0.204275
vt 0.545455 0.209948
vt 0.545455 0.221292
vt 0.545455 0.190994
vt 0.555280 0.204275
vt 0.535630 0.204275
vt 0.561869 0.219424
vt 0.555280 0.204275
vt 0.512982 0.213707
vt 0.525963 0.236191
vt 0.522728 0.196826
vt 0.545455 0.236191
vt 0.558436 0.179946
vt 0.568182 0.196826
vt 0.564947 0.236191
vt 0.577928 0.213706
vt 0.568182 0.196826
vt 0.574495 0.174228
vt 0.590909 0.172360
vt 0.590909 0.183704
vt 0.581085 0.189377
vt 0.607324 0.174228
vt 0.600734 0.189377
vt 0.590910 0.202658
vt 0.581085 0.189377
vt 0.600734 0.189377
vt 0.571418 0.157461
vt 0.558436 0.179946
vt 0.590910 0.157461
vt 0.568182 0.196826
vt 0.623383 0.179946
vt 0.610441 0.157529
vt 0.613637 0.196826
vt 0.577928 0.213707
vt 0.603891 0.213706
vt 0.613637 0.196826
vt 0.710859 0.252958
vt 0.727273 0.251090
vt 0.727273 0.262434
vt 0.717448 0.268107
vt 0.743687 0.252958
vt 0.737098 0.268107
vt 0.727273 0.281388
vt 0.717448 0.268107
vt 0.737098 0.268107
vt 0.707781 0.236191
vt 0.694800 0.258676
vt 0.727273 0.236191
vt 0.704546 0.275556
vt 0.759746 0.258676
vt 0.746765 0.236191
vt 0.750000 0.275556
vt 0.727273 0.236191
vt 0.714292 0.292437
vt 0.740254 0.292436
vt 0.704546 0.275556
vt 0.750000 0.275556
vt 0.710859 0.219424
vt 0.717448 0.204275
vt 0.727273 0.209948
vt 0.727273 0.221292
vt 0.727273 0.190994
vt 0.737098 0.204275
vt 0.717448 0.204275
vt 0.743687 0.219424
vt 0.727273 0.221292
vt 0.737098 0.204275
vt 0.694800 0.213707
vt 0.707781 0.236191
vt 0.704546 0.196826
vt 0.727273 0.236191
vt 0.740254 0.179946
vt 0.714292 0.179946
vt 0.750000 0.196826
vt 0.746765 0.236191
vt 0.759746 0.213706
vt 0.727273 0.236191
vt 0.750000 0.196826
vt 0.756314 0.174228
vt 0.772728 0.172360
vt 0.772727 0.183704
vt 0.762903 0.189377
vt 0.789142 0.174228
vt 0.782552 0.189377
vt 0.772728 0.172360
vt 0.772728 0.202658
vt 0.762903 0.189377
vt 0.782552 0.189377
vt 0.753236 0.157461
vt 0.740254 0.179946
vt 0.772728 0.157461
vt 0.750000 0.196826
vt 0.792259 0.157529
vt 0.795455 0.196826
vt 0.772727 0.157461
vt 0.759746 0.213707
vt 0.785709 0.213706
vt 0.750000 0.196826
vt 0.892677 0.252958
vt 0.909091 0.251090
vt 0.909091 0.262434
vt 0.899266 0.268107
vt 0.925663 0.252684
vt 0.918916 0.268107
vt 0.908933 0.281661
vt 0.918916 0.268107
vt 0.889599 0.236191
vt 0.909091 0.236191
vt 0.886364 0.275556
vt 0.954545 0.236191
vt 0.943182 0.255874
vt 0.928622 0.236123
vt 0.931818 0.275556
vt 0.909091 0.236191
vt 0.896070 0.292505
vt 0.920455 0.295239
vt 0.892677 0.219424
vt 0.899266 0.204275
vt 0.909091 0.209948
vt 0.909091 0.221292
vt 0.909091 0.190994
vt 0.918916 0.204275
vt 0.899266 0.204275
vt 0.925505 0.219424
vt 0.909091 0.221292
vt 0.918916 0.204275
vt 0.876618 0.213707
vt 0.889599 0.236191
vt 0.886364 0.196826
vt 0.909091 0.236191
vt 0.922072 0.179946
vt 0.931818 0.196826
vt 0.928622 0.236123
vt 0.941525 0.213775
vt 0.909091 0.236191
vt 0.931818 0.196826
vt 0.938131 0.174228
vt 0.954546 0.172360
vt 0.954545 0.183704
vt 0.944721 0.189377
vt 0.971118 0.173954
vt 0.964370 0.189377
vt 0.954388 0.202931
vt 0.964370 0.189377
vt 0.935054 0.157461
vt 0.922072 0.179946
vt 0.954546 0.157461
vt 0.931818 0.196826
vt 1.000000 0.157461
vt 0.988636 0.177144
vt 0.974116 0.157461
vt 0.977273 0.196826
vt 0.941525 0.213775
vt 0.965909 0.216509
vt 0.165405 0.252958
vt 0.181819 0.251090
vt 0.181819 0.262434
vt 0.171994 0.268107
vt 0.198233 0.252958
vt 0.191644 0.268107
vt 0.181819 0.281388
vt 0.171994 0.268107
vt 0.191644 0.268107
vt 0.162327 0.236191
vt 0.181819 0.236191
vt 0.214292 0.258676
vt 0.201311 0.236191
vt 0.204546 0.275556
vt 0.168838 0.292437
vt 0.194800 0.292436
vt 0.159092 0.275556
vt 0.204546 0.275556
vt 0.165405 0.219424
vt 0.171994 0.204275
vt 0.181819 0.209948
vt 0.181819 0.221292
vt 0.181819 0.190994
vt 0.191644 0.204275
vt 0.198233 0.219424
vt 0.191644 0.204275
vt 0.149346 0.213707
vt 0.162327 0.236191
vt 0.181819 0.236191
vt 0.194800 0.179946
vt 0.204546 0.196826
vt 0.201311 0.236191
vt 0.214292 0.213706
vt 0.181819 0.236191
vt 0.204546 0.196826
vt 0.210859 0.174228
vt 0.227274 0.172360
vt 0.227274 0.183704
vt 0.217449 0.189377
vt 0.243688 0.174228
vt 0.237098 0.189377
vt 0.227274 0.202658
vt 0.237098 0.189377
vt 0.207782 0.157461
vt 0.194800 0.179946
vt 0.227274 0.157461
vt 0.204546 0.196826
vt 0.259747 0.179946
vt 0.246805 0.157529
vt 0.250001 0.196826
vt 0.214292 0.213707
vt 0.240255 0.213706
vt 0.204546 0.196826
vt 0.250001 0.196826
vt 0.347223 0.252958
vt 0.363637 0.251090
vt 0.363637 0.262434
vt 0.353812 0.268107
vt 0.380051 0.252958
vt 0.373462 0.268107
vt 0.363637 0.281388
vt 0.353812 0.268107
vt 0.373462 0.268107
vt 0.344145 0.236191
vt 0.363637 0.236191
vt 0.396110 0.258676
vt 0.383129 0.236191
vt 0.386364 0.275556
vt 0.363637 0.236191
vt 0.350656 0.292437
vt 0.376618 0.292436
vt 0.340910 0.275556
vt 0.347223 0.219424
vt 0.353812 0.204275
vt 0.363637 0.209948
vt 0.363637 0.221292
vt 0.363637 0.190994
vt 0.373462 0.204275
vt 0.353812 0.204275
vt 0.380051 0.219424
vt 0.363637 0.221292
vt 0.373462 0.204275
vt 0.331164 0.213707
vt 0.344145 0.236191
vt 0.363637 0.236191
vt 0.376618 0.179946
vt 0.350656 0.179946
vt 0.386364 0.196826
vt 0.383129 0.236191
vt 0.396110 0.213706
vt 0.386364 0.196826
vt 0.392677 0.174228
vt 0.409092 0.172360
vt 0.409092 0.183704
vt 0.399267 0.189377
vt 0.425506 0.174228
vt 0.418916 0.189377
vt 0.409092 0.202658
vt 0.399267 0.189377
vt 0.418916 0.189377
vt 0.389600 0.157461
vt 0.376618 0.179946
vt 0.409092 0.157461
vt 0.386364 0.196826
vt 0.428623 0.157529
vt 0.431819 0.196826
vt 0.409091 0.157461
vt 0.396110 0.213707
vt 0.422073 0.213706
vt 0.500158 0.111991
vt 0.509825 0.125545
vt 0.500001 0.131218
vt 0.490176 0.125545
vt 0.516415 0.140694
vt 0.500001 0.142562
vt 0.509825 0.125545
vt 0.483429 0.140968
vt 0.490176 0.125545
vt 0.513021 0.101147
vt 0.488637 0.098413
vt 0.522728 0.118096
vt 0.477273 0.118096
vt 0.532474 0.134976
vt 0.500001 0.157461
vt 0.465910 0.137778
vt 0.477273 0.118096
vt 0.500001 0.157461
vt 0.529041 0.095497
vt 0.545455 0.093629
vt 0.545455 0.104974
vt 0.535630 0.110646
vt 0.561869 0.095497
vt 0.555280 0.110646
vt 0.545455 0.093629
vt 0.545455 0.123928
vt 0.555280 0.110646
vt 0.525924 0.078799
vt 0.513021 0.101147
vt 0.545455 0.078730
vt 0.577889 0.101147
vt 0.568182 0.118096
vt 0.545455 0.078730
vt 0.532474 0.134976
vt 0.558436 0.134976
vt 0.522728 0.118096
vt 0.568182 0.118096
vt 0.590752 0.111991
vt 0.600734 0.125545
vt 0.590910 0.131218
vt 0.581085 0.125545
vt 0.607481 0.140968
vt 0.590909 0.142562
vt 0.600734 0.125545
vt 0.574495 0.140694
vt 0.590910 0.142562
vt 0.602273 0.098413
vt 0.577889 0.101147
vt 0.613637 0.118096
vt 0.568182 0.118096
vt 0.610441 0.157529
vt 0.625000 0.137778
vt 0.590910 0.157461
vt 0.613637 0.118096
vt 0.558436 0.134976
vt 0.590910 0.157461
vt 0.681976 0.111991
vt 0.691643 0.125545
vt 0.681819 0.131218
vt 0.671994 0.125545
vt 0.698233 0.140694
vt 0.681819 0.142562
vt 0.691643 0.125545
vt 0.665247 0.140968
vt 0.671994 0.125545
vt 0.694839 0.101147
vt 0.670455 0.098413
vt 0.704546 0.118096
vt 0.659091 0.118096
vt 0.714292 0.134976
vt 0.681819 0.157461
vt 0.704546 0.118096
vt 0.647728 0.137778
vt 0.662287 0.157529
vt 0.659091 0.118096
vt 0.710859 0.095497
vt 0.727273 0.093629
vt 0.727273 0.104974
vt 0.717448 0.110646
vt 0.743687 0.095497
vt 0.737098 0.110646
vt 0.727273 0.093629
vt 0.727273 0.123928
vt 0.717448 0.110646
vt 0.707742 0.078799
vt 0.694839 0.101147
vt 0.759707 0.101147
vt 0.746804 0.078799
vt 0.750000 0.118096
vt 0.727273 0.078730
vt 0.714292 0.134976
vt 0.740254 0.134976
vt 0.772570 0.111991
vt 0.782552 0.125545
vt 0.772727 0.131218
vt 0.762903 0.125545
vt 0.789300 0.140968
vt 0.772728 0.142562
vt 0.782552 0.125545
vt 0.756314 0.140694
vt 0.772728 0.142562
vt 0.784091 0.098413
vt 0.795455 0.118096
vt 0.750000 0.118096
vt 0.806818 0.137778
vt 0.772728 0.157461
vt 0.795455 0.118096
vt 0.740254 0.134976
vt 0.753236 0.157461
vt 0.750000 0.118096
vt 0.863794 0.111991
vt 0.873461 0.125545
vt 0.863636 0.131218
vt 0.853812 0.125545
vt 0.880051 0.140694
vt 0.863637 0.142562
vt 0.873461 0.125545
vt 0.847065 0.140968
vt 0.853812 0.125545
vt 0.863637 0.142562
vt 0.876657 0.101147
vt 0.852273 0.098413
vt 0.886364 0.118096
vt 0.840909 0.118096
vt 0.883128 0.157461
vt 0.896110 0.134976
vt 0.863637 0.157461
vt 0.886364 0.118096
vt 0.829546 0.137778
vt 0.844105 0.157529
vt 0.840909 0.118096
vt 0.892677 0.095497
vt 0.909091 0.093629
vt 0.909091 0.104974
vt 0.899266 0.110646
vt 0.925505 0.095497
vt 0.918916 0.110646
vt 0.909091 0.093629
vt 0.909091 0.123928
vt 0.899266 0.110646
vt 0.889560 0.078799
vt 0.876657 0.101147
vt 0.886364 0.118096
vt 0.941525 0.101147
vt 0.928622 0.078799
vt 0.931818 0.118096
vt 0.909091 0.078730
vt 0.896110 0.134976
vt 0.922073 0.134976
vt 0.931818 0.118096
vt 0.954388 0.111991
vt 0.964370 0.125545
vt 0.954546 0.131218
vt 0.944721 0.125545
vt 0.971118 0.140968
vt 0.954546 0.142562
vt 0.964370 0.125545
vt 0.938131 0.140694
vt 0.954546 0.142562
vt 0.965909 0.098413
vt 0.977273 0.118096
vt 0.931818 0.118096
vt 0.974116 0.157461
vt 0.988636 0.137778
vt 0.954546 0.157461
vt 0.977273 0.118096
vt 0.922072 0.134976
vt 0.954546 0.157461
vt 0.392677 0.140694
vt 0.399267 0.125545
vt 0.409092 0.131218
vt 0.409092 0.142562
vt 0.408934 0.111991
vt 0.418916 0.125545
vt 0.399267 0.125545
vt 0.425664 0.140968
vt 0.409092 0.142562
vt 0.418916 0.125545
vt 0.376618 0.134976
vt 0.386364 0.118096
vt 0.409092 0.157461
vt 0.409092 0.078731
vt 0.420455 0.098413
vt 0.396071 0.101147
vt 0.431819 0.118096
vt 0.386364 0.118096
vt 0.443182 0.137778
vt 0.409092 0.157461
vt 0.431819 0.118096
vt 0.363637 0.123928
vt 0.353812 0.110646
vt 0.363637 0.104974
vt 0.373462 0.110646
vt 0.347223 0.095497
vt 0.363637 0.093629
vt 0.353812 0.110646
vt 0.380051 0.095497
vt 0.373462 0.110646
vt 0.363637 0.093629
vt 0.350656 0.134976
vt 0.376618 0.134976
vt 0.340910 0.118096
vt 0.344106 0.078799
vt 0.331203 0.101147
vt 0.363637 0.078731
vt 0.396071 0.101147
vt 0.383168 0.078799
vt 0.386364 0.118096
vt 0.347065 0.062237
vt 0.353812 0.046815
vt 0.363637 0.052487
vt 0.363637 0.063832
vt 0.363637 0.032987
vt 0.373462 0.046815
vt 0.380209 0.062237
vt 0.363637 0.063832
vt 0.373462 0.046815
vt 0.329546 0.059048
vt 0.344106 0.078799
vt 0.340910 0.039365
vt 0.363637 0.000000
vt 0.375001 0.019683
vt 0.352273 0.019683
vt 0.386364 0.039365
vt 0.397728 0.059048
vt 0.363637 0.078731
vt 0.136522 0.111991
vt 0.146189 0.125545
vt 0.136365 0.131218
vt 0.126540 0.125545
vt 0.152779 0.140694
vt 0.136365 0.142562
vt 0.146189 0.125545
vt 0.119793 0.140968
vt 0.126540 0.125545
vt 0.136365 0.142562
vt 0.149385 0.101147
vt 0.125001 0.098413
vt 0.159092 0.118096
vt 0.113637 0.118096
vt 0.168838 0.134976
vt 0.136365 0.157461
vt 0.102274 0.137778
vt 0.116833 0.157529
vt 0.113637 0.118096
vt 0.165405 0.095497
vt 0.181819 0.093629
vt 0.181819 0.104974
vt 0.171994 0.110646
vt 0.198233 0.095497
vt 0.191644 0.110646
vt 0.181819 0.093629
vt 0.181819 0.123928
vt 0.162288 0.078799
vt 0.149385 0.101147
vt 0.214253 0.101147
vt 0.204546 0.118096
vt 0.181819 0.078730
vt 0.168838 0.134976
vt 0.194800 0.134976
vt 0.227116 0.111991
vt 0.237098 0.125545
vt 0.227274 0.131218
vt 0.217449 0.125545
vt 0.243845 0.140968
vt 0.227274 0.142562
vt 0.210859 0.140694
vt 0.217449 0.125545
vt 0.227273 0.142562
vt 0.238637 0.098413
vt 0.214253 0.101147
vt 0.250001 0.118096
vt 0.204546 0.118096
vt 0.246805 0.157529
vt 0.261364 0.137778
vt 0.227274 0.157461
vt 0.250001 0.118096
vt 0.194800 0.134976
vt 0.207782 0.157461
vt 0.204546 0.118096
s 0
f 436/1/1 437/2/1 435/3/1 441/4/1
f 438/5/2 439/6/2 435/3/2 437/2/2
f 440/7/3 441/4/3 435/3/3 439/8/3
f 33/9/4 168/10/4 436/1/4 77/11/4
f 168/10/5 169/12/5 437/2/5 436/1/5
f 77/11/6 436/1/6 441/4/6 76/13/6
f 46/14/7 431/15/7 438/5/7 170/16/7
f 431/15/8 430/17/8 439/6/8 438/5/8
f 170/16/9 438/5/9 437/2/9 169/18/9
f 45/19/10 75/20/10 440/7/10 429/21/10
f 75/20/11 76/13/11 441/4/11 440/7/11
f 429/21/12 440/7/12 439/8/12 430/22/12
f 443/23/13 444/24/13 442/25/13 448/26/13
f 445/27/14 446/28/14 442/25/14 444/29/14
f 447/30/15 448/31/15 442/25/15 446/28/15
f 34/32/16 80/33/16 443/23/16 86/34/16
f 80/33/17 79/35/17 444/24/17 443/23/17
f 86/34/18 443/23/18 448/26/18 85/36/18
f 46/37/19 422/38/19 445/27/19 78/39/19
f 422/38/20 421/40/20 446/28/20 445/27/20
f 78/39/21 445/27/21 444/29/21 79/41/21
f 48/42/22 84/43/22 447/30/22 420/44/22
f 84/43/23 85/36/23 448/31/23 447/30/23
f 420/44/24 447/30/24 446/28/24 421/45/24
f 450/46/25 451/47/25 449/48/25 455/49/25
f 452/50/26 453/51/26 449/48/26 451/52/26
f 454/53/27 455/49/27 449/48/27 453/54/27
f 33/55/28 77/56/28 450/46/28 92/57/28
f 77/56/29 76/58/29 451/47/29 450/46/29
f 92/57/30 450/46/30 455/49/30 91/59/30
f 45/60/31 413/61/31 452/50/31 75/62/31
f 413/61/32 412/63/32 453/51/32 452/50/32
f 75/62/33 452/50/33 451/52/33 76/58/33
f 50/64/34 90/65/34 454/53/34 411/66/34
f 90/65/35 91/59/35 455/49/35 454/53/35
f 411/66/36 454/53/36 453/54/36 412/67/36
f 457/68/37 458/69/37 456/70/37 462/71/37
f 459/72/38 460/73/38 456/70/38 458/69/38
f 461/74/39 462/71/39 456/70/39 460/75/39
f 33/76/40 92/77/40 457/68/40 98/78/40
f 92/77/41 91/79/41 458/69/41 457/68/41
f 98/78/42 457/68/42 462/71/42 97/80/42
f 50/81/43 404/82/43 459/72/43 90/83/43
f 404/82/44 403/84/44 460/73/44 459/72/44
f 90/83/45 459/72/45 458/69/45 91/79/45
f 52/85/46 96/86/46 461/74/46 402/87/46
f 96/86/47 97/80/47 462/71/47 461/74/47
f 402/87/48 461/74/48 460/75/48 403/88/48
f 464/89/49 465/90/49 463/91/49 469/92/49
f 466/93/50 467/94/50 463/91/50 465/95/50
f 468/96/51 469/97/51 463/91/51 467/98/51
f 33/99/52 98/100/52 464/89/52 177/101/52
f 98/100/53 97/102/53 465/90/53 464/89/53
f 177/101/54 464/89/54 469/92/54 178/103/54
f 52/104/55 395/105/55 466/93/55 96/106/55
f 395/105/56 394/107/56 467/94/56 466/93/56
f 96/106/57 466/93/57 465/95/57 97/102/57
f 49/108/58 179/109/58 468/96/58 393/110/58
f 179/109/59 178/103/59 469/97/59 468/96/59
f 393/110/60 468/96/60 467/98/60 394/111/60
f 471/112/61 472/113/61 470/114/61 476/115/61
f 473/116/62 474/117/62 470/114/62 472/118/62
f 475/119/63 476/120/63 470/114/63 474/117/63
f 34/32/64 86/121/64 471/112/64 107/122/64
f 86/121/65 85/123/65 472/113/65 471/112/65
f 107/122/66 471/112/66 476/115/66 106/124/66
f 48/42/67 386/125/67 473/116/67 84/43/67
f 386/125/68 385/126/68 474/117/68 473/116/68
f 84/43/69 473/116/69 472/118/69 85/123/69
f 55/127/70 105/128/70 475/119/70 384/129/70
f 105/128/71 106/124/71 476/120/71 475/119/71
f 384/129/72 475/119/72 474/117/72 385/130/72
f 478/131/73 479/132/73 477/133/73 483/134/73
f 480/135/74 481/136/74 477/133/74 479/132/74
f 482/137/75 483/134/75 477/133/75 481/136/75
f 35/138/76 83/139/76 478/131/76 113/140/76
f 83/139/77 82/141/77 479/132/77 478/131/77
f 113/140/78 478/131/78 483/134/78 112/142/78
f 47/143/79 377/144/79 480/135/79 81/145/79
f 377/144/80 376/146/80 481/136/80 480/135/80
f 81/145/81 480/135/81 479/132/81 82/141/81
f 57/147/82 111/148/82 482/137/82 375/149/82
f 111/148/83 112/150/83 483/134/83 482/137/83
f 375/149/84 482/137/84 481/136/84 376/151/84
f 485/152/85 486/153/85 484/154/85 490/155/85
f 487/156/86 488/157/86 484/154/86 486/158/86
f 489/159/87 490/160/87 484/154/87 488/157/87
f 36/161/88 95/162/88 485/152/88 119/163/88
f 95/162/89 94/164/89 486/153/89 485/152/89
f 119/163/90 485/152/90 490/155/90 118/165/90
f 51/166/91 368/167/91 487/156/91 93/168/91
f 368/167/92 367/169/92 488/157/92 487/156/92
f 93/168/93 487/156/93 486/158/93 94/164/93
f 59/170/94 117/171/94 489/159/94 366/172/94
f 117/171/95 118/165/95 490/160/95 489/159/95
f 366/172/96 489/159/96 488/157/96 367/169/96
f 492/173/97 493/174/97 491/175/97 497/176/97
f 494/177/98 495/178/98 491/175/98 493/179/98
f 496/180/99 497/181/99 491/175/99 495/178/99
f 37/182/100 101/183/100 492/173/100 125/184/100
f 101/183/101 100/185/101 493/174/101 492/173/101
f 125/184/102 492/173/102 497/176/102 124/186/102
f 53/187/103 359/188/103 494/177/103 99/189/103
f 359/188/104 358/190/104 495/178/104 494/177/104
f 99/189/105 494/177/105 493/179/105 100/185/105
f 61/191/106 123/192/106 496/180/106 357/193/106
f 123/192/107 124/194/107 497/181/107 496/180/107
f 357/193/108 496/180/108 495/178/108 358/195/108
f 499/196/109 500/197/109 498/198/109 504/199/109
f 501/200/110 502/201/110 498/198/110 500/197/110
f 503/202/111 504/203/111 498/198/111 502/201/111
f 38/204/112 104/205/112 499/196/112 131/206/112
f 104/205/113 103/207/113 500/197/113 499/196/113
f 131/206/114 499/196/114 504/199/114 130/208/114
f 54/209/115 350/210/115 501/200/115 102/211/115
f 350/210/116 349/212/116 502/201/116 501/200/116
f 102/211/117 501/200/117 500/197/117 103/207/117
f 63/213/118 129/214/118 503/202/118 348/215/118
f 129/214/119 130/208/119 504/203/119 503/202/119
f 348/215/120 503/202/120 502/201/120 349/212/120
f 506/216/121 507/217/121 505/218/121 511/219/121
f 508/220/122 509/221/122 505/218/122 507/222/122
f 510/223/123 511/219/123 505/218/123 509/224/123
f 34/32/124 107/225/124 506/216/124 204/226/124
f 107/225/125 106/227/125 507/217/125 506/216/125
f 204/226/126 506/216/126 511/219/126 205/228/126
f 55/127/127 341/229/127 508/220/127 105/230/127
f 341/229/128 340/231/128 509/221/128 508/220/128
f 105/230/129 508/220/129 507/222/129 106/124/129
f 58/232/130 206/233/130 510/223/130 339/234/130
f 206/233/131 205/235/131 511/219/131 510/223/131
f 339/234/132 510/223/132 509/224/132 340/236/132
f 513/237/133 514/238/133 512/239/133 518/240/133
f 515/241/134 516/242/134 512/239/134 514/243/134
f 517/244/135 518/245/135 512/239/135 516/246/135
f 35/138/136 113/247/136 513/237/136 210/248/136
f 113/247/137 112/249/137 514/238/137 513/237/137
f 210/248/138 513/237/138 518/240/138 211/250/138
f 57/147/139 332/251/139 515/241/139 111/252/139
f 332/251/140 331/253/140 516/242/140 515/241/140
f 111/252/141 515/241/141 514/243/141 112/142/141
f 60/254/142 212/255/142 517/244/142 330/256/142
f 212/255/143 211/250/143 518/245/143 517/244/143
f 330/256/144 517/244/144 516/246/144 331/253/144
f 520/257/145 521/258/145 519/259/145 525/260/145
f 522/261/146 523/262/146 519/259/146 521/263/146
f 524/264/147 525/260/147 519/259/147 523/265/147
f 36/161/148 119/266/148 520/257/148 216/267/148
f 119/266/149 118/268/149 521/258/149 520/257/149
f 216/267/150 520/257/150 525/260/150 217/269/150
f 59/170/151 323/270/151 522/261/151 117/271/151
f 323/270/152 322/272/152 523/262/152 522/261/152
f 117/271/153 522/261/153 521/263/153 118/273/153
f 62/274/154 218/275/154 524/264/154 321/276/154
f 218/275/155 217/277/155 525/260/155 524/264/155
f 321/276/156 524/264/156 523/265/156 322/278/156
f 527/279/157 528/280/157 526/281/157 532/282/157
f 529/283/158 530/284/158 526/281/158 528/285/158
f 531/286/159 532/282/159 526/281/159 530/284/159
f 37/182/160 125/287/160 527/279/160 222/288/160
f 125/287/161 124/289/161 528/280/161 527/279/161
f 222/288/162 527/279/162 532/282/162 223/290/162
f 61/191/163 314/291/163 529/283/163 123/292/163
f 314/291/164 313/293/164 530/284/164 529/283/164
f 123/292/165 529/283/165 528/285/165 124/186/165
f 64/294/166 224/295/166 531/286/166 312/296/166
f 224/295/167 223/297/167 532/282/167 531/286/167
f 312/296/168 531/286/168 530/284/168 313/298/168
f 534/299/169 535/300/169 533/301/169 539/302/169
f 536/303/170 537/304/170 533/301/170 535/305/170
f 538/306/171 539/307/171 533/301/171 537/308/171
f 38/204/172 131/309/172 534/299/172 198/310/172
f 131/309/173 130/311/173 535/300/173 534/299/173
f 198/310/174 534/299/174 539/302/174 199/312/174
f 63/213/175 305/313/175 536/303/175 129/314/175
f 305/313/176 304/315/176 537/304/176 536/303/176
f 129/314/177 536/303/177 535/305/177 130/316/177
f 56/317/178 200/318/178 538/306/178 303/319/178
f 200/318/179 199/320/179 539/307/179 538/306/179
f 303/319/180 538/306/180 537/308/180 304/321/180
f 541/322/181 542/323/181 540/324/181 546/325/181
f 543/326/182 544/327/182 540/324/182 542/328/182
f 545/329/183 546/325/183 540/324/183 544/330/183
f 39/331/184 137/332/184 541/322/184 152/333/184
f 137/332/185 136/334/185 542/323/185 541/322/185
f 152/333/186 541/322/186 546/325/186 151/335/186
f 65/336/187 296/337/187 543/326/187 135/338/187
f 296/337/188 295/339/188 544/327/188 543/326/188
f 135/338/189 543/326/189 542/328/189 136/340/189
f 70/341/190 150/342/190 545/329/190 294/343/190
f 150/342/191 151/344/191 546/325/191 545/329/191
f 294/343/192 545/329/192 544/330/192 295/345/192
f 548/346/193 549/347/193 547/348/193 553/349/193
f 550/350/194 551/351/194 547/348/194 549/352/194
f 552/353/195 553/349/195 547/348/195 551/354/195
f 40/355/196 140/356/196 548/346/196 158/357/196
f 140/356/197 139/358/197 549/347/197 548/346/197
f 158/357/198 548/346/198 553/349/198 157/359/198
f 66/360/199 287/361/199 550/350/199 138/362/199
f 287/361/200 286/363/200 551/351/200 550/350/200
f 138/362/201 550/350/201 549/352/201 139/358/201
f 72/364/202 156/365/202 552/353/202 285/366/202
f 156/365/203 157/367/203 553/349/203 552/353/203
f 285/366/204 552/353/204 551/354/204 286/368/204
f 555/369/205 556/370/205 554/371/205 560/372/205
f 557/373/206 558/374/206 554/371/206 556/375/206
f 559/376/207 560/372/207 554/371/207 558/377/207
f 41/378/208 143/379/208 555/369/208 161/380/208
f 143/379/209 142/381/209 556/370/209 555/369/209
f 161/380/210 555/369/210 560/372/210 160/382/210
f 67/383/211 278/384/211 557/373/211 141/385/211
f 278/384/212 277/386/212 558/374/212 557/373/212
f 141/385/213 557/373/213 556/375/213 142/387/213
f 73/388/214 159/389/214 559/376/214 276/390/214
f 159/389/215 160/391/215 560/372/215 559/376/215
f 276/390/216 559/376/216 558/377/216 277/392/216
f 562/393/217 563/394/217 561/395/217 567/396/217
f 564/397/218 565/398/218 561/395/218 563/399/218
f 566/400/219 567/401/219 561/395/219 565/402/219
f 42/403/220 146/404/220 562/393/220 164/405/220
f 146/404/221 145/406/221 563/394/221 562/393/221
f 164/405/222 562/393/222 567/396/222 163/407/222
f 68/408/223 269/409/223 564/397/223 144/410/223
f 269/409/224 268/411/224 565/398/224 564/397/224
f 144/410/225 564/397/225 563/399/225 145/406/225
f 74/412/226 162/413/226 566/400/226 267/414/226
f 162/413/227 163/415/227 567/401/227 566/400/227
f 267/414/228 566/400/228 565/402/228 268/416/228
f 569/417/229 570/418/229 568/419/229 574/420/229
f 571/421/230 572/422/230 568/419/230 570/423/230
f 573/424/231 574/425/231 568/419/231 572/426/231
f 43/427/232 149/428/232 569/417/232 243/429/232
f 149/428/233 148/430/233 570/418/233 569/417/233
f 243/429/234 569/417/234 574/420/234 244/431/234
f 69/432/235 260/433/235 571/421/235 147/434/235
f 260/433/236 259/435/236 572/422/236 571/421/236
f 147/434/237 571/421/237 570/423/237 148/430/237
f 71/436/238 245/437/238 573/424/238 258/438/238
f 245/437/239 244/439/239 574/425/239 573/424/239
f 258/438/240 573/424/240 572/426/240 259/440/240
f 576/441/241 577/442/241 575/443/241 581/444/241
f 578/445/242 579/446/242 575/443/242 577/447/242
f 580/448/243 581/449/243 575/443/243 579/446/243
f 71/436/244 255/450/244 576/441/244 153/451/244
f 255/450/245 256/452/245 577/442/245 576/441/245
f 153/451/246 576/441/246 581/444/246 154/453/246
f 74/454/247 254/455/247 578/445/247 257/456/247
f 254/455/248 253/457/248 579/446/248 578/445/248
f 257/456/249 578/445/249 577/447/249 256/452/249
f 44/458/250 155/459/250 580/448/250 252/460/250
f 155/459/251 154/453/251 581/449/251 580/448/251
f 252/460/252 580/448/252 579/446/252 253/457/252
f 583/461/253 584/462/253 582/463/253 588/464/253
f 585/465/254 586/466/254 582/463/254 584/462/254
f 587/467/255 588/468/255 582/463/255 586/469/255
f 71/436/256 258/470/256 583/461/256 255/471/256
f 258/470/257 259/472/257 584/462/257 583/461/257
f 255/471/258 583/461/258 588/464/258 256/473/258
f 69/432/259 263/474/259 585/465/259 260/433/259
f 263/474/260 262/475/260 586/466/260 585/465/260
f 260/433/261 585/465/261 584/462/261 259/476/261
f 74/454/262 257/477/262 587/467/262 261/478/262
f 257/477/263 256/479/263 588/468/263 587/467/263
f 261/478/264 587/467/264 586/469/264 262/480/264
f 590/481/265 591/482/265 589/483/265 595/484/265
f 592/485/266 593/486/266 589/483/266 591/487/266
f 594/488/267 595/489/267 589/483/267 593/490/267
f 69/432/268 239/491/268 590/481/268 263/474/268
f 239/491/269 238/492/269 591/482/269 590/481/269
f 263/474/270 590/481/270 595/484/270 262/493/270
f 42/403/271 164/494/271 592/485/271 237/495/271
f 164/494/272 163/496/272 593/486/272 592/485/272
f 237/495/273 592/485/273 591/487/273 238/492/273
f 74/454/274 261/497/274 594/488/274 162/498/274
f 261/497/275 262/480/275 595/489/275 594/488/275
f 162/498/276 594/488/276 593/490/276 163/499/276
f 597/500/277 598/501/277 596/502/277 602/503/277
f 599/504/278 600/505/278 596/502/278 598/506/278
f 601/507/279 602/508/279 596/502/279 600/509/279
f 74/412/280 264/510/280 597/500/280 254/511/280
f 264/510/281 265/512/281 598/501/281 597/500/281
f 254/511/282 597/500/282 602/503/282 253/513/282
f 73/514/283 251/515/283 599/504/283 266/516/283
f 251/515/284 250/517/284 600/505/284 599/504/284
f 266/516/285 599/504/285 598/506/285 265/518/285
f 44/519/286 252/520/286 601/507/286 249/521/286
f 252/520/287 253/513/287 602/508/287 601/507/287
f 249/521/288 601/507/288 600/509/288 250/517/288
f 604/522/289 605/523/289 603/524/289 609/525/289
f 606/526/290 607/527/290 603/524/290 605/523/290
f 608/528/291 609/529/291 603/524/291 607/530/291
f 74/412/292 267/531/292 604/522/292 264/532/292
f 267/531/293 268/533/293 605/523/293 604/522/293
f 264/532/294 604/522/294 609/525/294 265/512/294
f 68/408/295 272/534/295 606/526/295 269/535/295
f 272/534/296 271/536/296 607/527/296 606/526/296
f 269/535/297 606/526/297 605/523/297 268/537/297
f 73/514/298 266/538/298 608/528/298 270/539/298
f 266/538/299 265/540/299 609/529/299 608/528/299
f 270/539/300 608/528/300 607/530/300 271/541/300
f 611/542/301 612/543/301 610/544/301 616/545/301
f 613/546/302 614/547/302 610/544/302 612/543/302
f 615/548/303 616/545/303 610/544/303 614/549/303
f 68/408/304 236/550/304 611/542/304 272/534/304
f 236/550/305 235/551/305 612/543/305 611/542/305
f 272/534/306 611/542/306 616/545/306 271/536/306
f 41/378/307 161/552/307 613/546/307 234/553/307
f 161/552/308 160/554/308 614/547/308 613/546/308
f 234/553/309 613/546/309 612/543/309 235/551/309
f 73/514/310 270/555/310 615/548/310 159/556/310
f 270/555/311 271/541/311 616/545/311 615/548/311
f 159/556/312 615/548/312 614/549/312 160/557/312
f 618/558/313 619/559/313 617/560/313 623/561/313
f 620/562/314 621/563/314 617/560/314 619/564/314
f 622/565/315 623/566/315 617/560/315 621/567/315
f 73/388/316 273/568/316 618/558/316 251/569/316
f 273/568/317 274/570/317 619/559/317 618/558/317
f 251/569/318 618/558/318 623/561/318 250/571/318
f 72/572/319 248/573/319 620/562/319 275/574/319
f 248/573/320 247/575/320 621/563/320 620/562/320
f 275/574/321 620/562/321 619/564/321 274/570/321
f 44/576/322 249/577/322 622/565/322 246/578/322
f 249/577/323 250/571/323 623/566/323 622/565/323
f 246/578/324 622/565/324 621/567/324 247/575/324
f 625/579/325 626/580/325 624/581/325 630/582/325
f 627/583/326 628/584/326 624/581/326 626/585/326
f 629/586/327 630/582/327 624/581/327 628/587/327
f 73/388/328 276/390/328 625/579/328 273/588/328
f 276/390/329 277/589/329 626/580/329 625/579/329
f 273/588/330 625/579/330 630/582/330 274/590/330
f 67/383/331 281/591/331 627/583/331 278/384/331
f 281/591/332 280/592/332 628/584/332 627/583/332
f 278/384/333 627/583/333 626/585/333 277/593/333
f 72/572/334 275/594/334 629/586/334 279/595/334
f 275/594/335 274/596/335 630/582/335 629/586/335
f 279/595/336 629/586/336 628/587/336 280/597/336
f 632/598/337 633/599/337 631/600/337 637/601/337
f 634/602/338 635/603/338 631/600/338 633/599/338
f 636/604/339 637/605/339 631/600/339 635/606/339
f 67/383/340 233/607/340 632/598/340 281/608/340
f 233/607/341 232/609/341 633/599/341 632/598/341
f 281/608/342 632/598/342 637/601/342 280/610/342
f 40/611/343 158/612/343 634/602/343 231/613/343
f 158/612/344 157/614/344 635/603/344 634/602/344
f 231/613/345 634/602/345 633/599/345 232/609/345
f 72/572/346 279/615/346 636/604/346 156/616/346
f 279/615/347 280/617/347 637/605/347 636/604/347
f 156/616/348 636/604/348 635/606/348 157/618/348
f 639/619/349 640/620/349 638/621/349 644/622/349
f 641/623/350 642/624/350 638/621/350 640/625/350
f 643/626/351 644/627/351 638/621/351 642/628/351
f 72/364/352 282/629/352 639/619/352 248/630/352
f 282/629/353 283/631/353 640/620/353 639/619/353
f 248/630/354 639/619/354 644/622/354 247/632/354
f 70/633/355 242/634/355 641/623/355 284/635/355
f 242/634/356 241/636/356 642/624/356 641/623/356
f 284/635/357 641/623/357 640/625/357 283/631/357
f 44/637/358 246/638/358 643/626/358 240/639/358
f 246/638/359 247/632/359 644/627/359 643/626/359
f 240/639/360 643/626/360 642/628/360 241/640/360
f 646/641/361 647/642/361 645/643/361 651/644/361
f 648/645/362 649/646/362 645/643/362 647/642/362
f 650/647/363 651/644/363 645/643/363 649/648/363
f 72/364/364 285/366/364 646/641/364 282/649/364
f 285/366/365 286/650/365 647/642/365 646/641/365
f 282/649/366 646/641/366 651/644/366 283/631/366
f 66/360/367 290/651/367 648/645/367 287/652/367
f 290/651/368 289/653/368 649/646/368 648/645/368
f 287/652/369 648/645/369 647/642/369 286/654/369
f 70/633/370 284/655/370 650/647/370 288/656/370
f 284/655/371 283/657/371 651/644/371 650/647/371
f 288/656/372 650/647/372 649/648/372 289/658/372
f 653/659/373 654/660/373 652/661/373 658/662/373
f 655/663/374 656/664/374 652/661/374 654/665/374
f 657/666/375 658/662/375 652/661/375 656/667/375
f 66/360/376 230/668/376 653/659/376 290/669/376
f 230/668/377 229/670/377 654/660/377 653/659/377
f 290/669/378 653/659/378 658/662/378 289/671/378
f 39/331/379 152/672/379 655/663/379 228/673/379
f 152/672/380 151/674/380 656/664/380 655/663/380
f 228/673/381 655/663/381 654/665/381 229/675/381
f 70/633/382 288/676/382 657/666/382 150/677/382
f 288/676/383 289/678/383 658/662/383 657/666/383
f 150/677/384 657/666/384 656/667/384 151/679/384
f 660/680/385 661/681/385 659/682/385 665/683/385
f 662/684/386 663/685/386 659/682/386 661/686/386
f 664/687/387 665/688/387 659/682/387 663/689/387
f 70/341/388 291/690/388 660/680/388 242/691/388
f 291/690/389 292/692/389 661/681/389 660/680/389
f 242/691/390 660/680/390 665/683/390 241/693/390
f 71/694/391 153/695/391 662/684/391 293/696/391
f 153/695/392 154/697/392 663/685/392 662/684/392
f 293/696/393 662/684/393 661/686/393 292/692/393
f 44/698/394 240/699/394 664/687/394 155/700/394
f 240/699/395 241/693/395 665/688/395 664/687/395
f 155/700/396 664/687/396 663/689/396 154/697/396
f 667/701/397 668/702/397 666/703/397 672/704/397
f 669/705/398 670/706/398 666/703/398 668/702/398
f 671/707/399 672/708/399 666/703/399 670/709/399
f 70/341/400 294/343/400 667/701/400 291/710/400
f 294/343/401 295/339/401 668/702/401 667/701/401
f 291/710/402 667/701/402 672/704/402 292/692/402
f 65/336/403 299/711/403 669/705/403 296/337/403
f 299/711/404 298/712/404 670/706/404 669/705/404
f 296/337/405 669/705/405 668/702/405 295/713/405
f 71/694/406 293/714/406 671/707/406 297/715/406
f 293/714/407 292/716/407 672/708/407 671/707/407
f 297/715/408 671/707/408 670/709/408 298/717/408
f 674/718/409 675/719/409 673/720/409 679/721/409
f 676/722/410 677/723/410 673/720/410 675/719/410
f 678/724/411 679/725/411 673/720/411 677/726/411
f 65/336/412 227/727/412 674/718/412 299/728/412
f 227/727/413 226/729/413 675/719/413 674/718/413
f 299/728/414 674/718/414 679/721/414 298/730/414
f 43/427/415 243/731/415 676/722/415 225/732/415
f 243/731/416 244/733/416 677/723/416 676/722/416
f 225/732/417 676/722/417 675/719/417 226/734/417
f 71/694/418 297/735/418 678/724/418 245/736/418
f 297/735/419 298/717/419 679/725/419 678/724/419
f 245/736/420 678/724/420 677/726/420 244/737/420
f 681/738/421 682/739/421 680/740/421 686/741/421
f 683/742/422 684/743/422 680/740/422 682/744/422
f 685/745/423 686/746/423 680/740/423 684/747/423
f 56/317/424 300/748/424 681/738/424 108/749/424
f 300/748/425 301/750/425 682/739/425 681/738/425
f 108/749/426 681/738/426 686/741/426 109/751/426
f 69/432/427 147/434/427 683/742/427 302/752/427
f 147/434/428 148/753/428 684/743/428 683/742/428
f 302/752/429 683/742/429 682/744/429 301/754/429
f 43/427/430 110/755/430 685/745/430 149/756/430
f 110/755/431 109/751/431 686/746/431 685/745/431
f 149/756/432 685/745/432 684/747/432 148/757/432
f 688/758/433 689/759/433 687/760/433 693/761/433
f 690/762/434 691/763/434 687/760/434 689/764/434
f 692/765/435 693/761/435 687/760/435 691/766/435
f 56/317/436 303/767/436 688/758/436 300/768/436
f 303/767/437 304/769/437 689/759/437 688/758/437
f 300/768/438 688/758/438 693/761/438 301/770/438
f 63/213/439 308/771/439 690/762/439 305/772/439
f 308/771/440 307/773/440 691/763/440 690/762/440
f 305/772/441 690/762/441 689/764/441 304/774/441
f 69/432/442 302/775/442 692/765/442 306/776/442
f 302/775/443 301/770/443 693/761/443 692/765/443
f 306/776/444 692/765/444 691/766/444 307/777/444
f 695/778/445 696/779/445 694/780/445 700/781/445
f 697/782/446 698/783/446 694/780/446 696/779/446
f 699/784/447 700/785/447 694/780/447 698/783/447
f 63/213/448 221/786/448 695/778/448 308/771/448
f 221/786/449 220/787/449 696/779/449 695/778/449
f 308/771/450 695/778/450 700/781/450 307/777/450
f 42/403/451 237/495/451 697/782/451 219/788/451
f 237/495/452 238/492/452 698/783/452 697/782/452
f 219/788/453 697/782/453 696/779/453 220/787/453
f 69/432/454 306/789/454 699/784/454 239/790/454
f 306/789/455 307/773/455 700/785/455 699/784/455
f 239/790/456 699/784/456 698/783/456 238/791/456
f 702/792/457 703/793/457 701/794/457 707/795/457
f 704/796/458 705/797/458 701/794/458 703/793/458
f 706/798/459 707/799/459 701/794/459 705/800/459
f 64/294/460 309/801/460 702/792/460 132/802/460
f 309/801/461 310/803/461 703/793/461 702/792/461
f 132/802/462 702/792/462 707/795/462 133/804/462
f 68/408/463 144/805/463 704/796/463 311/806/463
f 144/805/464 145/807/464 705/797/464 704/796/464
f 311/806/465 704/796/465 703/793/465 310/808/465
f 42/403/466 134/809/466 706/798/466 146/810/466
f 134/809/467 133/811/467 707/799/467 706/798/467
f 146/810/468 706/798/468 705/800/468 145/812/468
f 709/813/469 710/814/469 708/815/469 714/816/469
f 711/817/470 712/818/470 708/815/470 710/819/470
f 713/820/471 714/816/471 708/815/471 712/818/471
f 64/294/472 312/821/472 709/813/472 309/801/472
f 312/821/473 313/822/473 710/814/473 709/813/473
f 309/801/474 709/813/474 714/816/474 310/808/474
f 61/191/475 317/823/475 711/817/475 314/824/475
f 317/823/476 316/825/476 712/818/476 711/817/476
f 314/824/477 711/817/477 710/819/477 313/826/477
f 68/408/478 311/827/478 713/820/478 315/828/478
f 311/827/479 310/829/479 714/816/479 713/820/479
f 315/828/480 713/820/480 712/818/480 316/830/480
f 716/831/481 717/832/481 715/833/481 721/834/481
f 718/835/482 719/836/482 715/833/482 717/837/482
f 720/838/483 721/839/483 715/833/483 719/836/483
f 61/191/484 215/840/484 716/831/484 317/841/484
f 215/840/485 214/842/485 717/832/485 716/831/485
f 317/841/486 716/831/486 721/834/486 316/830/486
f 41/378/487 234/843/487 718/835/487 213/844/487
f 234/843/488 235/551/488 719/836/488 718/835/488
f 213/844/489 718/835/489 717/837/489 214/842/489
f 68/408/490 315/828/490 720/838/490 236/845/490
f 315/828/491 316/846/491 721/839/491 720/838/491
f 236/845/492 720/838/492 719/836/492 235/847/492
f 723/848/493 724/849/493 722/850/493 728/851/493
f 725/852/494 726/853/494 722/850/494 724/854/494
f 727/855/495 728/851/495 722/850/495 726/856/495
f 62/274/496 318/857/496 723/848/496 126/858/496
f 318/857/497 319/859/497 724/849/497 723/848/497
f 126/858/498 723/848/498 728/851/498 127/860/498
f 67/383/499 141/861/499 725/852/499 320/862/499
f 141/861/500 142/863/500 726/853/500 725/852/500
f 320/862/501 725/852/501 724/854/501 319/864/501
f 41/378/502 128/865/502 727/855/502 143/866/502
f 128/865/503 127/860/503 728/851/503 727/855/503
f 143/866/504 727/855/504 726/856/504 142/863/504
f 730/867/505 731/868/505 729/869/505 735/870/505
f 732/871/506 733/872/506 729/869/506 731/873/506
f 734/874/507 735/875/507 729/869/507 733/872/507
f 62/274/508 321/876/508 730/867/508 318/877/508
f 321/876/509 322/878/509 731/868/509 730/867/509
f 318/877/510 730/867/510 735/870/510 319/864/510
f 59/170/511 326/879/511 732/871/511 323/880/511
f 326/879/512 325/881/512 733/872/512 732/871/512
f 323/880/513 732/871/513 731/873/513 322/878/513
f 67/383/514 320/882/514 734/874/514 324/883/514
f 320/882/515 319/864/515 735/875/515 734/874/515
f 324/883/516 734/874/516 733/872/516 325/884/516
f 737/885/517 738/886/517 736/887/517 742/888/517
f 739/889/518 740/890/518 736/887/518 738/891/518
f 741/892/519 742/893/519 736/887/519 740/894/519
f 59/170/520 209/895/520 737/885/520 326/896/520
f 209/895/521 208/897/521 738/886/521 737/885/521
f 326/896/522 737/885/522 742/888/522 325/884/522
f 40/611/523 231/898/523 739/889/523 207/899/523
f 231/898/524 232/900/524 740/890/524 739/889/524
f 207/899/525 739/889/525 738/891/525 208/897/525
f 67/383/526 324/883/526 741/892/526 233/901/526
f 324/883/527 325/902/527 742/893/527 741/892/527
f 233/901/528 741/892/528 740/894/528 232/903/528
f 744/904/529 745/905/529 743/906/529 749/907/529
f 746/908/530 747/909/530 743/906/530 745/910/530
f 748/911/531 749/907/531 743/906/531 747/912/531
f 60/254/532 327/913/532 744/904/532 120/914/532
f 327/913/533 328/915/533 745/905/533 744/904/533
f 120/914/534 744/904/534 749/907/534 121/916/534
f 66/360/535 138/362/535 746/908/535 329/917/535
f 138/362/536 139/918/536 747/909/536 746/908/536
f 329/917/537 746/908/537 745/910/537 328/919/537
f 40/355/538 122/920/538 748/911/538 140/921/538
f 122/920/539 121/922/539 749/907/539 748/911/539
f 140/921/540 748/911/540 747/912/540 139/923/540
f 751/924/541 752/925/541 750/926/541 756/927/541
f 753/928/542 754/929/542 750/926/542 752/930/542
f 755/931/543 756/932/543 750/926/543 754/933/543
f 60/254/544 330/934/544 751/924/544 327/935/544
f 330/934/545 331/936/545 752/925/545 751/924/545
f 327/935/546 751/924/546 756/927/546 328/937/546
f 57/147/547 335/938/547 753/928/547 332/939/547
f 335/938/548 334/940/548 754/929/548 753/928/548
f 332/939/549 753/928/549 752/930/549 331/941/549
f 66/360/550 329/942/550 755/931/550 333/943/550
f 329/942/551 328/919/551 756/932/551 755/931/551
f 333/943/552 755/931/552 754/933/552 334/944/552
f 758/945/553 759/946/553 757/947/553 763/948/553
f 760/949/554 761/950/554 757/947/554 759/951/554
f 762/952/555 763/953/555 757/947/555 761/954/555
f 57/147/556 203/955/556 758/945/556 335/938/556
f 203/955/557 202/956/557 759/946/557 758/945/557
f 335/938/558 758/945/558 763/948/558 334/957/558
f 39/331/559 228/958/559 760/949/559 201/959/559
f 228/958/560 229/675/560 761/950/560 760/949/560
f 201/959/561 760/949/561 759/951/561 202/960/561
f 66/360/562 333/961/562 762/952/562 230/668/562
f 333/961/563 334/962/563 763/953/563 762/952/563
f 230/668/564 762/952/564 761/954/564 229/963/564
f 765/964/565 766/965/565 764/966/565 770/967/565
f 767/968/566 768/969/566 764/966/566 766/970/566
f 769/971/567 770/972/567 764/966/567 768/973/567
f 58/232/568 336/974/568 765/964/568 114/975/568
f 336/974/569 337/976/569 766/965/569 765/964/569
f 114/975/570 765/964/570 770/967/570 115/977/570
f 65/336/571 135/338/571 767/968/571 338/978/571
f 135/338/572 136/979/572 768/969/572 767/968/572
f 338/978/573 767/968/573 766/970/573 337/980/573
f 39/331/574 116/981/574 769/971/574 137/982/574
f 116/981/575 115/977/575 770/972/575 769/971/575
f 137/982/576 769/971/576 768/973/576 136/983/576
f 772/984/577 773/985/577 771/986/577 777/987/577
f 774/988/578 775/989/578 771/986/578 773/990/578
f 776/991/579 777/992/579 771/986/579 775/993/579
f 58/232/580 339/994/580 772/984/580 336/995/580
f 339/994/581 340/236/581 773/985/581 772/984/581
f 336/995/582 772/984/582 777/987/582 337/980/582
f 55/127/583 344/996/583 774/988/583 341/997/583
f 344/996/584 343/998/584 775/989/584 774/988/584
f 341/997/585 774/988/585 773/990/585 340/236/585
f 65/336/586 338/999/586 776/991/586 342/1000/586
f 338/999/587 337/980/587 777/992/587 776/991/587
f 342/1000/588 776/991/588 775/993/588 343/1001/588
f 779/1002/589 780/1003/589 778/1004/589 784/1005/589
f 781/1006/590 782/1007/590 778/1004/590 780/1008/590
f 783/1009/591 784/1010/591 778/1004/591 782/1011/591
f 55/127/592 197/1012/592 779/1002/592 344/996/592
f 197/1012/593 196/1013/593 780/1003/593 779/1002/593
f 344/996/594 779/1002/594 784/1005/594 343/1014/594
f 43/427/595 225/732/595 781/1006/595 195/1015/595
f 225/732/596 226/734/596 782/1007/596 781/1006/596
f 195/1015/597 781/1006/597 780/1008/597 196/1016/597
f 65/336/598 342/1017/598 783/1009/598 227/727/598
f 342/1017/599 343/1018/599 784/1010/599 783/1009/599
f 227/727/600 783/1009/600 782/1011/600 226/1019/600
f 786/1020/601 787/1021/601 785/1022/601 791/1023/601
f 788/1024/602 789/1025/602 785/1022/602 787/1021/602
f 790/1026/603 791/1027/603 785/1022/603 789/1028/603
f 63/213/604 345/1029/604 786/1020/604 221/1030/604
f 345/1029/605 346/1031/605 787/1021/605 786/1020/605
f 221/1030/606 786/1020/606 791/1023/606 220/1032/606
f 64/294/607 132/1033/607 788/1024/607 347/1034/607
f 132/1033/608 133/1035/608 789/1025/608 788/1024/608
f 347/1034/609 788/1024/609 787/1021/609 346/1036/609
f 42/403/610 219/1037/610 790/1026/610 134/1038/610
f 219/1037/611 220/1039/611 791/1027/611 790/1026/611
f 134/1038/612 790/1026/612 789/1028/612 133/811/612
f 793/1040/613 794/1041/613 792/1042/613 798/1043/613
f 795/1044/614 796/1045/614 792/1042/614 794/1046/614
f 797/1047/615 798/1043/615 792/1042/615 796/1048/615
f 63/213/616 348/1049/616 793/1040/616 345/1050/616
f 348/1049/617 349/1051/617 794/1041/617 793/1040/617
f 345/1050/618 793/1040/618 798/1043/618 346/1052/618
f 54/209/619 353/1053/619 795/1044/619 350/210/619
f 353/1053/620 352/1054/620 796/1045/620 795/1044/620
f 350/210/621 795/1044/621 794/1046/621 349/212/621
f 64/294/622 347/1055/622 797/1047/622 351/1056/622
f 347/1055/623 346/1052/623 798/1043/623 797/1047/623
f 351/1056/624 797/1047/624 796/1048/624 352/1057/624
f 800/1058/625 801/1059/625 799/1060/625 805/1061/625
f 802/1062/626 803/1063/626 799/1060/626 801/1059/626
f 804/1064/627 805/1065/627 799/1060/627 803/1066/627
f 54/209/628 194/1067/628 800/1058/628 353/1068/628
f 194/1067/629 193/1069/629 801/1059/629 800/1058/629
f 353/1068/630 800/1058/630 805/1061/630 352/1070/630
f 37/182/631 222/1071/631 802/1062/631 192/1072/631
f 222/1071/632 223/1073/632 803/1063/632 802/1062/632
f 192/1072/633 802/1062/633 801/1059/633 193/1069/633
f 64/294/634 351/1074/634 804/1064/634 224/1075/634
f 351/1074/635 352/1054/635 805/1065/635 804/1064/635
f 224/1075/636 804/1064/636 803/1066/636 223/1076/636
f 807/1077/637 808/1078/637 806/1079/637 812/1080/637
f 809/1081/638 810/1082/638 806/1079/638 808/1078/638
f 811/1083/639 812/1084/639 806/1079/639 810/1085/639
f 61/191/640 354/1086/640 807/1077/640 215/1087/640
f 354/1086/641 355/1088/641 808/1078/641 807/1077/641
f 215/1087/642 807/1077/642 812/1080/642 214/1089/642
f 62/274/643 126/1090/643 809/1081/643 356/1091/643
f 126/1090/644 127/1092/644 810/1082/644 809/1081/644
f 356/1091/645 809/1081/645 808/1078/645 355/1093/645
f 41/378/646 213/1094/646 811/1083/646 128/1095/646
f 213/1094/647 214/1096/647 812/1084/647 811/1083/647
f 128/1095/648 811/1083/648 810/1085/648 127/1097/648
f 814/1098/649 815/1099/649 813/1100/649 819/1101/649
f 816/1102/650 817/1103/650 813/1100/650 815/1104/650
f 818/1105/651 819/1106/651 813/1100/651 817/1107/651
f 61/191/652 357/1108/652 814/1098/652 354/1109/652
f 357/1108/653 358/1110/653 815/1099/653 814/1098/653
f 354/1109/654 814/1098/654 819/1101/654 355/1111/654
f 53/187/655 362/1112/655 816/1102/655 359/1113/655
f 362/1112/656 361/1114/656 817/1103/656 816/1102/656
f 359/1113/657 816/1102/657 815/1104/657 358/195/657
f 62/274/658 356/1115/658 818/1105/658 360/1116/658
f 356/1115/659 355/1117/659 819/1106/659 818/1105/659
f 360/1116/660 818/1105/660 817/1107/660 361/1118/660
f 821/1119/661 822/1120/661 820/1121/661 826/1122/661
f 823/1123/662 824/1124/662 820/1121/662 822/1125/662
f 825/1126/663 826/1127/663 820/1121/663 824/1128/663
f 53/187/664 191/1129/664 821/1119/664 362/1130/664
f 191/1129/665 190/1131/665 822/1120/665 821/1119/665
f 362/1130/666 821/1119/666 826/1122/666 361/1132/666
f 36/161/667 216/267/667 823/1123/667 189/1133/667
f 216/267/668 217/1134/668 824/1124/668 823/1123/668
f 189/1133/669 823/1123/669 822/1125/669 190/1135/669
f 62/274/670 360/1136/670 825/1126/670 218/1137/670
f 360/1136/671 361/1138/671 826/1127/671 825/1126/671
f 218/1137/672 825/1126/672 824/1128/672 217/277/672
f 828/1139/673 829/1140/673 827/1141/673 833/1142/673
f 830/1143/674 831/1144/674 827/1141/674 829/1140/674
f 832/1145/675 833/1142/675 827/1141/675 831/1146/675
f 59/170/676 363/1147/676 828/1139/676 209/895/676
f 363/1147/677 364/1148/677 829/1140/677 828/1139/677
f 209/895/678 828/1139/678 833/1142/678 208/1149/678
f 60/1150/679 120/1151/679 830/1143/679 365/1152/679
f 120/1151/680 121/1153/680 831/1144/680 830/1143/680
f 365/1152/681 830/1143/681 829/1140/681 364/1154/681
f 40/611/682 207/1155/682 832/1145/682 122/1156/682
f 207/1155/683 208/1149/683 833/1142/683 832/1145/683
f 122/1156/684 832/1145/684 831/1146/684 121/1153/684
f 835/1157/685 836/1158/685 834/1159/685 840/1160/685
f 837/1161/686 838/1162/686 834/1159/686 836/1163/686
f 839/1164/687 840/1165/687 834/1159/687 838/1166/687
f 59/170/688 366/1167/688 835/1157/688 363/1168/688
f 366/1167/689 367/1169/689 836/1158/689 835/1157/689
f 363/1168/690 835/1157/690 840/1160/690 364/1170/690
f 51/166/691 371/1171/691 837/1161/691 368/167/691
f 371/1171/692 370/1172/692 838/1162/692 837/1161/692
f 368/167/693 837/1161/693 836/1163/693 367/1169/693
f 60/1150/694 365/1173/694 839/1164/694 369/1174/694
f 365/1173/695 364/1175/695 840/1165/695 839/1164/695
f 369/1174/696 839/1164/696 838/1166/696 370/1176/696
f 842/1177/697 843/1178/697 841/1179/697 847/1180/697
f 844/1181/698 845/1182/698 841/1179/698 843/1178/698
f 846/1183/699 847/1180/699 841/1179/699 845/1184/699
f 51/166/700 185/1185/700 842/1177/700 371/1186/700
f 185/1185/701 184/1187/701 843/1178/701 842/1177/701
f 371/1186/702 842/1177/702 847/1180/702 370/1188/702
f 35/1189/703 210/1190/703 844/1181/703 183/1191/703
f 210/1190/704 211/1192/704 845/1182/704 844/1181/704
f 183/1191/705 844/1181/705 843/1178/705 184/1187/705
f 60/1150/706 369/1193/706 846/1183/706 212/1194/706
f 369/1193/707 370/1188/707 847/1180/707 846/1183/707
f 212/1194/708 846/1183/708 845/1184/708 211/1192/708
f 849/1195/709 850/1196/709 848/1197/709 854/1198/709
f 851/1199/710 852/1200/710 848/1197/710 850/1196/710
f 853/1201/711 854/1202/711 848/1197/711 852/1203/711
f 57/147/712 372/1204/712 849/1195/712 203/955/712
f 372/1204/713 373/1205/713 850/1196/713 849/1195/713
f 203/955/714 849/1195/714 854/1198/714 202/956/714
f 58/232/715 114/1206/715 851/1199/715 374/1207/715
f 114/1206/716 115/1208/716 852/1200/716 851/1199/716
f 374/1207/717 851/1199/717 850/1196/717 373/1205/717
f 39/331/718 201/1209/718 853/1201/718 116/1210/718
f 201/1209/719 202/1211/719 854/1202/719 853/1201/719
f 116/1210/720 853/1201/720 852/1203/720 115/1212/720
f 856/1213/721 857/1214/721 855/1215/721 861/1216/721
f 858/1217/722 859/1218/722 855/1215/722 857/1214/722
f 860/1219/723 861/1216/723 855/1215/723 859/1220/723
f 57/147/724 375/1221/724 856/1213/724 372/1222/724
f 375/1221/725 376/151/725 857/1214/725 856/1213/725
f 372/1222/726 856/1213/726 861/1216/726 373/1223/726
f 47/143/727 380/1224/727 858/1217/727 377/144/727
f 380/1224/728 379/1225/728 859/1218/728 858/1217/728
f 377/144/729 858/1217/729 857/1214/729 376/146/729
f 58/232/730 374/1226/730 860/1219/730 378/1227/730
f 374/1226/731 373/1228/731 861/1216/731 860/1219/731
f 378/1227/732 860/1219/732 859/1220/732 379/1229/732
f 863/1230/733 864/1231/733 862/1232/733 868/1233/733
f 865/1234/734 866/1235/734 862/1232/734 864/1231/734
f 867/1236/735 868/1233/735 862/1232/735 866/1237/735
f 47/143/736 173/1238/736 863/1230/736 380/1239/736
f 173/1238/737 172/1240/737 864/1231/737 863/1230/737
f 380/1239/738 863/1230/738 868/1233/738 379/1241/738
f 34/32/739 204/1242/739 865/1234/739 171/1243/739
f 204/1242/740 205/1244/740 866/1235/740 865/1234/740
f 171/1243/741 865/1234/741 864/1231/741 172/1240/741
f 58/232/742 378/1245/742 867/1236/742 206/1246/742
f 378/1245/743 379/1247/743 868/1233/743 867/1236/743
f 206/1246/744 867/1236/744 866/1237/744 205/1248/744
f 870/1249/745 871/1250/745 869/1251/745 875/1252/745
f 872/1253/746 873/1254/746 869/1251/746 871/1250/746
f 874/1255/747 875/1256/747 869/1251/747 873/1257/747
f 55/127/748 381/1258/748 870/1249/748 197/1012/748
f 381/1258/749 382/1259/749 871/1250/749 870/1249/749
f 197/1012/750 870/1249/750 875/1252/750 196/1013/750
f 56/317/751 108/1260/751 872/1253/751 383/1261/751
f 108/1260/752 109/1262/752 873/1254/752 872/1253/752
f 383/1261/753 872/1253/753 871/1250/753 382/1263/753
f 43/427/754 195/1264/754 874/1255/754 110/1265/754
f 195/1264/755 196/1266/755 875/1256/755 874/1255/755
f 110/1265/756 874/1255/756 873/1257/756 109/751/756
f 877/1267/757 878/1268/757 876/1269/757 882/1270/757
f 879/1271/758 880/1272/758 876/1269/758 878/1273/758
f 881/1274/759 882/1275/759 876/1269/759 880/1276/759
f 55/127/760 384/1277/760 877/1267/760 381/1278/760
f 384/1277/761 385/130/761 878/1268/761 877/1267/761
f 381/1278/762 877/1267/762 882/1270/762 382/1279/762
f 48/42/763 389/1280/763 879/1271/763 386/1281/763
f 389/1280/764 388/1282/764 880/1272/764 879/1271/764
f 386/1281/765 879/1271/765 878/1273/765 385/126/765
f 56/317/766 383/1283/766 881/1274/766 387/1284/766
f 383/1283/767 382/1279/767 882/1275/767 881/1274/767
f 387/1284/768 881/1274/768 880/1276/768 388/1285/768
f 884/1286/769 885/1287/769 883/1288/769 889/1289/769
f 886/1290/770 887/1291/770 883/1288/770 885/1287/770
f 888/1292/771 889/1293/771 883/1288/771 887/1294/771
f 48/42/772 176/1295/772 884/1286/772 389/1296/772
f 176/1295/773 175/1297/773 885/1287/773 884/1286/773
f 389/1296/774 884/1286/774 889/1289/774 388/1298/774
f 38/204/775 198/310/775 886/1290/775 174/1299/775
f 198/310/776 199/1300/776 887/1291/776 886/1290/776
f 174/1299/777 886/1290/777 885/1287/777 175/1301/777
f 56/317/778 387/1302/778 888/1292/778 200/1303/778
f 387/1302/779 388/1298/779 889/1293/779 888/1292/779
f 200/1303/780 888/1292/780 887/1294/780 199/320/780
f 891/1304/781 892/1305/781 890/1306/781 896/1307/781
f 893/1308/782 894/1309/782 890/1306/782 892/1310/782
f 895/1311/783 896/1312/783 890/1306/783 894/1309/783
f 49/108/784 390/1313/784 891/1304/784 87/1314/784
f 390/1313/785 391/1315/785 892/1305/785 891/1304/785
f 87/1314/786 891/1304/786 896/1307/786 88/1316/786
f 54/209/787 102/211/787 893/1308/787 392/1317/787
f 102/211/788 103/1318/788 894/1309/788 893/1308/788
f 392/1317/789 893/1308/789 892/1310/789 391/1315/789
f 38/204/790 89/1319/790 895/1311/790 104/205/790
f 89/1319/791 88/1320/791 896/1312/791 895/1311/791
f 104/205/792 895/1311/792 894/1309/792 103/1321/792
f 898/1322/793 899/1323/793 897/1324/793 903/1325/793
f 900/1326/794 901/1327/794 897/1324/794 899/1328/794
f 902/1329/795 903/1325/795 897/1324/795 901/1330/795
f 49/108/796 393/1331/796 898/1322/796 390/1332/796
f 393/1331/797 394/1333/797 899/1323/797 898/1322/797
f 390/1332/798 898/1322/798 903/1325/798 391/1315/798
f 52/104/799 398/1334/799 900/1326/799 395/105/799
f 398/1334/800 397/1335/800 901/1327/800 900/1326/800
f 395/105/801 900/1326/801 899/1328/801 394/1336/801
f 54/209/802 392/1337/802 902/1329/802 396/1338/802
f 392/1337/803 391/1339/803 903/1325/803 902/1329/803
f 396/1338/804 902/1329/804 901/1330/804 397/1340/804
f 905/1341/805 906/1342/805 904/1343/805 910/1344/805
f 907/1345/806 908/1346/806 904/1343/806 906/1347/806
f 909/1348/807 910/1344/807 904/1343/807 908/1349/807
f 52/104/808 188/1350/808 905/1341/808 398/1351/808
f 188/1350/809 187/1352/809 906/1342/809 905/1341/809
f 398/1351/810 905/1341/810 910/1344/810 397/1353/810
f 37/182/811 192/1354/811 907/1345/811 186/1355/811
f 192/1354/812 193/1356/812 908/1346/812 907/1345/812
f 186/1355/813 907/1345/813 906/1347/813 187/1357/813
f 54/209/814 396/1358/814 909/1348/814 194/1067/814
f 396/1358/815 397/1353/815 910/1344/815 909/1348/815
f 194/1067/816 909/1348/816 908/1349/816 193/1359/816
f 912/1360/817 913/1361/817 911/1362/817 917/1363/817
f 914/1364/818 915/1365/818 911/1362/818 913/1366/818
f 916/1367/819 917/1368/819 911/1362/819 915/1365/819
f 52/85/820 399/1369/820 912/1360/820 188/1370/820
f 399/1369/821 400/1371/821 913/1361/821 912/1360/821
f 188/1370/822 912/1360/822 917/1363/822 187/1372/822
f 53/187/823 99/189/823 914/1364/823 401/1373/823
f 99/189/824 100/1374/824 915/1365/824 914/1364/824
f 401/1373/825 914/1364/825 913/1366/825 400/1375/825
f 37/182/826 186/1376/826 916/1367/826 101/1377/826
f 186/1376/827 187/1378/827 917/1368/827 916/1367/827
f 101/1377/828 916/1367/828 915/1365/828 100/1374/828
f 919/1379/829 920/1380/829 918/1381/829 924/1382/829
f 921/1383/830 922/1384/830 918/1381/830 920/1385/830
f 923/1386/831 924/1387/831 918/1381/831 922/1384/831
f 52/85/832 402/1388/832 919/1379/832 399/1389/832
f 402/1388/833 403/88/833 920/1380/833 919/1379/833
f 399/1389/834 919/1379/834 924/1382/834 400/1375/834
f 50/81/835 407/1390/835 921/1383/835 404/1391/835
f 407/1390/836 406/1392/836 922/1384/836 921/1383/836
f 404/1391/837 921/1383/837 920/1385/837 403/1393/837
f 53/187/838 401/1394/838 923/1386/838 405/1395/838
f 401/1394/839 400/1375/839 924/1387/839 923/1386/839
f 405/1395/840 923/1386/840 922/1384/840 406/1392/840
f 926/1396/841 927/1397/841 925/1398/841 931/1399/841
f 928/1400/842 929/1401/842 925/1398/842 927/1402/842
f 930/1403/843 931/1399/843 925/1398/843 929/1404/843
f 50/81/844 182/1405/844 926/1396/844 407/1390/844
f 182/1405/845 181/1406/845 927/1397/845 926/1396/845
f 407/1390/846 926/1396/846 931/1399/846 406/1407/846
f 36/161/847 189/1133/847 928/1400/847 180/1408/847
f 189/1133/848 190/1409/848 929/1401/848 928/1400/848
f 180/1408/849 928/1400/849 927/1402/849 181/1410/849
f 53/187/850 405/1411/850 930/1403/850 191/1412/850
f 405/1411/851 406/1413/851 931/1399/851 930/1403/851
f 191/1412/852 930/1403/852 929/1404/852 190/1131/852
f 933/1414/853 934/1415/853 932/1416/853 938/1417/853
f 935/1418/854 936/1419/854 932/1416/854 934/1420/854
f 937/1421/855 938/1422/855 932/1416/855 936/1423/855
f 50/64/856 408/1424/856 933/1414/856 182/1425/856
f 408/1424/857 409/1426/857 934/1415/857 933/1414/857
f 182/1425/858 933/1414/858 938/1417/858 181/1427/858
f 51/166/859 93/1428/859 935/1418/859 410/1429/859
f 93/1428/860 94/1430/860 936/1419/860 935/1418/860
f 410/1429/861 935/1418/861 934/1420/861 409/1431/861
f 36/161/862 180/1432/862 937/1421/862 95/1433/862
f 180/1432/863 181/1434/863 938/1422/863 937/1421/863
f 95/1433/864 937/1421/864 936/1423/864 94/1430/864
f 940/1435/865 941/1436/865 939/1437/865 945/1438/865
f 942/1439/866 943/1440/866 939/1437/866 941/1441/866
f 944/1442/867 945/1443/867 939/1437/867 943/1440/867
f 50/64/868 411/1444/868 940/1435/868 408/1445/868
f 411/1444/869 412/67/869 941/1436/869 940/1435/869
f 408/1445/870 940/1435/870 945/1438/870 409/1446/870
f 45/60/871 416/1447/871 942/1439/871 413/1448/871
f 416/1447/872 415/1449/872 943/1440/872 942/1439/872
f 413/1448/873 942/1439/873 941/1441/873 412/1450/873
f 51/166/874 410/1451/874 944/1442/874 414/1452/874
f 410/1451/875 409/1446/875 945/1443/875 944/1442/875
f 414/1452/876 944/1442/876 943/1440/876 415/1453/876
f 947/1454/877 948/1455/877 946/1456/877 952/1457/877
f 949/1458/878 950/1459/878 946/1456/878 948/1460/878
f 951/1461/879 952/1457/879 946/1456/879 950/1462/879
f 45/60/880 167/1463/880 947/1454/880 416/1447/880
f 167/1463/881 166/1464/881 948/1455/881 947/1454/881
f 416/1447/882 947/1454/882 952/1457/882 415/1465/882
f 35/1189/883 183/1466/883 949/1458/883 165/1467/883
f 183/1466/884 184/1468/884 950/1459/884 949/1458/884
f 165/1467/885 949/1458/885 948/1460/885 166/1469/885
f 51/166/886 414/1470/886 951/1461/886 185/1185/886
f 414/1470/887 415/1465/887 952/1457/887 951/1461/887
f 185/1185/888 951/1461/888 950/1462/888 184/1471/888
f 954/1472/889 955/1473/889 953/1474/889 959/1475/889
f 956/1476/890 957/1477/890 953/1474/890 955/1478/890
f 958/1479/891 959/1480/891 953/1474/891 957/1481/891
f 48/42/892 417/1482/892 954/1472/892 176/1295/892
f 417/1482/893 418/1483/893 955/1473/893 954/1472/893
f 176/1295/894 954/1472/894 959/1475/894 175/1484/894
f 49/1485/895 87/1486/895 956/1476/895 419/1487/895
f 87/1486/896 88/1488/896 957/1477/896 956/1476/896
f 419/1487/897 956/1476/897 955/1478/897 418/1489/897
f 38/204/898 174/1299/898 958/1479/898 89/1490/898
f 174/1299/899 175/1491/899 959/1480/899 958/1479/899
f 89/1490/900 958/1479/900 957/1481/900 88/1492/900
f 961/1493/901 962/1494/901 960/1495/901 966/1496/901
f 963/1497/902 964/1498/902 960/1495/902 962/1499/902
f 965/1500/903 966/1501/903 960/1495/903 964/1502/903
f 48/42/904 420/1503/904 961/1493/904 417/1504/904
f 420/1503/905 421/1505/905 962/1494/905 961/1493/905
f 417/1504/906 961/1493/906 966/1496/906 418/1483/906
f 46/37/907 425/1506/907 963/1497/907 422/1507/907
f 425/1506/908 424/1508/908 964/1498/908 963/1497/908
f 422/1507/909 963/1497/909 962/1499/909 421/40/909
f 49/1485/910 419/1509/910 965/1500/910 423/1510/910
f 419/1509/911 418/1511/911 966/1501/911 965/1500/911
f 423/1510/912 965/1500/912 964/1502/912 424/1508/912
f 968/1512/913 969/1513/913 967/1514/913 973/1515/913
f 970/1516/914 971/1517/914 967/1514/914 969/1513/914
f 972/1518/915 973/1519/915 967/1514/915 971/1520/915
f 46/37/916 170/1521/916 968/1512/916 425/1522/916
f 170/1521/917 169/1523/917 969/1513/917 968/1512/917
f 425/1522/918 968/1512/918 973/1515/918 424/1508/918
f 33/1524/919 177/1525/919 970/1516/919 168/1526/919
f 177/1525/920 178/1527/920 971/1517/920 970/1516/920
f 168/1526/921 970/1516/921 969/1513/921 169/1523/921
f 49/1485/922 423/1510/922 972/1518/922 179/1528/922
f 423/1510/923 424/1529/923 973/1519/923 972/1518/923
f 179/1528/924 972/1518/924 971/1520/924 178/1527/924
f 975/1530/925 976/1531/925 974/1532/925 980/1533/925
f 977/1534/926 978/1535/926 974/1532/926 976/1536/926
f 979/1537/927 980/1538/927 974/1532/927 978/1539/927
f 45/19/928 426/1540/928 975/1530/928 167/1541/928
f 426/1540/929 427/1542/929 976/1531/929 975/1530/929
f 167/1541/930 975/1530/930 980/1533/930 166/1543/930
f 47/143/931 81/145/931 977/1534/931 428/1544/931
f 81/145/932 82/1545/932 978/1535/932 977/1534/932
f 428/1544/933 977/1534/933 976/1536/933 427/1542/933
f 35/138/934 165/1546/934 979/1537/934 83/1547/934
f 165/1546/935 166/1548/935 980/1538/935 979/1537/935
f 83/1547/936 979/1537/936 978/1539/936 82/1545/936
f 982/1549/937 983/1550/937 981/1551/937 987/1552/937
f 984/1553/938 985/1554/938 981/1551/938 983/1555/938
f 986/1556/939 987/1552/939 981/1551/939 985/1554/939
f 45/19/940 429/1557/940 982/1549/940 426/1558/940
f 429/1557/941 430/22/941 983/1550/941 982/1549/941
f 426/1558/942 982/1549/942 987/1552/942 427/1542/942
f 46/14/943 434/1559/943 984/1553/943 431/15/943
f 434/1559/944 433/1560/944 985/1554/944 984/1553/944
f 431/15/945 984/1553/945 983/1555/945 430/1561/945
f 47/143/946 428/1562/946 986/1556/946 432/1563/946
f 428/1562/947 427/1542/947 987/1552/947 986/1556/947
f 432/1563/948 986/1556/948 985/1554/948 433/1560/948
f 989/1564/949 990/1565/949 988/1566/949 994/1567/949
f 991/1568/950 992/1569/950 988/1566/950 990/1565/950
f 993/1570/951 994/1571/951 988/1566/951 992/1572/951
f 46/14/952 78/1573/952 989/1564/952 434/1574/952
f 78/1573/953 79/1575/953 990/1565/953 989/1564/953
f 434/1574/954 989/1564/954 994/1567/954 433/1576/954
f 34/32/955 171/1577/955 991/1568/955 80/1578/955
f 171/1577/956 172/1579/956 992/1569/956 991/1568/956
f 80/1578/957 991/1568/957 990/1565/957 79/1580/957
f 47/143/958 432/1581/958 993/1570/958 173/1582/958
f 432/1581/959 433/1583/959 994/1571/959 993/1570/959
f 173/1582/960 993/1570/960 992/1572/960 172/1240/960
o Icosphere_cell
v -0.082497 0.958546 0.013415
v -0.082645 1.884698 0.013887
v -0.156429 0.990420 0.240955
v -0.122918 0.967716 0.137817
v -0.321748 0.990421 0.013415
v -0.213301 0.967716 0.013415
v -0.156429 0.990420 -0.214124
v -0.122918 0.967716 -0.110986
v 0.023326 0.967715 0.090300
v 0.111060 0.990420 0.154042
v 0.023326 0.967715 -0.063469
v 0.111060 0.990420 -0.127211
v 0.003192 1.000563 0.277134
v -0.029254 0.974055 0.177278
v 0.052198 0.993179 0.226333
v -0.066316 0.993180 0.264841
v -0.306831 1.000564 0.176403
v -0.221887 0.974055 0.114688
v -0.243372 0.993180 0.207312
v -0.316618 0.993180 0.106499
v -0.306831 1.000564 -0.149572
v -0.221887 0.974055 -0.087857
v -0.316618 0.993180 -0.079668
v -0.243372 0.993180 -0.180482
v 0.003192 1.000563 -0.250304
v -0.029254 0.974055 -0.150447
v -0.066316 0.993179 -0.238010
v 0.052198 0.993179 -0.199502
v 0.194795 1.000563 0.013415
v 0.161624 0.993180 0.075721
v 0.089799 0.974055 0.013415
v 0.161624 0.993179 -0.048890
v -0.330277 1.012394 0.193719
v -0.300946 1.007164 0.204808
v -0.160638 0.995343 0.253911
v -0.251157 0.999701 0.223207
v 0.012236 1.012427 0.304968
v -0.018247 1.007157 0.296639
v -0.069358 0.999696 0.282263
v 0.032217 1.007207 0.280336
v 0.122135 0.995367 0.162088
v 0.065003 0.999749 0.238740
v 0.177251 0.999695 0.083997
v 0.206699 1.007146 0.039786
v 0.223982 1.012395 0.013415
v 0.206761 1.007180 -0.013093
v 0.177316 0.999722 -0.057201
v 0.031986 1.007154 -0.253480
v 0.122112 0.995356 -0.135240
v 0.064905 0.999699 -0.211815
v -0.330485 1.012377 -0.166548
v -0.300999 1.007104 -0.177720
v -0.251072 0.999630 -0.196203
v -0.160594 0.995291 -0.226942
v 0.012208 1.012390 -0.278052
v -0.018172 1.007134 -0.269740
v -0.069340 0.999657 -0.255328
v -0.331797 1.007104 0.162160
v -0.333949 0.999630 0.108964
v -0.335234 0.995295 0.013415
v -0.331953 1.007144 -0.135240
v -0.334047 0.999667 -0.082147
v -0.160638 0.995343 0.253911
v -0.069358 0.999696 0.282263
v -0.018247 1.007157 0.296639
v 0.012236 1.012427 0.304968
v -0.330277 1.012394 0.193719
v -0.300946 1.007164 0.204808
v -0.251157 0.999701 0.223207
v 0.032217 1.007207 0.280336
v 0.065003 0.999749 0.238740
v 0.122135 0.995367 0.162088
v 0.177251 0.999695 0.083997
v 0.206699 1.007146 0.039786
v 0.223982 1.012395 0.013415
v 0.122112 0.995356 -0.135240
v 0.064905 0.999699 -0.211815
v 0.031986 1.007154 -0.253480
v 0.206761 1.007180 -0.013093
v 0.177316 0.999722 -0.057201
v 0.012208 1.012390 -0.278052
v -0.018172 1.007134 -0.269740
v -0.069340 0.999657 -0.255328
v -0.160594 0.995291 -0.226942
v -0.251072 0.999630 -0.196203
v -0.300999 1.007104 -0.177720
v -0.330485 1.012377 -0.166548
v -0.331953 1.007144 -0.135240
v -0.334047 0.999667 -0.082147
v -0.335234 0.995295 0.013415
v -0.333949 0.999630 0.108964
v -0.331797 1.007104 0.162160
vn -0.2972 0.2730 0.9150
vn 0.7783 0.2735 0.5652
vn 0.7780 0.2740 -0.5653
vn -0.2976 0.2737 -0.9146
vn -0.9620 0.2732 0.0005
vn 0.0756 -0.9696 0.2328
vn 0.1785 -0.9319 0.3158
vn 0.0412 -0.9319 0.3604
vn 0.0277 -0.9960 0.0853
vn 0.1395 -0.9782 0.1535
vn -0.0226 -0.9782 0.2062
vn 0.2485 -0.9388 0.2385
vn -0.0608 -0.9388 0.3390
vn -0.1980 -0.9696 0.1439
vn -0.2451 -0.9319 0.2673
vn -0.3301 -0.9318 0.1508
vn -0.0725 -0.9960 0.0527
vn -0.1029 -0.9782 0.1801
vn -0.2031 -0.9782 0.0422
vn -0.1501 -0.9388 0.3100
vn -0.3412 -0.9388 0.0469
vn -0.1980 -0.9696 -0.1439
vn -0.3300 -0.9319 -0.1505
vn -0.2453 -0.9319 -0.2673
vn -0.0725 -0.9960 -0.0527
vn -0.2031 -0.9782 -0.0422
vn -0.1029 -0.9782 -0.1801
vn -0.3412 -0.9388 -0.0469
vn -0.1501 -0.9388 -0.3100
vn 0.0756 -0.9696 -0.2328
vn 0.0412 -0.9319 -0.3604
vn 0.1785 -0.9319 -0.3157
vn 0.0277 -0.9960 -0.0853
vn -0.0226 -0.9782 -0.2062
vn 0.1395 -0.9782 -0.1535
vn -0.0608 -0.9388 -0.3390
vn 0.2485 -0.9388 -0.2385
vn 0.3555 -0.9319 0.0722
vn 0.2448 -0.9696 -0.0000
vn 0.3555 -0.9319 -0.0722
vn 0.3036 -0.9388 0.1626
vn 0.0897 -0.9960 -0.0000
vn 0.1891 -0.9782 -0.0853
vn 0.1891 -0.9782 0.0853
vn 0.3036 -0.9388 -0.1626
vt 0.846600 0.644020
vt 0.839468 0.763298
vt 0.834372 0.834372
vt 0.000000 0.000000
vt 0.834423 0.000000
vt 0.839429 0.075024
vt 0.846574 0.201400
vt 0.850753 0.424793
vt 0.166125 0.000000
vt 1.000000 0.000000
vt 1.000000 0.834372
vt 0.924408 0.763784
vt 0.798415 0.644843
vt 0.575164 0.425639
vt 0.356111 0.202303
vt 0.236867 0.075853
vt 0.798193 0.154129
vt 0.924597 0.161291
vt 1.000000 0.166331
vt 1.000000 1.000000
vt 0.166125 0.166125
vt 0.236535 0.161117
vt 0.355646 0.154024
vt 0.574844 0.149914
vt 1.000000 0.165970
vt 0.166450 0.166317
vt 0.236714 0.161263
vt 0.356005 0.154067
vt 0.574952 0.149804
vt 0.798029 0.153864
vt 0.924636 0.160959
vt 1.000000 0.165577
vt 0.165970 0.165970
vt 0.235951 0.160931
vt 0.355293 0.153719
vt 0.574434 0.149429
vt 0.797699 0.153467
vt 0.924415 0.160554
vt 0.181819 0.032987
vt 0.191644 0.046815
vt 0.181819 0.052487
vt 0.171994 0.046815
vt 0.192964 0.049831
vt 0.186015 0.054896
vt 0.181819 0.057873
vt 0.177655 0.054878
vt 0.170685 0.049807
vt 0.181819 0.057873
vt 0.181819 0.000000
vt 0.193183 0.019683
vt 0.170455 0.019683
vt 0.204546 0.039365
vt 0.159092 0.039365
vt 0.204546 0.039365
vt 0.205991 0.041868
vt 0.157654 0.041856
vt 0.909091 0.032987
vt 0.918916 0.046815
vt 0.909091 0.052487
vt 0.899266 0.046815
vt 0.909091 0.057825
vt 0.918916 0.046815
vt 0.920226 0.049809
vt 0.913259 0.054880
vt 0.904962 0.054858
vt 0.897971 0.049776
vt 0.909091 0.057825
vt 0.909091 0.000000
vt 0.920455 0.019683
vt 0.897727 0.019683
vt 0.931818 0.039365
vt 0.886364 0.039365
vt 0.933256 0.041856
vt 0.884940 0.041831
vt 0.897970 0.049776
vt 0.727273 0.032987
vt 0.737098 0.046815
vt 0.727273 0.052487
vt 0.717448 0.046815
vt 0.727273 0.057826
vt 0.738401 0.049793
vt 0.731428 0.054873
vt 0.727273 0.057826
vt 0.723143 0.054858
vt 0.716152 0.049776
vt 0.727273 0.000000
vt 0.738637 0.019683
vt 0.715909 0.019683
vt 0.750000 0.039365
vt 0.704546 0.039365
vt 0.751424 0.041831
vt 0.716152 0.049776
vt 0.703123 0.041830
vt 0.545455 0.032987
vt 0.555280 0.046815
vt 0.545455 0.052487
vt 0.535630 0.046815
vt 0.555280 0.046815
vt 0.556581 0.049789
vt 0.549605 0.054870
vt 0.545455 0.057857
vt 0.535630 0.046815
vt 0.545448 0.057862
vt 0.541293 0.054877
vt 0.534320 0.049808
vt 0.545455 0.000000
vt 0.556819 0.019683
vt 0.534091 0.019683
vt 0.568182 0.039365
vt 0.522728 0.039365
vt 0.569605 0.041830
vt 0.556581 0.049789
vt 0.521286 0.041863
vt 0.353812 0.046815
vt 0.363637 0.052487
vt 0.363637 0.057859
vt 0.359480 0.054874
vt 0.352503 0.049807
vt 0.363637 0.032987
vt 0.373462 0.046815
vt 0.373462 0.046815
vt 0.374776 0.049819
vt 0.367816 0.054887
vt 0.363637 0.057859
vt 0.340910 0.039365
vt 0.352503 0.049807
vt 0.339465 0.041868
vt 0.363637 0.000000
vt 0.375001 0.019683
vt 0.352273 0.019683
vt 0.386364 0.039365
vt 0.374776 0.049819
vt 0.387806 0.041863
s 0
f 1058/1584/961 1059/1585/961 1060/1586/961 996/1587/961 1061/1588/961 1062/1589/961 1063/1590/961 1057/1591/961
f 1069/1592/962 996/1593/962 1060/1594/962 1064/1595/962 1065/1596/962 1066/1597/962 1067/1598/962 1068/1599/962
f 1071/1600/963 1072/1601/963 1075/1602/963 996/1603/963 1069/1604/963 1073/1605/963 1074/1606/963 1070/1607/963
f 1081/1608/964 996/1603/964 1075/1609/964 1076/1610/964 1077/1611/964 1078/1612/964 1079/1613/964 1080/1614/964
f 1061/1615/965 996/1603/965 1081/1616/965 1082/1617/965 1083/1618/965 1084/1619/965 1085/1620/965 1086/1621/965
f 1008/1622/966 1009/1623/966 1007/1624/966 1010/1625/966
f 1007/1624/967 1009/1623/967 1036/1626/967 1034/1627/967 1031/1628/967
f 1032/1629/968 1033/1630/968 1010/1625/968 1007/1624/968 1031/1631/968
f 995/1632/969 1003/1633/969 1008/1622/969 998/1634/969
f 1003/1633/970 1004/1635/970 1009/1623/970 1008/1622/970
f 998/1634/971 1008/1622/971 1010/1625/971 997/1636/971
f 1009/1623/972 1004/1637/972 1035/1638/972 1036/1626/972
f 1029/1639/973 997/1636/973 1010/1625/973 1033/1630/973
f 1012/1640/974 1013/1641/974 1011/1642/974 1014/1643/974
f 1027/1644/975 1011/1642/975 1013/1645/975 1030/1646/975 1028/1647/975
f 1052/1648/976 1053/1649/976 1014/1643/976 1011/1642/976 1027/1650/976
f 995/1651/977 998/1652/977 1012/1640/977 1000/1653/977
f 998/1652/978 997/1654/978 1013/1641/978 1012/1640/978
f 1000/1653/979 1012/1640/979 1014/1643/979 999/1655/979
f 1030/1646/980 1013/1645/980 997/1654/980 1029/1656/980
f 1054/1657/981 999/1655/981 1014/1643/981 1053/1658/981
f 1016/1659/982 1017/1660/982 1015/1661/982 1018/1662/982
f 1045/1663/983 1015/1661/983 1017/1660/983 1056/1664/983 1055/1665/983
f 1018/1662/984 1015/1661/984 1045/1666/984 1046/1667/984 1047/1668/984
f 995/1669/985 1000/1670/985 1016/1659/985 1002/1671/985
f 1000/1670/986 999/1672/986 1017/1660/986 1016/1659/986
f 1002/1671/987 1016/1659/987 1018/1662/987 1001/1673/987
f 1056/1664/988 1017/1660/988 999/1672/988 1054/1674/988
f 1001/1673/989 1018/1662/989 1047/1675/989 1048/1676/989
f 1020/1677/990 1021/1678/990 1019/1679/990 1022/1680/990
f 1019/1679/991 1021/1681/991 1051/1682/991 1050/1683/991 1049/1684/991
f 1022/1685/992 1019/1679/992 1049/1686/992 1042/1687/992 1044/1688/992
f 995/1689/993 1002/1690/993 1020/1677/993 1005/1691/993
f 1002/1690/994 1001/1692/994 1021/1678/994 1020/1677/994
f 1005/1691/995 1020/1677/995 1022/1680/995 1006/1693/995
f 1021/1681/996 1001/1692/996 1048/1694/996 1051/1695/996
f 1006/1693/997 1022/1685/997 1044/1688/997 1043/1696/997
f 1024/1697/998 1023/1698/998 1039/1699/998 1038/1700/998 1037/1701/998
f 1025/1702/999 1026/1703/999 1023/1698/999 1024/1697/999
f 1023/1698/1000 1026/1704/1000 1041/1705/1000 1040/1706/1000 1039/1707/1000
f 1004/1708/1001 1024/1697/1001 1037/1709/1001 1035/1710/1001
f 995/1711/1002 1005/1712/1002 1025/1702/1002 1003/1713/1002
f 1005/1712/1003 1006/1714/1003 1026/1703/1003 1025/1702/1003
f 1003/1713/1004 1025/1702/1004 1024/1697/1004 1004/1708/1004
f 1041/1715/1005 1026/1704/1005 1006/1714/1005 1043/1716/1005
o Icosphere_cell.001
v 0.590677 1.472802 0.502500
v -0.079972 1.886722 0.015595
v 0.481049 1.273063 0.422851
v 0.536715 1.359907 0.463295
v 0.674607 1.420929 0.282224
v 0.642538 1.440749 0.386411
v 0.720301 1.660183 0.422852
v 0.667521 1.571555 0.463296
v 0.496295 1.440749 0.587698
v 0.407118 1.420929 0.650393
v 0.577137 1.571555 0.587699
v 0.554983 1.660182 0.650394
v 0.574907 1.290941 0.289580
v 0.588548 1.355062 0.375774
v 0.535621 1.278885 0.347443
v 0.621379 1.344398 0.285137
v 0.746286 1.568236 0.289580
v 0.695034 1.527360 0.375774
v 0.719254 1.502764 0.285137
v 0.739500 1.608767 0.347443
v 0.660598 1.739615 0.553302
v 0.641792 1.633846 0.539638
v 0.690563 1.706643 0.498057
v 0.617317 1.706643 0.598872
v 0.436263 1.568236 0.716291
v 0.423684 1.502763 0.691955
v 0.502401 1.527360 0.640911
v 0.489197 1.608767 0.691956
v 0.383304 1.290941 0.553300
v 0.426195 1.278885 0.498055
v 0.469495 1.355062 0.539637
v 0.393439 1.344398 0.598870
v 0.407443 1.502959 0.701938
v 0.412097 1.551892 0.723016
v 0.414400 1.581118 0.734830
v 0.376288 1.340286 0.606373
v 0.368646 1.315334 0.587061
v 0.394189 1.419337 0.657302
v 0.363801 1.299224 0.574532
v 0.355931 1.274981 0.554730
v 0.550718 1.672196 0.657156
v 0.538963 1.663823 0.664798
v 0.662571 1.770615 0.554736
v 0.644821 1.753053 0.574068
v 0.613440 1.723324 0.606157
v 0.439995 1.596563 0.722877
v 0.481930 1.622875 0.701709
v 0.377837 1.271269 0.531480
v 0.413584 1.266041 0.491996
v 0.472470 1.262978 0.416619
v 0.525948 1.266024 0.337309
v 0.552434 1.271241 0.291125
v 0.567779 1.274949 0.263089
v 0.675476 1.753056 0.531875
v 0.696269 1.723252 0.492145
v 0.725331 1.672002 0.416806
v 0.746516 1.622848 0.337537
v 0.753736 1.596690 0.291101
v 0.588984 1.299173 0.264628
v 0.623186 1.340351 0.266799
v 0.677122 1.419375 0.268134
v 0.723635 1.502955 0.266996
v 0.745231 1.552158 0.264926
v 0.757219 1.581492 0.263477
v 0.412097 1.551892 0.723016
v 0.414400 1.581118 0.734830
v 0.376288 1.340286 0.606373
v 0.368646 1.315334 0.587061
v 0.394189 1.419337 0.657302
v 0.407443 1.502959 0.701938
v 0.363801 1.299224 0.574532
v 0.550718 1.672196 0.657156
v 0.538963 1.663823 0.664798
v 0.613440 1.723324 0.606157
v 0.644821 1.753053 0.574068
v 0.662571 1.770615 0.554736
v 0.481930 1.622875 0.701709
v 0.439995 1.596563 0.722877
v 0.552434 1.271241 0.291125
v 0.567779 1.274949 0.263089
v 0.525948 1.266024 0.337309
v 0.472470 1.262978 0.416619
v 0.413584 1.266041 0.491996
v 0.377837 1.271269 0.531480
v 0.355931 1.274981 0.554730
v 0.746516 1.622848 0.337537
v 0.753736 1.596690 0.291101
v 0.675476 1.753056 0.531875
v 0.696269 1.723252 0.492145
v 0.725331 1.672002 0.416806
v 0.745231 1.552158 0.264926
v 0.757219 1.581492 0.263477
v 0.723635 1.502955 0.266996
v 0.677122 1.419375 0.268134
v 0.623186 1.340351 0.266799
v 0.588984 1.299173 0.264628
vn -0.8430 -0.1432 0.5186
vn -0.8441 -0.1471 0.5156
vn -0.2474 0.8194 0.5172
vn -0.2505 0.8170 0.5193
vn -0.5458 -0.7382 -0.3964
vn 0.4157 0.8186 -0.3964
vn 0.2328 -0.1427 -0.9620
vn 0.7145 -0.6107 0.3413
vn 0.6434 -0.7119 0.2814
vn 0.7427 -0.6361 0.2092
vn 0.7254 -0.5103 0.4619
vn 0.6592 -0.6191 0.4268
vn 0.7765 -0.5295 0.3415
vn 0.5835 -0.7250 0.3659
vn 0.8073 -0.5541 0.2033
vn 0.8658 -0.3659 0.3413
vn 0.9010 -0.3799 0.2092
vn 0.9245 -0.2571 0.2814
vn 0.7808 -0.4206 0.4619
vn 0.8209 -0.4577 0.3415
vn 0.8486 -0.3127 0.4268
vn 0.8566 -0.4743 0.2033
vn 0.9094 -0.1976 0.3659
vn 0.7902 -0.2147 0.5741
vn 0.8454 -0.0989 0.5249
vn 0.7605 -0.0989 0.6418
vn 0.7531 -0.3652 0.5472
vn 0.8264 -0.2683 0.4950
vn 0.7262 -0.2683 0.6330
vn 0.8848 -0.1483 0.4418
vn 0.6936 -0.1483 0.7049
vn 0.4774 -0.3800 0.7923
vn 0.5921 -0.3659 0.7180
vn 0.5528 -0.2571 0.7926
vn 0.4581 -0.4742 0.7518
vn 0.6806 -0.4206 0.5999
vn 0.6681 -0.3127 0.6752
vn 0.5785 -0.4577 0.6752
vn 0.6291 -0.1979 0.7517
vn 0.4664 -0.7119 0.5250
vn 0.5454 -0.6107 0.5741
vn 0.4285 -0.6361 0.6417
vn 0.5283 -0.7250 0.4418
vn 0.6635 -0.5103 0.5472
vn 0.5648 -0.5295 0.6330
vn 0.6096 -0.6191 0.4950
vn 0.4428 -0.5541 0.7049
vt 0.313441 0.000000
vt 1.000000 0.000000
vt 1.000000 0.545219
vt 0.926515 0.490198
vt 0.710731 0.323115
vt 0.497803 0.152885
vt 0.381574 0.056826
vt 0.560535 0.330598
vt 0.545219 0.545219
vt 0.000000 0.000000
vt 0.583554 0.000476
vt 0.938064 0.569446
vt 0.575878 0.270180
vt 0.374285 0.100073
vt 0.256371 0.000000
vt 1.000000 0.619593
vt 0.619593 0.619593
vt 0.686377 0.002444
vt 0.675127 0.121302
vt 0.654883 0.323951
vt 0.648624 0.000000
vt 0.646641 0.053097
vt 0.642348 0.141286
vt 0.628176 0.297515
vt 0.607852 0.450819
vt 0.593037 0.534058
vt 0.583584 0.583584
vt 0.933235 0.165116
vt 1.000000 0.161617
vt 1.000000 1.000000
vt 0.256371 0.256371
vt 0.318409 0.243478
vt 0.425296 0.222658
vt 0.620830 0.193557
vt 0.820090 0.172345
vt 1.000000 0.351376
vt 0.161711 0.161630
vt 0.231914 0.173638
vt 0.352097 0.195270
vt 0.572281 0.241860
vt 0.796703 0.295882
vt 0.923588 0.330137
vt 0.301611 0.140968
vt 0.308358 0.125545
vt 0.318182 0.131218
vt 0.318183 0.142562
vt 0.322866 0.128513
vt 0.308358 0.125545
vt 0.310312 0.122892
vt 0.318171 0.126383
vt 0.322307 0.133635
vt 0.321370 0.142200
vt 0.318183 0.142562
vt 0.322866 0.128514
vt 0.272728 0.157461
vt 0.284092 0.137778
vt 0.298651 0.157529
vt 0.295455 0.118096
vt 0.318182 0.157461
vt 0.310312 0.122892
vt 0.295455 0.118096
vt 0.296908 0.115579
vt 0.320634 0.157461
vt 0.301768 0.174228
vt 0.318183 0.172360
vt 0.318182 0.183704
vt 0.308358 0.189377
vt 0.318183 0.172360
vt 0.321336 0.172718
vt 0.322258 0.181316
vt 0.322798 0.186369
vt 0.310238 0.191918
vt 0.308358 0.189377
vt 0.322799 0.186376
vt 0.318151 0.188428
vt 0.298651 0.157529
vt 0.285709 0.179946
vt 0.318182 0.157461
vt 0.295455 0.196826
vt 0.320634 0.157461
vt 0.296664 0.198920
vt 0.310238 0.191918
vt 0.272728 0.190994
vt 0.282553 0.204275
vt 0.272728 0.209948
vt 0.262903 0.204275
vt 0.272728 0.215251
vt 0.282553 0.204275
vt 0.283810 0.207165
vt 0.276819 0.212274
vt 0.268638 0.212273
vt 0.261641 0.207178
vt 0.285709 0.179946
vt 0.259747 0.179946
vt 0.295455 0.196826
vt 0.250001 0.196826
vt 0.283810 0.207165
vt 0.296664 0.198920
vt 0.250001 0.196826
vt 0.261641 0.207177
vt 0.248772 0.198954
vt 0.227274 0.172360
vt 0.227274 0.183704
vt 0.222589 0.186312
vt 0.223131 0.181276
vt 0.224052 0.172726
vt 0.243688 0.174228
vt 0.237098 0.189377
vt 0.237098 0.189377
vt 0.235214 0.191923
vt 0.227305 0.188407
vt 0.222687 0.186353
vt 0.227274 0.157461
vt 0.224763 0.157461
vt 0.259747 0.179946
vt 0.246805 0.157529
vt 0.250001 0.196826
vt 0.250001 0.196826
vt 0.248772 0.198954
vt 0.246454 0.197763
vt 0.237098 0.125545
vt 0.227274 0.131218
vt 0.222591 0.128507
vt 0.227285 0.126390
vt 0.235147 0.122895
vt 0.243845 0.140968
vt 0.227274 0.142562
vt 0.222592 0.128515
vt 0.227273 0.142562
vt 0.224035 0.142194
vt 0.223469 0.137002
vt 0.223123 0.133650
vt 0.250001 0.118096
vt 0.235147 0.122895
vt 0.248548 0.115579
vt 0.246805 0.157529
vt 0.261364 0.137778
vt 0.227274 0.157461
vt 0.250001 0.118096
vt 0.224035 0.142194
vt 0.224763 0.157461
s 0
f 1152/1717/1006 1088/1718/1006 1154/1719/1006 1153/1720/1006 1155/1721/1006 1156/1722/1006 1151/1723/1006
f 1157/1724/1007 1154/1725/1007 1088/1726/1007 1171/1727/1007
f 1158/1728/1008 1160/1729/1008 1161/1730/1008 1162/1731/1008 1088/1718/1008 1159/1732/1008
f 1159/1733/1009 1088/1726/1009 1152/1734/1009 1164/1735/1009 1163/1736/1009
f 1088/1726/1010 1166/1737/1010 1165/1738/1010 1167/1739/1010 1168/1740/1010 1169/1741/1010 1170/1742/1010 1171/1743/1010
f 1173/1744/1011 1178/1745/1011 1088/1746/1011 1162/1747/1011 1174/1748/1011 1175/1749/1011 1176/1750/1011 1172/1751/1011
f 1166/1752/1012 1088/1746/1012 1178/1753/1012 1177/1754/1012 1179/1755/1012 1180/1756/1012 1181/1757/1012 1182/1758/1012
f 1100/1759/1013 1101/1760/1013 1099/1761/1013 1102/1762/1013
f 1139/1763/1014 1099/1761/1014 1101/1764/1014 1137/1765/1014 1138/1766/1014
f 1145/1767/1015 1146/1768/1015 1102/1769/1015 1099/1761/1015 1139/1770/1015
f 1087/1771/1016 1090/1772/1016 1100/1759/1016 1092/1773/1016
f 1090/1772/1017 1089/1774/1017 1101/1760/1017 1100/1759/1017
f 1092/1773/1018 1100/1759/1018 1102/1762/1018 1091/1775/1018
f 1137/1776/1019 1101/1764/1019 1089/1777/1019 1136/1778/1019
f 1147/1779/1020 1091/1775/1020 1102/1769/1020 1146/1768/1020
f 1104/1780/1021 1105/1781/1021 1103/1782/1021 1106/1783/1021
f 1103/1782/1022 1105/1784/1022 1148/1785/1022 1149/1786/1022 1150/1787/1022
f 1143/1788/1023 1106/1789/1023 1103/1782/1023 1150/1790/1023 1144/1791/1023
f 1087/1771/1024 1092/1792/1024 1104/1780/1024 1094/1793/1024
f 1092/1792/1025 1091/1794/1025 1105/1781/1025 1104/1780/1025
f 1094/1793/1026 1104/1780/1026 1106/1783/1026 1093/1795/1026
f 1105/1784/1027 1091/1794/1027 1147/1796/1027 1148/1785/1027
f 1142/1797/1028 1093/1795/1028 1106/1789/1028 1143/1798/1028
f 1108/1799/1029 1109/1800/1029 1107/1801/1029 1110/1802/1029
f 1129/1803/1030 1107/1801/1030 1109/1804/1030 1141/1805/1030 1140/1806/1030
f 1110/1802/1031 1107/1801/1031 1129/1803/1031 1130/1807/1031 1131/1808/1031
f 1087/1771/1032 1094/1809/1032 1108/1799/1032 1097/1810/1032
f 1094/1809/1033 1093/1811/1033 1109/1800/1033 1108/1799/1033
f 1097/1810/1034 1108/1799/1034 1110/1802/1034 1098/1812/1034
f 1141/1813/1035 1109/1804/1035 1093/1795/1035 1142/1814/1035
f 1098/1815/1036 1110/1802/1036 1131/1816/1036 1127/1817/1036
f 1112/1818/1037 1111/1819/1037 1121/1820/1037 1120/1821/1037 1119/1822/1037
f 1113/1823/1038 1114/1824/1038 1111/1819/1038 1112/1818/1038
f 1111/1819/1039 1114/1825/1039 1133/1826/1039 1132/1827/1039 1121/1828/1039
f 1096/1829/1040 1112/1818/1040 1119/1822/1040 1124/1830/1040
f 1087/1771/1041 1097/1831/1041 1113/1823/1041 1095/1832/1041
f 1097/1831/1042 1098/1833/1042 1114/1824/1042 1113/1823/1042
f 1095/1832/1043 1113/1823/1043 1112/1818/1043 1096/1829/1043
f 1114/1825/1044 1098/1834/1044 1127/1835/1044 1128/1836/1044 1133/1826/1044
f 1116/1837/1045 1115/1838/1045 1126/1839/1045 1134/1840/1045 1135/1841/1045
f 1117/1842/1046 1118/1843/1046 1115/1838/1046 1116/1837/1046
f 1126/1844/1047 1115/1838/1047 1118/1845/1047 1122/1846/1047 1123/1847/1047 1125/1848/1047
f 1089/1849/1048 1116/1837/1048 1135/1850/1048 1136/1851/1048
f 1087/1771/1049 1095/1852/1049 1117/1842/1049 1090/1853/1049
f 1095/1852/1050 1096/1854/1050 1118/1843/1050 1117/1842/1050
f 1090/1853/1051 1117/1842/1051 1116/1837/1051 1089/1855/1051
f 1122/1856/1052 1118/1845/1052 1096/1829/1052 1124/1857/1052
o Icosphere_cell.002
v -0.339624 1.472801 0.804777
v -0.083542 1.886837 0.016972
v -0.104191 1.420929 0.816530
v -0.213189 1.440749 0.818226
v -0.223818 1.660182 0.903445
v -0.278592 1.571555 0.865745
v -0.319012 1.359907 0.741341
v -0.297749 1.273063 0.675901
v -0.449817 1.440749 0.741342
v -0.537002 1.420929 0.675902
v -0.424836 1.571555 0.818227
v -0.491310 1.660182 0.816532
v -0.089038 1.568236 0.886974
v -0.186851 1.527360 0.864866
v -0.093165 1.502763 0.859892
v -0.146167 1.608767 0.898401
v -0.366333 1.739615 0.886975
v -0.359149 1.633846 0.864867
v -0.304532 1.706643 0.898401
v -0.423047 1.706643 0.859894
v -0.590668 1.568236 0.723985
v -0.571410 1.502764 0.704502
v -0.498540 1.527360 0.763593
v -0.551166 1.608767 0.766809
v -0.452020 1.290941 0.623251
v -0.386224 1.278885 0.646971
v -0.412390 1.355062 0.701001
v -0.492227 1.344398 0.646971
v -0.141995 1.290941 0.723983
v -0.123409 1.344398 0.766807
v -0.219756 1.355062 0.763591
v -0.209167 1.278885 0.704500
v -0.614868 1.581498 0.709286
v -0.595806 1.596714 0.729599
v -0.562733 1.622930 0.762896
v -0.391443 1.753317 0.878218
v -0.499073 1.672219 0.814561
v -0.431322 1.723628 0.858432
v -0.604356 1.552099 0.703344
v -0.585662 1.502956 0.692363
v -0.477963 1.299138 0.611389
v -0.504419 1.340367 0.633253
v -0.547313 1.419376 0.665986
v -0.367102 1.771213 0.889340
v -0.340983 1.753257 0.894616
v -0.297027 1.723518 0.902059
v -0.088186 1.596564 0.894496
v -0.216445 1.672112 0.906387
v -0.134593 1.622827 0.902007
v -0.074694 1.502953 0.858463
v -0.066056 1.552255 0.878404
v -0.061018 1.581405 0.889290
v -0.118973 1.275130 0.709184
v -0.113941 1.299164 0.729655
v -0.105459 1.340361 0.762869
v -0.090106 1.419384 0.814580
v -0.461774 1.275159 0.597916
v -0.294530 1.263155 0.665994
v -0.384385 1.266225 0.633305
v -0.433160 1.271478 0.611435
v -0.202605 1.266191 0.692329
v -0.150333 1.271419 0.703277
v -0.499073 1.672219 0.814561
v -0.431322 1.723628 0.858432
v -0.391443 1.753317 0.878218
v -0.614868 1.581498 0.709286
v -0.595806 1.596714 0.729599
v -0.562733 1.622930 0.762896
v -0.604356 1.552099 0.703344
v -0.585662 1.502956 0.692363
v -0.477963 1.299138 0.611389
v -0.504419 1.340367 0.633253
v -0.547313 1.419376 0.665986
v -0.216445 1.672112 0.906387
v -0.134593 1.622827 0.902007
v -0.088186 1.596564 0.894496
v -0.367102 1.771213 0.889340
v -0.340983 1.753257 0.894616
v -0.297027 1.723518 0.902059
v -0.105459 1.340361 0.762869
v -0.090106 1.419384 0.814580
v -0.113941 1.299164 0.729655
v -0.118973 1.275130 0.709184
v -0.066056 1.552255 0.878404
v -0.061018 1.581405 0.889290
v -0.074694 1.502953 0.858463
v -0.202605 1.266191 0.692329
v -0.150333 1.271419 0.703277
v -0.294530 1.263155 0.665994
v -0.384385 1.266225 0.633305
v -0.433160 1.271478 0.611435
v -0.461774 1.275159 0.597916
vn -0.5702 0.8179 -0.0771
vn -0.7535 -0.1432 -0.6417
vn 0.5070 0.8175 0.2731
vn 0.9869 -0.1424 -0.0754
vn 0.2082 -0.7382 -0.6417
vn -0.0570 -0.3660 0.9289
vn 0.0794 -0.3800 0.9216
vn 0.0180 -0.2571 0.9662
vn -0.1980 -0.4206 0.8854
vn -0.0711 -0.4577 0.8862
vn -0.1437 -0.3127 0.9389
vn 0.0713 -0.4743 0.8775
vn -0.0670 -0.1976 0.9780
vn -0.3018 -0.2147 0.9289
vn -0.2381 -0.0988 0.9662
vn -0.3753 -0.0988 0.9216
vn -0.2877 -0.3652 0.8854
vn -0.2154 -0.2683 0.9389
vn -0.3776 -0.2683 0.8862
vn -0.1468 -0.1483 0.9780
vn -0.4561 -0.1483 0.8775
vn -0.6060 -0.3799 0.6989
vn -0.4999 -0.3660 0.7850
vn -0.5825 -0.2571 0.7711
vn -0.5735 -0.4743 0.6680
vn -0.3602 -0.4206 0.8327
vn -0.4357 -0.3127 0.8441
vn -0.4634 -0.4577 0.7588
vn -0.5207 -0.1976 0.8306
vn -0.3551 -0.7119 0.6059
vn -0.3775 -0.6107 0.6961
vn -0.4779 -0.6360 0.6059
vn -0.2569 -0.7250 0.6390
vn -0.3154 -0.5103 0.8001
vn -0.4275 -0.5295 0.7327
vn -0.2824 -0.6191 0.7327
vn -0.5336 -0.5541 0.6390
vn -0.0686 -0.7120 0.6989
vn 0.0306 -0.6360 0.7711
vn -0.1038 -0.6107 0.7850
vn -0.1677 -0.7250 0.6680
vn 0.0561 -0.5541 0.8306
vn -0.2151 -0.5103 0.8327
vn -0.2022 -0.6191 0.7588
vn -0.0849 -0.5295 0.8440
vt 0.355941 0.160114
vt 0.236988 0.060133
vt 0.166218 0.000000
vt 1.000000 0.000000
vt 0.999739 0.661053
vt 0.924879 0.605643
vt 0.798226 0.510872
vt 0.575041 0.337174
vt 0.658219 0.605778
vt 0.661239 0.661239
vt 0.000000 0.000000
vt 0.583584 0.000000
vt 0.594096 0.059655
vt 0.610870 0.159971
vt 0.634588 0.337141
vt 0.652091 0.510997
vt 0.355248 0.201271
vt 0.235507 0.074370
vt 0.166091 0.000000
vt 0.999720 0.833532
vt 0.923912 0.762779
vt 0.797603 0.643604
vt 0.574299 0.424473
vt 0.798151 0.287333
vt 0.924535 0.319155
vt 1.000000 0.338766
vt 1.000000 1.000000
vt 0.166192 0.166102
vt 0.235647 0.176552
vt 0.355537 0.195690
vt 0.574720 0.237772
vt 1.000000 0.416416
vt 0.339035 0.338770
vt 0.394807 0.341802
vt 0.489358 0.347910
vt 0.662979 0.365389
vt 0.839892 0.389081
vt 0.940200 0.405864
vt 0.119950 0.174228
vt 0.136365 0.172360
vt 0.136365 0.183704
vt 0.126540 0.189377
vt 0.139495 0.172716
vt 0.140415 0.181330
vt 0.140950 0.186352
vt 0.128417 0.191915
vt 0.140951 0.186360
vt 0.136333 0.188407
vt 0.090910 0.157461
vt 0.116833 0.157529
vt 0.103931 0.179877
vt 0.136365 0.157461
vt 0.113637 0.196826
vt 0.138800 0.157461
vt 0.139495 0.172716
vt 0.114857 0.198939
vt 0.113637 0.196826
vt 0.128417 0.191915
vt 0.091068 0.190721
vt 0.100735 0.204275
vt 0.090910 0.209948
vt 0.081085 0.204275
vt 0.100735 0.204275
vt 0.102012 0.207211
vt 0.095062 0.212309
vt 0.090910 0.215354
vt 0.081085 0.204275
vt 0.090894 0.215366
vt 0.086719 0.212354
vt 0.079769 0.207284
vt 0.103931 0.179877
vt 0.079546 0.177144
vt 0.113637 0.196826
vt 0.068183 0.196826
vt 0.102012 0.207211
vt 0.114857 0.198939
vt 0.079769 0.207284
vt 0.066747 0.199312
vt 0.951382 0.172720
vt 0.954546 0.172360
vt 0.954545 0.183704
vt 0.949911 0.186364
vt 0.950455 0.181307
vt 0.971118 0.173954
vt 0.964370 0.189377
vt 0.964370 0.189377
vt 0.962449 0.191986
vt 0.954557 0.188466
vt 0.949927 0.186371
vt 0.952095 0.157461
vt 0.954546 0.157461
vt 1.000000 0.157461
vt 0.988636 0.177144
vt 0.974116 0.157461
vt 0.977273 0.196826
vt 0.975837 0.199312
vt 0.964370 0.125545
vt 0.954546 0.131218
vt 0.949907 0.128540
vt 0.954557 0.126441
vt 0.962447 0.122933
vt 0.971118 0.140968
vt 0.954546 0.142562
vt 0.964370 0.125545
vt 0.954546 0.142562
vt 0.951371 0.142201
vt 0.950439 0.133625
vt 0.949907 0.128540
vt 0.977273 0.118096
vt 0.962447 0.122933
vt 0.975846 0.115624
vt 0.974116 0.157461
vt 0.988636 0.137778
vt 0.954546 0.157461
vt 0.977273 0.118096
vt 0.954546 0.157461
vt 0.136365 0.131218
vt 0.126540 0.125545
vt 0.128469 0.122926
vt 0.136353 0.126427
vt 0.141020 0.128530
vt 0.140485 0.133633
vt 0.139544 0.142201
vt 0.136365 0.142562
vt 0.141044 0.128540
vt 0.119793 0.140968
vt 0.126540 0.125545
vt 0.136365 0.142562
vt 0.113637 0.118096
vt 0.115065 0.115624
vt 0.138800 0.157461
vt 0.136365 0.157461
vt 0.139544 0.142201
vt 0.102274 0.137778
vt 0.116833 0.157529
vt 0.113637 0.118096
s 0
f 1246/1858/1053 1247/1859/1053 1259/1860/1053 1184/1861/1053 1248/1862/1053 1249/1863/1053 1250/1864/1053 1245/1865/1053
f 1251/1866/1054 1248/1867/1054 1184/1868/1054 1274/1869/1054 1253/1870/1054 1254/1871/1054 1255/1872/1054 1252/1873/1054
f 1257/1874/1055 1258/1875/1055 1267/1876/1055 1184/1861/1055 1259/1877/1055 1260/1878/1055 1261/1879/1055 1256/1880/1055
f 1262/1881/1056 1264/1882/1056 1265/1883/1056 1184/1884/1056 1267/1885/1056 1266/1886/1056 1268/1887/1056 1263/1888/1056
f 1274/1889/1057 1184/1884/1057 1265/1890/1057 1270/1891/1057 1269/1892/1057 1271/1893/1057 1272/1894/1057 1273/1895/1057
f 1196/1896/1058 1197/1897/1058 1195/1898/1058 1198/1899/1058
f 1195/1898/1059 1197/1897/1059 1232/1900/1059 1233/1901/1059 1234/1902/1059
f 1231/1903/1060 1198/1899/1060 1195/1898/1060 1234/1904/1060 1229/1905/1060
f 1183/1906/1061 1186/1907/1061 1196/1896/1061 1188/1908/1061
f 1186/1907/1062 1185/1909/1062 1197/1897/1062 1196/1896/1062
f 1188/1908/1063 1196/1896/1063 1198/1899/1063 1187/1910/1063
f 1197/1897/1064 1185/1909/1064 1238/1911/1064 1232/1912/1064
f 1230/1913/1065 1187/1914/1065 1198/1899/1065 1231/1915/1065
f 1200/1916/1066 1201/1917/1066 1199/1918/1066 1202/1919/1066
f 1199/1918/1067 1201/1920/1067 1228/1921/1067 1227/1922/1067 1226/1923/1067
f 1202/1924/1068 1199/1918/1068 1226/1925/1068 1218/1926/1068 1220/1927/1068
f 1183/1906/1069 1188/1928/1069 1200/1916/1069 1193/1929/1069
f 1188/1928/1070 1187/1930/1070 1201/1917/1070 1200/1916/1070
f 1193/1929/1071 1200/1916/1071 1202/1919/1071 1194/1931/1071
f 1228/1932/1072 1201/1920/1072 1187/1910/1072 1230/1933/1072
f 1194/1931/1073 1202/1924/1073 1220/1934/1073 1219/1935/1073
f 1222/1936/1074 1204/1937/1074 1203/1938/1074 1215/1939/1074 1221/1940/1074
f 1205/1941/1075 1206/1942/1075 1203/1938/1075 1204/1937/1075
f 1203/1938/1076 1206/1943/1076 1217/1944/1076 1216/1945/1076 1215/1946/1076
f 1225/1947/1077 1192/1948/1077 1204/1937/1077 1222/1936/1077
f 1183/1949/1078 1193/1950/1078 1205/1941/1078 1191/1951/1078
f 1193/1950/1079 1194/1952/1079 1206/1942/1079 1205/1941/1079
f 1191/1951/1080 1205/1941/1080 1204/1937/1080 1192/1948/1080
f 1206/1943/1081 1194/1952/1081 1219/1953/1081 1217/1944/1081
f 1208/1954/1082 1207/1955/1082 1239/1956/1082 1242/1957/1082 1241/1958/1082
f 1209/1959/1083 1210/1960/1083 1207/1955/1083 1208/1961/1083
f 1207/1955/1084 1210/1962/1084 1224/1963/1084 1223/1964/1084 1239/1965/1084
f 1190/1966/1085 1208/1954/1085 1241/1967/1085 1240/1968/1085
f 1183/1949/1086 1191/1969/1086 1209/1959/1086 1189/1970/1086
f 1191/1969/1087 1192/1971/1087 1210/1960/1087 1209/1959/1087
f 1189/1970/1088 1209/1959/1088 1208/1961/1088 1190/1972/1088
f 1224/1963/1089 1210/1962/1089 1192/1973/1089 1225/1947/1089
f 1211/1974/1090 1214/1975/1090 1243/1976/1090 1244/1977/1090 1235/1978/1090
f 1236/1979/1091 1237/1980/1091 1212/1981/1091 1211/1974/1091 1235/1982/1091
f 1213/1983/1092 1214/1984/1092 1211/1974/1092 1212/1985/1092
f 1214/1975/1093 1190/1986/1093 1240/1987/1093 1243/1976/1093
f 1238/1988/1094 1185/1989/1094 1212/1981/1094 1237/1990/1094
f 1183/1906/1095 1189/1991/1095 1213/1983/1095 1186/1992/1095
f 1189/1991/1096 1190/1993/1096 1214/1984/1096 1213/1983/1096
f 1186/1992/1097 1213/1983/1097 1212/1985/1097 1185/1989/1097
o Icosphere_cell.003
v -0.914586 1.472804 0.013415
v -0.086167 1.887233 0.013109
v -0.853012 1.420931 0.240955
v -0.888307 1.440751 0.137817
v -0.972638 1.660184 0.154042
v -0.953710 1.571557 0.090300
v -0.847886 1.359909 0.013415
v -0.779079 1.273066 0.013415
v -0.888307 1.440751 -0.110987
v -0.853012 1.420931 -0.214125
v -0.953710 1.571557 -0.063469
v -0.972638 1.660184 -0.127212
v -0.915325 1.568237 0.277135
v -0.924525 1.527362 0.177278
v -0.890844 1.502765 0.264842
v -0.943846 1.608769 0.226334
v -1.001014 1.739616 0.013415
v -0.977768 1.633848 0.013415
v -0.992784 1.706644 0.075721
v -0.992784 1.706644 -0.048891
v -0.915325 1.568237 -0.250304
v -0.890844 1.502765 -0.238011
v -0.924525 1.527362 -0.150447
v -0.943846 1.608769 -0.199503
v -0.776677 1.290943 -0.149573
v -0.778904 1.278888 -0.079668
v -0.838376 1.355065 -0.087858
v -0.811661 1.344400 -0.180482
v -0.776677 1.290943 0.176404
v -0.811661 1.344400 0.207313
v -0.838376 1.355065 0.114688
v -0.778904 1.278888 0.106499
v -0.768640 1.263137 0.013415
v -0.765409 1.266294 0.108960
v -0.759723 1.271607 0.162211
v -0.759415 1.271255 -0.135122
v -0.765189 1.266088 -0.082169
v -0.755320 1.274933 -0.166816
v -0.899927 1.552103 -0.269698
v -0.883696 1.502957 -0.255332
v -0.773397 1.299180 -0.178052
v -0.802331 1.340347 -0.196403
v -0.846742 1.419371 -0.227047
v -0.993943 1.723515 -0.057156
v -1.000447 1.753267 -0.013070
v -0.922195 1.596480 -0.253430
v -0.908879 1.581386 -0.277626
v -0.973157 1.672083 -0.135112
v -0.943700 1.622779 -0.211582
v -0.993936 1.723414 0.083938
v -1.000452 1.753141 0.039657
v -1.003473 1.770863 0.013415
v -0.908829 1.581758 0.304873
v -0.922319 1.596992 0.280317
v -0.943697 1.623041 0.238638
v -0.973161 1.672181 0.162008
v -0.883745 1.502956 0.282044
v -0.899940 1.552117 0.296512
v -0.773475 1.298985 0.204208
v -0.755938 1.275416 0.193232
v -0.802585 1.340457 0.222800
v -0.846880 1.419406 0.253594
v -0.765409 1.266294 0.108960
v -0.759723 1.271607 0.162211
v -0.768640 1.263137 0.013415
v -0.765189 1.266088 -0.082169
v -0.759415 1.271255 -0.135122
v -0.755320 1.274933 -0.166816
v -0.899927 1.552103 -0.269698
v -0.883696 1.502957 -0.255332
v -0.773397 1.299180 -0.178052
v -0.802331 1.340347 -0.196403
v -0.846742 1.419371 -0.227047
v -0.993943 1.723515 -0.057156
v -0.973157 1.672083 -0.135112
v -1.000447 1.753267 -0.013070
v -0.922195 1.596480 -0.253430
v -0.908879 1.581386 -0.277626
v -0.943700 1.622779 -0.211582
v -0.943697 1.623041 0.238638
v -0.973161 1.672181 0.162008
v -0.922319 1.596992 0.280317
v -0.908829 1.581758 0.304873
v -1.000452 1.753141 0.039657
v -1.003473 1.770863 0.013415
v -0.993936 1.723414 0.083938
v -0.773475 1.298985 0.204208
v -0.802585 1.340457 0.222800
v -0.755938 1.275416 0.193232
v -0.883745 1.502956 0.282044
v -0.899940 1.552117 0.296512
v -0.846880 1.419406 0.253594
vn 0.6749 -0.7379 0.0021
vn 0.3767 -0.1422 -0.9154
vn -0.1036 0.8178 -0.5661
vn -0.1037 0.8187 0.5648
vn 0.3780 -0.1446 0.9144
vn -0.9010 -0.3659 0.2328
vn -0.8520 -0.3798 0.3605
vn -0.9133 -0.2571 0.3158
vn -0.9032 -0.4206 0.0853
vn -0.8648 -0.4577 0.2062
vn -0.9374 -0.3127 0.1535
vn -0.8125 -0.4743 0.3390
vn -0.9508 -0.1976 0.2385
vn -0.9767 -0.2147 -0.0000
vn -0.9925 -0.0989 0.0722
vn -0.9925 -0.0988 -0.0722
vn -0.9309 -0.3652 -0.0000
vn -0.9595 -0.2683 0.0853
vn -0.9595 -0.2683 -0.0853
vn -0.9755 -0.1483 0.1626
vn -0.9755 -0.1483 -0.1626
vn -0.8519 -0.3800 -0.3603
vn -0.9010 -0.3659 -0.2328
vn -0.9134 -0.2571 -0.3157
vn -0.8125 -0.4743 -0.3390
vn -0.9032 -0.4206 -0.0853
vn -0.9374 -0.3127 -0.1535
vn -0.8648 -0.4577 -0.2062
vn -0.9508 -0.1976 -0.2385
vn -0.6859 -0.7119 -0.1506
vn -0.7786 -0.6107 -0.1439
vn -0.7238 -0.6361 -0.2673
vn -0.6871 -0.7250 -0.0469
vn -0.8584 -0.5103 -0.0527
vn -0.8290 -0.5295 -0.1801
vn -0.7841 -0.6191 -0.0422
vn -0.7726 -0.5541 -0.3100
vn -0.6860 -0.7119 0.1504
vn -0.7240 -0.6359 0.2673
vn -0.7786 -0.6107 0.1439
vn -0.6871 -0.7250 0.0469
vn -0.7726 -0.5541 0.3100
vn -0.8584 -0.5103 0.0527
vn -0.7841 -0.6191 0.0422
vn -0.8290 -0.5295 0.1801
vt 0.000000 0.000000
vt 0.671223 0.000000
vt 0.675202 0.059681
vt 0.680976 0.161867
vt 0.684344 0.341713
vt 0.681013 0.518283
vt 0.675295 0.614165
vt 0.671231 0.671231
vt 0.243806 0.059856
vt 0.175161 0.000000
vt 1.000000 0.000000
vt 0.999771 0.671064
vt 0.924678 0.614018
vt 0.799764 0.518090
vt 0.578787 0.341593
vt 0.361987 0.161794
vt 0.800763 0.089608
vt 0.925724 0.083071
vt 1.000000 0.080030
vt 1.000000 1.000000
vt 0.175849 0.174991
vt 0.244433 0.161628
vt 0.363049 0.140047
vt 0.579799 0.110480
vt 0.777713 0.140056
vt 0.917024 0.161511
vt 1.000000 0.175049
vt 0.080823 0.080028
vt 0.158063 0.083067
vt 0.289827 0.089617
vt 0.531449 0.110480
vt 0.926300 0.311028
vt 1.000000 0.328777
vt 0.175471 0.175087
vt 0.244846 0.183987
vt 0.363060 0.200268
vt 0.579748 0.237308
vt 0.800479 0.281797
vt 0.847223 0.174228
vt 0.863636 0.172360
vt 0.863636 0.183704
vt 0.853812 0.189377
vt 0.868277 0.186384
vt 0.863637 0.172360
vt 0.866781 0.172717
vt 0.867722 0.181309
vt 0.853812 0.189377
vt 0.868282 0.186416
vt 0.863605 0.188478
vt 0.855718 0.191953
vt 0.818182 0.157461
vt 0.844105 0.157529
vt 0.831163 0.179946
vt 0.863636 0.157461
vt 0.840909 0.196826
vt 0.866781 0.172717
vt 0.866043 0.157461
vt 0.855718 0.191953
vt 0.842136 0.198951
vt 0.818182 0.190994
vt 0.828007 0.204275
vt 0.818182 0.209948
vt 0.808357 0.204275
vt 0.828007 0.204275
vt 0.829276 0.207193
vt 0.822299 0.212288
vt 0.818182 0.215294
vt 0.818138 0.215327
vt 0.814027 0.212310
vt 0.807081 0.207211
vt 0.831163 0.179946
vt 0.805201 0.179946
vt 0.840909 0.196826
vt 0.795455 0.196826
vt 0.829276 0.207193
vt 0.840909 0.196826
vt 0.842136 0.198951
vt 0.795455 0.196826
vt 0.807081 0.207211
vt 0.794238 0.198934
vt 0.769561 0.172720
vt 0.772728 0.172360
vt 0.772727 0.183704
vt 0.768099 0.186327
vt 0.768638 0.181307
vt 0.789142 0.174228
vt 0.782552 0.189377
vt 0.772728 0.172360
vt 0.772758 0.188393
vt 0.768149 0.186348
vt 0.782552 0.189377
vt 0.780681 0.191906
vt 0.772728 0.157461
vt 0.770267 0.157461
vt 0.792259 0.157529
vt 0.795455 0.196826
vt 0.772727 0.157461
vt 0.794238 0.198934
vt 0.780681 0.191906
vt 0.780608 0.122904
vt 0.782552 0.125545
vt 0.772727 0.131218
vt 0.768040 0.128496
vt 0.772739 0.126386
vt 0.789300 0.140968
vt 0.772728 0.142562
vt 0.782552 0.125545
vt 0.772728 0.142562
vt 0.769535 0.142199
vt 0.768600 0.133636
vt 0.768042 0.128512
vt 0.794025 0.115618
vt 0.795455 0.118096
vt 0.780608 0.122904
vt 0.806818 0.137778
vt 0.772728 0.157461
vt 0.795455 0.118096
vt 0.769535 0.142199
vt 0.863636 0.131218
vt 0.853812 0.125545
vt 0.855725 0.122947
vt 0.863625 0.126473
vt 0.868200 0.128583
vt 0.867666 0.133579
vt 0.866742 0.142209
vt 0.863637 0.142562
vt 0.868200 0.128583
vt 0.847065 0.140968
vt 0.853812 0.125545
vt 0.863637 0.142562
vt 0.855725 0.122947
vt 0.840909 0.118096
vt 0.842340 0.115618
vt 0.866043 0.157461
vt 0.863637 0.157461
vt 0.866742 0.142209
vt 0.829546 0.137778
vt 0.844105 0.157529
vt 0.840909 0.118096
s 0
f 1276/1994/1098 1363/1995/1098 1338/1996/1098 1337/1997/1098 1339/1998/1098 1340/1999/1098 1341/2000/1098 1342/2001/1098
f 1343/2002/1099 1352/2003/1099 1276/2004/1099 1342/2005/1099 1345/2006/1099 1346/2007/1099 1347/2008/1099 1344/2009/1099
f 1348/2010/1100 1350/2011/1100 1359/2012/1100 1276/2013/1100 1352/2014/1100 1351/2015/1100 1353/2016/1100 1349/2017/1100
f 1354/2018/1101 1356/2019/1101 1357/2020/1101 1276/2013/1101 1359/2021/1101 1358/2022/1101 1360/2023/1101 1355/2024/1101
f 1361/2025/1102 1363/2026/1102 1276/2013/1102 1357/2027/1102 1365/2028/1102 1364/2029/1102 1366/2030/1102 1362/2031/1102
f 1288/2032/1103 1289/2033/1103 1287/2034/1103 1290/2035/1103
f 1327/2036/1104 1287/2034/1104 1289/2037/1104 1331/2038/1104 1332/2039/1104
f 1290/2040/1105 1287/2034/1105 1327/2041/1105 1328/2042/1105 1329/2043/1105
f 1275/2044/1106 1278/2045/1106 1288/2032/1106 1280/2046/1106
f 1278/2045/1107 1277/2047/1107 1289/2033/1107 1288/2032/1107
f 1280/2046/1108 1288/2032/1108 1290/2035/1108 1279/2048/1108
f 1331/2049/1109 1289/2037/1109 1277/2047/1109 1336/2050/1109
f 1279/2048/1110 1290/2040/1110 1329/2051/1110 1330/2052/1110
f 1292/2053/1111 1293/2054/1111 1291/2055/1111 1294/2056/1111
f 1291/2055/1112 1293/2057/1112 1324/2058/1112 1325/2059/1112 1326/2060/1112
f 1294/2056/1113 1291/2055/1113 1326/2061/1113 1319/2062/1113 1318/2063/1113
f 1275/2044/1114 1280/2064/1114 1292/2053/1114 1285/2065/1114
f 1280/2064/1115 1279/2066/1115 1293/2054/1115 1292/2053/1115
f 1285/2065/1116 1292/2053/1116 1294/2056/1116 1286/2067/1116
f 1324/2068/1117 1293/2057/1117 1279/2069/1117 1330/2070/1117
f 1286/2071/1118 1294/2056/1118 1318/2072/1118 1322/2073/1118
f 1314/2074/1119 1296/2075/1119 1295/2076/1119 1321/2077/1119 1313/2078/1119
f 1297/2079/1120 1298/2080/1120 1295/2076/1120 1296/2081/1120
f 1320/2082/1121 1321/2083/1121 1295/2076/1121 1298/2084/1121 1323/2085/1121
f 1284/2086/1122 1296/2075/1122 1314/2074/1122 1317/2087/1122
f 1275/2044/1123 1285/2065/1123 1297/2079/1123 1283/2088/1123
f 1285/2065/1124 1286/2089/1124 1298/2080/1124 1297/2079/1124
f 1283/2088/1125 1297/2079/1125 1296/2081/1125 1284/2090/1125
f 1298/2084/1126 1286/2071/1126 1322/2091/1126 1323/2092/1126
f 1311/2093/1127 1300/2094/1127 1299/2095/1127 1312/2096/1127 1310/2097/1127
f 1301/2098/1128 1302/2099/1128 1299/2095/1128 1300/2100/1128
f 1299/2095/1129 1302/2101/1129 1316/2102/1129 1315/2103/1129 1312/2104/1129
f 1307/2105/1130 1282/2106/1130 1300/2094/1130 1311/2107/1130
f 1275/2044/1131 1283/2088/1131 1301/2098/1131 1281/2108/1131
f 1283/2088/1132 1284/2109/1132 1302/2099/1132 1301/2098/1132
f 1281/2108/1133 1301/2098/1133 1300/2100/1133 1282/2110/1133
f 1302/2101/1134 1284/2086/1134 1317/2087/1134 1316/2111/1134
f 1303/2112/1135 1306/2113/1135 1308/2114/1135 1309/2115/1135 1334/2116/1135
f 1333/2117/1136 1335/2118/1136 1304/2119/1136 1303/2112/1136 1334/2120/1136
f 1305/2121/1137 1306/2122/1137 1303/2112/1137 1304/2123/1137
f 1308/2124/1138 1306/2113/1138 1282/2125/1138 1307/2126/1138
f 1336/2127/1139 1277/2128/1139 1304/2119/1139 1335/2129/1139
f 1275/2044/1140 1281/2130/1140 1305/2121/1140 1278/2131/1140
f 1281/2130/1141 1282/2132/1141 1306/2122/1141 1305/2121/1141
f 1278/2131/1142 1305/2121/1142 1304/2123/1142 1277/2128/1142
o Icosphere_cell.004
v -0.339624 1.472801 -0.777946
v -0.083614 1.887043 0.010764
v -0.537002 1.420929 -0.649071
v -0.449817 1.440749 -0.714511
v -0.491310 1.660182 -0.789701
v -0.424836 1.571555 -0.791397
v -0.319012 1.359907 -0.714510
v -0.297749 1.273063 -0.649070
v -0.213189 1.440748 -0.791396
v -0.104191 1.420928 -0.789699
v -0.278592 1.571555 -0.838914
v -0.223818 1.660182 -0.876614
v -0.590668 1.568236 -0.697154
v -0.498540 1.527360 -0.736762
v -0.571411 1.502764 -0.677671
v -0.551166 1.608767 -0.739978
v -0.366333 1.739614 -0.860144
v -0.359149 1.633846 -0.838036
v -0.423047 1.706643 -0.833063
v -0.304532 1.706643 -0.871571
v -0.089038 1.568236 -0.860143
v -0.093165 1.502763 -0.833061
v -0.186851 1.527359 -0.838035
v -0.146167 1.608767 -0.871570
v -0.141995 1.290940 -0.697152
v -0.209167 1.278885 -0.677669
v -0.219756 1.355062 -0.736760
v -0.123409 1.344398 -0.739976
v -0.452020 1.290941 -0.596420
v -0.492227 1.344398 -0.620141
v -0.412390 1.355062 -0.674170
v -0.386224 1.278885 -0.620140
v -0.595899 1.597227 -0.702870
v -0.562979 1.623231 -0.735982
v -0.499215 1.672440 -0.787694
v -0.431381 1.723750 -0.831591
v -0.367415 1.771143 -0.862379
v -0.391503 1.753350 -0.851366
v -0.474811 1.293977 -0.581392
v -0.478355 1.299261 -0.584380
v -0.504662 1.340287 -0.606149
v -0.547552 1.419340 -0.638926
v -0.585891 1.502959 -0.665336
v -0.604504 1.551925 -0.676290
v -0.615218 1.581689 -0.682243
v -0.461872 1.274999 -0.570829
v -0.384354 1.266015 -0.606246
v -0.432956 1.271268 -0.584477
v -0.374340 1.265647 -0.609909
v -0.294455 1.262924 -0.638933
v -0.150452 1.271142 -0.676152
v -0.202479 1.265947 -0.665265
v -0.119458 1.274793 -0.681996
v -0.114308 1.299057 -0.702750
v -0.105688 1.340413 -0.736089
v -0.090153 1.419390 -0.787756
v -0.074552 1.502955 -0.831621
v -0.065836 1.552101 -0.851491
v -0.060681 1.581563 -0.862487
v -0.297060 1.723444 -0.875212
v -0.341166 1.753159 -0.867730
v -0.088173 1.597001 -0.867781
v -0.216390 1.672201 -0.879579
v -0.134409 1.623052 -0.875234
v -0.562979 1.623231 -0.735982
v -0.499215 1.672440 -0.787694
v -0.595899 1.597227 -0.702870
v -0.367415 1.771143 -0.862379
v -0.391503 1.753350 -0.851366
v -0.431381 1.723750 -0.831591
v -0.504662 1.340287 -0.606149
v -0.547552 1.419340 -0.638926
v -0.478355 1.299261 -0.584380
v -0.474811 1.293977 -0.581392
v -0.604504 1.551925 -0.676290
v -0.615218 1.581689 -0.682243
v -0.585891 1.502959 -0.665336
v -0.461872 1.274999 -0.570829
v -0.432956 1.271268 -0.584477
v -0.384354 1.266015 -0.606246
v -0.374340 1.265647 -0.609909
v -0.294455 1.262924 -0.638933
v -0.202479 1.265947 -0.665265
v -0.150452 1.271142 -0.676152
v -0.119458 1.274793 -0.681996
v -0.074552 1.502955 -0.831621
v -0.065836 1.552101 -0.851491
v -0.060681 1.581563 -0.862487
v -0.114308 1.299057 -0.702750
v -0.105688 1.340413 -0.736089
v -0.090153 1.419390 -0.787756
v -0.088173 1.597001 -0.867781
v -0.134409 1.623052 -0.875234
v -0.216390 1.672201 -0.879579
v -0.297060 1.723444 -0.875212
v -0.341166 1.753159 -0.867730
vn -0.5698 0.8182 0.0767
vn -0.7538 -0.1431 0.6413
vn -0.7485 -0.1509 0.6457
vn 0.9866 -0.1441 0.0763
vn 0.5057 0.8184 -0.2728
vn -0.4999 -0.3660 -0.7850
vn -0.6060 -0.3799 -0.6989
vn -0.5826 -0.2571 -0.7710
vn -0.3602 -0.4206 -0.8327
vn -0.4634 -0.4577 -0.7588
vn -0.4357 -0.3127 -0.8441
vn -0.5735 -0.4742 -0.6680
vn -0.5207 -0.1976 -0.8306
vn -0.3018 -0.2147 -0.9289
vn -0.3753 -0.0988 -0.9216
vn -0.2382 -0.0985 -0.9662
vn -0.2877 -0.3652 -0.8854
vn -0.3776 -0.2683 -0.8862
vn -0.2154 -0.2683 -0.9389
vn -0.4561 -0.1483 -0.8775
vn -0.1468 -0.1483 -0.9780
vn 0.0795 -0.3799 -0.9216
vn -0.0570 -0.3660 -0.9289
vn 0.0181 -0.2571 -0.9662
vn 0.0714 -0.4743 -0.8775
vn -0.1980 -0.4206 -0.8854
vn -0.1437 -0.3127 -0.9389
vn -0.0711 -0.4577 -0.8862
vn -0.0670 -0.1976 -0.9780
vn -0.0688 -0.7119 -0.6989
vn -0.1038 -0.6107 -0.7850
vn 0.0308 -0.6365 -0.7707
vn -0.1677 -0.7250 -0.6680
vn -0.2151 -0.5103 -0.8327
vn -0.0849 -0.5295 -0.8440
vn -0.2022 -0.6191 -0.7588
vn 0.0561 -0.5541 -0.8306
vn -0.3552 -0.7119 -0.6058
vn -0.4779 -0.6361 -0.6058
vn -0.3775 -0.6107 -0.6961
vn -0.2572 -0.7244 -0.6396
vn -0.5336 -0.5541 -0.6390
vn -0.3154 -0.5103 -0.8001
vn -0.2824 -0.6192 -0.7327
vn -0.4275 -0.5295 -0.7327
vn 0.2079 -0.7382 0.6417
vt 0.798037 0.287067
vt 0.924023 0.318735
vt 1.000000 0.338447
vt 1.000000 1.000000
vt 0.166107 0.166107
vt 0.236394 0.176653
vt 0.355311 0.195587
vt 0.574594 0.237596
vt 0.879036 0.410857
vt 0.985920 0.431593
vt 1.000000 0.434439
vt 0.338710 0.338462
vt 0.399488 0.344115
vt 0.501452 0.354524
vt 0.688704 0.379651
vt 0.434439 0.434439
vt 1.000000 0.416316
vt 0.940061 0.176348
vt 1.000000 0.165795
vt 0.339388 0.337795
vt 0.394616 0.318433
vt 0.489404 0.286586
vt 0.662919 0.237231
vt 0.839761 0.195328
vt 1.000000 0.166107
vt 0.165795 0.165795
vt 0.235998 0.160801
vt 0.355121 0.153706
vt 0.574182 0.149599
vt 0.797373 0.153812
vt 0.923902 0.160982
vt 0.665404 0.174228
vt 0.681819 0.172360
vt 0.681818 0.183704
vt 0.671994 0.189377
vt 0.686503 0.186409
vt 0.681819 0.172360
vt 0.685033 0.172725
vt 0.685953 0.181281
vt 0.671994 0.189377
vt 0.686507 0.186433
vt 0.681787 0.188517
vt 0.673925 0.191988
vt 0.636364 0.157461
vt 0.662287 0.157529
vt 0.649345 0.179946
vt 0.681819 0.157461
vt 0.659091 0.196826
vt 0.685033 0.172725
vt 0.684326 0.157461
vt 0.659091 0.196826
vt 0.660345 0.198997
vt 0.636364 0.190994
vt 0.646189 0.204275
vt 0.636364 0.209948
vt 0.626539 0.204275
vt 0.646189 0.204275
vt 0.647483 0.207252
vt 0.640545 0.212325
vt 0.636364 0.215302
vt 0.632241 0.212292
vt 0.625268 0.207199
vt 0.649345 0.179946
vt 0.623383 0.179946
vt 0.659091 0.196826
vt 0.613637 0.196826
vt 0.660345 0.198997
vt 0.613637 0.196826
vt 0.612408 0.198955
vt 0.587755 0.172719
vt 0.590909 0.172360
vt 0.590909 0.183704
vt 0.586269 0.186384
vt 0.586820 0.181307
vt 0.607324 0.174228
vt 0.600734 0.189377
vt 0.600734 0.189377
vt 0.598827 0.191955
vt 0.590941 0.188480
vt 0.588482 0.157461
vt 0.590910 0.157461
vt 0.587755 0.172719
vt 0.623383 0.179946
vt 0.610441 0.157529
vt 0.613637 0.196826
vt 0.613637 0.196826
vt 0.612408 0.198955
vt 0.600734 0.125545
vt 0.590910 0.131218
vt 0.586285 0.128446
vt 0.590921 0.126359
vt 0.598768 0.122876
vt 0.607481 0.140968
vt 0.590909 0.142562
vt 0.600734 0.125545
vt 0.590910 0.142562
vt 0.587771 0.142205
vt 0.586843 0.133601
vt 0.586300 0.128556
vt 0.613637 0.118096
vt 0.612176 0.115566
vt 0.610441 0.157529
vt 0.625000 0.137778
vt 0.590910 0.157461
vt 0.613637 0.118096
vt 0.590910 0.157461
vt 0.588482 0.157461
vt 0.587771 0.142205
vt 0.681807 0.126390
vt 0.686504 0.128513
vt 0.681819 0.131218
vt 0.671994 0.125545
vt 0.673949 0.122890
vt 0.686527 0.128522
vt 0.686111 0.132539
vt 0.685987 0.133661
vt 0.685057 0.142194
vt 0.681819 0.142562
vt 0.665247 0.140968
vt 0.671994 0.125545
vt 0.659091 0.118096
vt 0.660552 0.115566
vt 0.672483 0.122033
vt 0.681819 0.157461
vt 0.647728 0.137778
vt 0.662287 0.157529
vt 0.659091 0.118096
vt 0.407386 0.407386
vt 0.593884 0.379577
vt 0.807773 0.354327
vt 0.928285 0.343873
vt 1.000000 0.338258
vt 0.417251 0.416288
vt 0.611663 0.412735
vt 0.935415 0.407735
s 0
f 1431/2133/1143 1433/2134/1143 1442/2135/1143 1368/2136/1143 1434/2137/1143 1435/2138/1143 1436/2139/1143 1432/2140/1143
f 1437/2141/1144 1439/2142/1144 1440/2143/1144 1368/2136/1144 1442/2144/1144 1441/2145/1144 1443/2146/1144 1438/2147/1144
f 1368/2136/1145 1440/2148/1145 1412/2149/1145
f 1453/2150/1146 1454/2151/1146 1368/2136/1146 1451/2152/1146 1455/2153/1146 1456/2154/1146 1457/2155/1146 1452/2156/1146
f 1434/2157/1147 1368/2136/1147 1454/2158/1147 1458/2159/1147 1459/2160/1147 1460/2161/1147 1461/2162/1147 1462/2163/1147
f 1380/2164/1148 1381/2165/1148 1379/2166/1148 1382/2167/1148
f 1411/2168/1149 1379/2166/1149 1381/2169/1149 1409/2170/1149 1410/2171/1149
f 1382/2172/1150 1379/2166/1150 1411/2173/1150 1399/2174/1150 1400/2175/1150
f 1367/2176/1151 1370/2177/1151 1380/2164/1151 1372/2178/1151
f 1370/2177/1152 1369/2179/1152 1381/2165/1152 1380/2164/1152
f 1372/2178/1153 1380/2164/1153 1382/2167/1153 1371/2180/1153
f 1409/2181/1154 1381/2169/1154 1369/2179/1154 1408/2182/1154
f 1371/2183/1155 1382/2172/1155 1400/2175/1155 1401/2184/1155
f 1384/2185/1156 1385/2186/1156 1383/2187/1156 1386/2188/1156
f 1383/2187/1157 1385/2189/1157 1402/2190/1157 1404/2191/1157 1403/2192/1157
f 1386/2188/1158 1383/2187/1158 1403/2192/1158 1427/2193/1158 1426/2194/1158
f 1367/2176/1159 1372/2195/1159 1384/2185/1159 1377/2196/1159
f 1372/2195/1160 1371/2197/1160 1385/2186/1160 1384/2185/1160
f 1377/2196/1161 1384/2185/1161 1386/2188/1161 1378/2198/1161
f 1402/2190/1162 1385/2189/1162 1371/2180/1162 1401/2199/1162
f 1378/2200/1163 1386/2188/1163 1426/2194/1163 1429/2201/1163
f 1423/2202/1164 1388/2203/1164 1387/2204/1164 1425/2205/1164 1424/2206/1164
f 1389/2207/1165 1390/2208/1165 1387/2204/1165 1388/2203/1165
f 1425/2205/1166 1387/2204/1166 1390/2209/1166 1430/2210/1166 1428/2211/1166
f 1422/2212/1167 1376/2213/1167 1388/2203/1167 1423/2214/1167
f 1367/2176/1168 1377/2215/1168 1389/2207/1168 1375/2216/1168
f 1377/2215/1169 1378/2217/1169 1390/2208/1169 1389/2207/1169
f 1375/2216/1170 1389/2207/1170 1388/2203/1170 1376/2213/1170
f 1390/2209/1171 1378/2218/1171 1429/2219/1171 1430/2210/1171
f 1392/2220/1172 1391/2221/1172 1419/2222/1172 1450/2223/1172 1449/2224/1172
f 1393/2225/1173 1394/2226/1173 1391/2221/1173 1392/2227/1173
f 1391/2221/1174 1394/2228/1174 1421/2229/1174 1420/2230/1174 1419/2231/1174
f 1374/2232/1175 1392/2220/1175 1449/2224/1175 1448/2233/1175
f 1367/2176/1176 1375/2234/1176 1393/2225/1176 1373/2235/1176
f 1375/2234/1177 1376/2236/1177 1394/2226/1177 1393/2225/1177
f 1373/2235/1178 1393/2225/1178 1392/2227/1178 1374/2237/1178
f 1394/2228/1179 1376/2238/1179 1422/2239/1179 1421/2240/1179
f 1445/2241/1180 1444/2242/1180 1395/2243/1180 1398/2244/1180 1446/2245/1180
f 1444/2246/1181 1405/2247/1181 1406/2248/1181 1407/2249/1181 1396/2250/1181 1395/2243/1181
f 1397/2251/1182 1398/2252/1182 1395/2243/1182 1396/2250/1182
f 1398/2244/1183 1374/2253/1183 1448/2254/1183 1447/2255/1183 1446/2245/1183
f 1408/2182/1184 1369/2256/1184 1396/2250/1184 1407/2249/1184
f 1367/2176/1185 1373/2257/1185 1397/2251/1185 1370/2258/1185
f 1373/2257/1186 1374/2259/1186 1398/2252/1186 1397/2251/1186
f 1370/2258/1187 1397/2251/1187 1396/2250/1187 1369/2256/1187
f 1415/2260/1188 1416/2261/1188 1418/2262/1188 1417/2263/1188 1451/2264/1188 1368/2136/1188 1412/2265/1188 1414/2266/1188 1413/2267/1188
o Icosphere_cell.005
v 0.590677 1.472802 -0.475670
v -0.079592 1.887300 0.011664
v 0.481049 1.273064 -0.396021
v 0.536715 1.359907 -0.436464
v 0.407118 1.420929 -0.623562
v 0.496295 1.440749 -0.560867
v 0.554983 1.660182 -0.623564
v 0.577137 1.571555 -0.560868
v 0.642538 1.440749 -0.359580
v 0.674607 1.420929 -0.255394
v 0.667521 1.571555 -0.436465
v 0.720301 1.660183 -0.396022
v 0.436263 1.568236 -0.689460
v 0.502401 1.527360 -0.614081
v 0.423684 1.502763 -0.665125
v 0.489197 1.608767 -0.665125
v 0.660598 1.739615 -0.526471
v 0.641792 1.633846 -0.512807
v 0.617317 1.706643 -0.572041
v 0.690563 1.706643 -0.471226
v 0.746286 1.568236 -0.262750
v 0.719254 1.502764 -0.258306
v 0.695034 1.527360 -0.348943
v 0.739500 1.608767 -0.320613
v 0.383304 1.290941 -0.526469
v 0.393439 1.344398 -0.572039
v 0.469495 1.355062 -0.512806
v 0.426195 1.278885 -0.471225
v 0.574908 1.290941 -0.262749
v 0.535621 1.278885 -0.320612
v 0.588548 1.355062 -0.348943
v 0.621379 1.344399 -0.258306
v 0.539183 1.663902 -0.637804
v 0.550735 1.672147 -0.630297
v 0.662580 1.770753 -0.527912
v 0.644770 1.753097 -0.547305
v 0.613434 1.723352 -0.579339
v 0.440021 1.596757 -0.696092
v 0.481900 1.622932 -0.674918
v 0.369114 1.315611 -0.560187
v 0.376717 1.340389 -0.579355
v 0.394653 1.419394 -0.630223
v 0.412664 1.552275 -0.696028
v 0.407946 1.502953 -0.674798
v 0.414974 1.581393 -0.707789
v 0.364091 1.299101 -0.547386
v 0.356160 1.274989 -0.527719
v 0.377849 1.271313 -0.504699
v 0.472507 1.263021 -0.389815
v 0.413624 1.266081 -0.465184
v 0.567811 1.275002 -0.236325
v 0.552501 1.271299 -0.264290
v 0.525985 1.266073 -0.310517
v 0.588963 1.299160 -0.237835
v 0.623186 1.340350 -0.239963
v 0.757248 1.581432 -0.236400
v 0.745222 1.552019 -0.237882
v 0.677137 1.419366 -0.241217
v 0.723676 1.502957 -0.239995
v 0.675695 1.753254 -0.504729
v 0.725404 1.672174 -0.389887
v 0.696367 1.723537 -0.465212
v 0.746556 1.622928 -0.310650
v 0.753751 1.596746 -0.264273
v 0.662580 1.770753 -0.527912
v 0.644770 1.753097 -0.547305
v 0.613434 1.723352 -0.579339
v 0.550735 1.672147 -0.630297
v 0.539183 1.663902 -0.637804
v 0.481900 1.622932 -0.674918
v 0.440021 1.596757 -0.696092
v 0.369114 1.315611 -0.560187
v 0.376717 1.340389 -0.579355
v 0.412664 1.552275 -0.696028
v 0.414974 1.581393 -0.707789
v 0.407946 1.502953 -0.674798
v 0.394653 1.419394 -0.630223
v 0.364091 1.299101 -0.547386
v 0.567811 1.275002 -0.236325
v 0.552501 1.271299 -0.264290
v 0.356160 1.274989 -0.527719
v 0.377849 1.271313 -0.504699
v 0.413624 1.266081 -0.465184
v 0.472507 1.263021 -0.389815
v 0.525985 1.266073 -0.310517
v 0.677137 1.419366 -0.241217
v 0.723676 1.502957 -0.239995
v 0.745222 1.552019 -0.237882
v 0.757248 1.581432 -0.236400
v 0.588963 1.299160 -0.237835
v 0.623186 1.340350 -0.239963
v 0.725404 1.672174 -0.389887
v 0.696367 1.723537 -0.465212
v 0.675695 1.753254 -0.504729
v 0.746556 1.622928 -0.310650
v 0.753751 1.596746 -0.264273
vn -0.2479 0.8188 -0.5178
vn -0.2503 0.8172 -0.5192
vn -0.8429 -0.1427 -0.5188
vn -0.8435 -0.1445 -0.5173
vn -0.5460 -0.7379 0.3966
vn 0.2327 -0.1436 0.9619
vn 0.4162 0.8183 0.3963
vn 0.5921 -0.3660 -0.7180
vn 0.4775 -0.3800 -0.7922
vn 0.5534 -0.2571 -0.7923
vn 0.6806 -0.4206 -0.5999
vn 0.5785 -0.4577 -0.6752
vn 0.6681 -0.3127 -0.6752
vn 0.4581 -0.4743 -0.7518
vn 0.6291 -0.1979 -0.7517
vn 0.7902 -0.2147 -0.5741
vn 0.7605 -0.0989 -0.6418
vn 0.8454 -0.0989 -0.5250
vn 0.7531 -0.3652 -0.5472
vn 0.7262 -0.2683 -0.6330
vn 0.8264 -0.2683 -0.4950
vn 0.6936 -0.1483 -0.7049
vn 0.8848 -0.1483 -0.4418
vn 0.9010 -0.3799 -0.2092
vn 0.8658 -0.3660 -0.3413
vn 0.9246 -0.2571 -0.2812
vn 0.8566 -0.4742 -0.2033
vn 0.7808 -0.4206 -0.4619
vn 0.8486 -0.3127 -0.4268
vn 0.8209 -0.4577 -0.3415
vn 0.9094 -0.1976 -0.3659
vn 0.4665 -0.7119 -0.5250
vn 0.4283 -0.6362 -0.6417
vn 0.5454 -0.6107 -0.5741
vn 0.5283 -0.7250 -0.4418
vn 0.4428 -0.5541 -0.7049
vn 0.6635 -0.5103 -0.5472
vn 0.6096 -0.6191 -0.4950
vn 0.5648 -0.5295 -0.6330
vn 0.7427 -0.6361 -0.2092
vn 0.6434 -0.7119 -0.2814
vn 0.7145 -0.6107 -0.3413
vn 0.8073 -0.5541 -0.2033
vn 0.5835 -0.7250 -0.3659
vn 0.7254 -0.5103 -0.4619
vn 0.7765 -0.5295 -0.3415
vn 0.6592 -0.6191 -0.4268
vt 0.257731 0.256519
vt 0.375818 0.274396
vt 0.577110 0.305846
vt 0.939133 0.368760
vt 1.000000 0.380350
vt 1.000000 1.000000
vt 0.677990 0.344937
vt 0.880867 0.324734
vt 1.000000 0.313494
vt 0.380350 0.380350
vt 1.000000 0.454687
vt 0.314083 0.313574
vt 0.381914 0.324825
vt 0.498980 0.345131
vt 0.711590 0.387749
vt 0.927084 0.436370
vt 0.454687 0.454687
vt 0.673163 0.439053
vt 1.000000 0.416224
vt 1.000000 0.351305
vt 0.416224 0.416224
vt 0.465324 0.406869
vt 0.548735 0.392048
vt 0.702214 0.371735
vt 0.858606 0.357573
vt 0.946979 0.353280
vt 0.843304 0.194958
vt 0.941620 0.173337
vt 1.000000 0.161269
vt 0.351408 0.351259
vt 0.406372 0.330090
vt 0.499096 0.295765
vt 0.669588 0.241648
vt 0.797588 0.222572
vt 0.924681 0.243343
vt 1.000000 0.256334
vt 0.161704 0.161272
vt 0.232149 0.164807
vt 0.352409 0.172074
vt 0.572883 0.193372
vt 0.483586 0.174228
vt 0.500001 0.172360
vt 0.500001 0.183704
vt 0.490176 0.189377
vt 0.504583 0.186350
vt 0.503122 0.172715
vt 0.504046 0.181333
vt 0.490176 0.189377
vt 0.504588 0.186395
vt 0.499969 0.188439
vt 0.492067 0.191934
vt 0.454546 0.157461
vt 0.480469 0.157529
vt 0.467527 0.179946
vt 0.500001 0.157461
vt 0.477273 0.196826
vt 0.502421 0.157461
vt 0.478497 0.198945
vt 0.492067 0.191934
vt 0.480775 0.197772
vt 0.454546 0.190994
vt 0.464371 0.204275
vt 0.454546 0.209948
vt 0.444721 0.204275
vt 0.454546 0.215275
vt 0.464371 0.204275
vt 0.465635 0.207183
vt 0.458650 0.212281
vt 0.444721 0.204275
vt 0.454496 0.215313
vt 0.450395 0.212308
vt 0.443443 0.207215
vt 0.467527 0.179946
vt 0.441565 0.179946
vt 0.477273 0.196826
vt 0.431819 0.196826
vt 0.465635 0.207183
vt 0.477273 0.196826
vt 0.478497 0.198945
vt 0.431819 0.196826
vt 0.430592 0.198950
vt 0.405908 0.172722
vt 0.409092 0.172360
vt 0.409092 0.183704
vt 0.404434 0.186363
vt 0.404981 0.181295
vt 0.425506 0.174228
vt 0.418916 0.189377
vt 0.418916 0.189377
vt 0.417025 0.191933
vt 0.409123 0.188437
vt 0.404465 0.186376
vt 0.406625 0.157461
vt 0.409092 0.157461
vt 0.405908 0.172722
vt 0.428623 0.157529
vt 0.431819 0.196826
vt 0.409091 0.157461
vt 0.430592 0.198950
vt 0.417025 0.191933
vt 0.504630 0.128545
vt 0.500001 0.131218
vt 0.490176 0.125545
vt 0.492121 0.122903
vt 0.499989 0.126401
vt 0.500001 0.142562
vt 0.504630 0.128545
vt 0.504089 0.133614
vt 0.503723 0.137048
vt 0.503158 0.142203
vt 0.483429 0.140968
vt 0.490176 0.125545
vt 0.477273 0.118096
vt 0.478720 0.115590
vt 0.500001 0.157461
vt 0.502421 0.157461
vt 0.465910 0.137778
vt 0.477273 0.118096
vt 0.500001 0.157461
vt 0.404973 0.133631
vt 0.404420 0.128520
vt 0.409092 0.131218
vt 0.409092 0.142562
vt 0.405903 0.142199
vt 0.409103 0.126397
vt 0.416970 0.122902
vt 0.418916 0.125545
vt 0.404418 0.128510
vt 0.425664 0.140968
vt 0.409092 0.142562
vt 0.418916 0.125545
vt 0.405903 0.142199
vt 0.409092 0.157461
vt 0.430372 0.115590
vt 0.431819 0.118096
vt 0.443182 0.137778
vt 0.409092 0.157461
vt 0.431819 0.118096
s 0
f 1527/2268/1189 1528/2269/1189 1529/2270/1189 1530/2271/1189 1531/2272/1189 1464/2273/1189
f 1532/2274/1190 1533/2275/1190 1537/2276/1190 1464/2273/1190 1531/2277/1190
f 1534/2278/1191 1464/2273/1191 1537/2279/1191 1536/2280/1191 1538/2281/1191 1539/2282/1191 1535/2283/1191
f 1464/2273/1192 1534/2284/1192 1540/2285/1192 1543/2286/1192
f 1541/2287/1193 1464/2273/1193 1543/2288/1193 1544/2289/1193 1545/2290/1193 1546/2291/1193 1547/2292/1193 1542/2293/1193
f 1549/2294/1194 1550/2295/1194 1551/2296/1194 1464/2273/1194 1541/2297/1194 1552/2298/1194 1553/2299/1194 1548/2300/1194
f 1555/2301/1195 1556/2302/1195 1527/2303/1195 1464/2273/1195 1551/2304/1195 1558/2305/1195 1557/2306/1195 1554/2307/1195
f 1476/2308/1196 1477/2309/1196 1475/2310/1196 1478/2311/1196
f 1507/2312/1197 1475/2310/1197 1477/2309/1197 1506/2313/1197 1505/2314/1197
f 1478/2315/1198 1475/2310/1198 1507/2316/1198 1500/2317/1198 1501/2318/1198
f 1463/2319/1199 1468/2320/1199 1476/2308/1199 1470/2321/1199
f 1468/2320/1200 1467/2322/1200 1477/2309/1200 1476/2308/1200
f 1470/2321/1201 1476/2308/1201 1478/2311/1201 1469/2323/1201
f 1506/2313/1202 1477/2309/1202 1467/2322/1202 1504/2324/1202
f 1496/2325/1203 1469/2323/1203 1478/2315/1203 1501/2326/1203 1495/2327/1203
f 1480/2328/1204 1481/2329/1204 1479/2330/1204 1482/2331/1204
f 1497/2332/1205 1479/2330/1205 1481/2333/1205 1499/2334/1205 1498/2335/1205
f 1482/2336/1206 1479/2330/1206 1497/2337/1206 1522/2338/1206 1524/2339/1206
f 1463/2319/1207 1470/2340/1207 1480/2328/1207 1473/2341/1207
f 1470/2340/1208 1469/2342/1208 1481/2329/1208 1480/2328/1208
f 1473/2341/1209 1480/2328/1209 1482/2331/1209 1474/2343/1209
f 1499/2344/1210 1481/2333/1210 1469/2345/1210 1496/2346/1210
f 1474/2347/1211 1482/2336/1211 1524/2339/1211 1523/2348/1211
f 1521/2349/1212 1484/2350/1212 1483/2351/1212 1518/2352/1212 1519/2353/1212
f 1485/2354/1213 1486/2355/1213 1483/2351/1213 1484/2350/1213
f 1483/2351/1214 1486/2356/1214 1525/2357/1214 1526/2358/1214 1518/2359/1214
f 1520/2360/1215 1472/2361/1215 1484/2350/1215 1521/2362/1215
f 1463/2319/1216 1473/2341/1216 1485/2354/1216 1471/2363/1216
f 1473/2341/1217 1474/2364/1217 1486/2355/1217 1485/2354/1217
f 1471/2363/1218 1485/2354/1218 1484/2350/1218 1472/2365/1218
f 1486/2356/1219 1474/2347/1219 1523/2366/1219 1525/2367/1219
f 1509/2368/1220 1487/2369/1220 1490/2370/1220 1512/2371/1220 1510/2372/1220
f 1488/2373/1221 1487/2369/1221 1509/2374/1221 1508/2375/1221 1502/2376/1221 1503/2377/1221
f 1489/2378/1222 1490/2379/1222 1487/2369/1222 1488/2373/1222
f 1512/2371/1223 1490/2370/1223 1465/2380/1223 1511/2381/1223
f 1467/2382/1224 1488/2373/1224 1503/2377/1224 1504/2383/1224
f 1463/2319/1225 1466/2384/1225 1489/2378/1225 1468/2320/1225
f 1466/2384/1226 1465/2385/1226 1490/2379/1226 1489/2378/1226
f 1468/2320/1227 1489/2378/1227 1488/2373/1227 1467/2386/1227
f 1516/2387/1228 1513/2388/1228 1491/2389/1228 1494/2390/1228 1517/2391/1228
f 1514/2392/1229 1515/2393/1229 1492/2394/1229 1491/2389/1229 1513/2395/1229
f 1493/2396/1230 1494/2397/1230 1491/2389/1230 1492/2398/1230
f 1517/2399/1231 1494/2390/1231 1472/2400/1231 1520/2360/1231
f 1511/2401/1232 1465/2402/1232 1492/2394/1232 1515/2393/1232
f 1463/2319/1233 1471/2363/1233 1493/2396/1233 1466/2403/1233
f 1471/2363/1234 1472/2404/1234 1494/2397/1234 1493/2396/1234
f 1466/2403/1235 1493/2396/1235 1492/2398/1235 1465/2405/1235
o Icosphere_cell.006
v 0.174628 2.304900 0.804777
v -0.081977 1.890080 0.016769
v 0.326315 2.117519 0.816532
v 0.259841 2.206147 0.818227
v 0.372007 2.356772 0.675902
v 0.284822 2.336952 0.741342
v 0.132754 2.504638 0.675901
v 0.154017 2.417795 0.741341
v 0.113597 2.206147 0.865745
v 0.058823 2.117519 0.903445
v 0.048194 2.336953 0.818226
v -0.060804 2.356773 0.816530
v 0.287025 2.486760 0.623251
v 0.247395 2.422639 0.701001
v 0.327232 2.433303 0.646971
v 0.221229 2.498816 0.646971
v -0.023000 2.486761 0.723983
v -0.041586 2.433304 0.766807
v 0.054761 2.422640 0.763591
v 0.044172 2.498816 0.704500
v -0.075957 2.209466 0.886974
v -0.018828 2.168935 0.898400
v 0.021856 2.250342 0.864866
v -0.071830 2.274938 0.859892
v 0.425673 2.209466 0.723985
v 0.406415 2.274938 0.704502
v 0.333545 2.250341 0.763593
v 0.386171 2.168934 0.766809
v 0.201338 2.038087 0.886975
v 0.258052 2.071059 0.859894
v 0.194154 2.143855 0.864867
v 0.139537 2.071059 0.898401
v -0.014676 2.506248 0.703313
v 0.037632 2.511467 0.692371
v -0.046183 2.502515 0.709224
v 0.268283 2.506101 0.611510
v 0.219403 2.511380 0.633408
v 0.129558 2.514477 0.666063
v -0.099127 2.225577 0.878334
v -0.104280 2.195787 0.889413
v -0.090500 2.274746 0.858448
v -0.051218 2.478489 0.729688
v -0.075064 2.358336 0.814556
v -0.059691 2.437375 0.762835
v 0.202241 2.006726 0.889267
v 0.226263 2.024485 0.878283
v 0.266265 2.054201 0.858443
v 0.449827 2.195969 0.709402
v 0.430835 2.180853 0.729626
v 0.334056 2.105516 0.814566
v 0.397777 2.154724 0.762882
v -0.076825 2.180605 0.894638
v -0.030624 2.154604 0.902076
v 0.176196 2.024556 0.894554
v 0.051386 2.105485 0.906413
v 0.132071 2.054269 0.902040
v 0.439244 2.225464 0.703521
v 0.420529 2.274747 0.692480
v 0.309737 2.483383 0.608663
v 0.312968 2.478564 0.611389
v 0.382241 2.358314 0.666060
v 0.339400 2.437326 0.633281
v 0.296707 2.502427 0.598102
v -0.014676 2.506248 0.703313
v 0.037632 2.511467 0.692371
v 0.129558 2.514477 0.666063
v 0.219403 2.511380 0.633408
v 0.268283 2.506101 0.611510
v -0.099127 2.225577 0.878334
v -0.090500 2.274746 0.858448
v -0.075064 2.358336 0.814556
v -0.059691 2.437375 0.762835
v -0.051218 2.478489 0.729688
v -0.046183 2.502515 0.709224
v 0.266265 2.054201 0.858443
v 0.334056 2.105516 0.814566
v 0.226263 2.024485 0.878283
v 0.202241 2.006726 0.889267
v 0.449827 2.195969 0.709402
v 0.430835 2.180853 0.729626
v 0.397777 2.154724 0.762882
v -0.076825 2.180605 0.894638
v -0.030624 2.154604 0.902076
v -0.104280 2.195787 0.889413
v 0.176196 2.024556 0.894554
v 0.132071 2.054269 0.902040
v 0.051386 2.105485 0.906413
v 0.439244 2.225464 0.703521
v 0.420529 2.274747 0.692480
v 0.309737 2.483383 0.608663
v 0.312968 2.478564 0.611389
v 0.339400 2.437326 0.633281
v 0.382241 2.358314 0.666060
v 0.296707 2.502427 0.598102
vn -0.2079 0.7380 -0.6420
vn -0.9869 0.1427 -0.0752
vn 0.5699 -0.8181 -0.0763
vn -0.5048 -0.8186 0.2739
vn 0.7537 0.1425 -0.6416
vn 0.7471 0.1523 -0.6471
vn 0.3775 0.6107 0.6961
vn 0.4779 0.6360 0.6059
vn 0.3551 0.7119 0.6059
vn 0.3154 0.5103 0.8001
vn 0.4275 0.5295 0.7327
vn 0.2824 0.6191 0.7327
vn 0.5336 0.5541 0.6390
vn 0.2569 0.7250 0.6390
vn -0.0306 0.6360 0.7711
vn 0.1038 0.6107 0.7850
vn 0.0684 0.7120 0.6988
vn -0.0561 0.5541 0.8306
vn 0.2151 0.5103 0.8327
vn 0.2022 0.6191 0.7588
vn 0.0849 0.5295 0.8440
vn 0.1677 0.7250 0.6680
vn -0.0181 0.2571 0.9662
vn 0.0570 0.3660 0.9289
vn -0.0797 0.3796 0.9217
vn 0.0670 0.1976 0.9780
vn 0.1980 0.4206 0.8854
vn 0.0711 0.4577 0.8862
vn 0.1437 0.3127 0.9389
vn -0.0713 0.4743 0.8775
vn 0.5825 0.2571 0.7711
vn 0.6062 0.3797 0.6988
vn 0.4999 0.3660 0.7850
vn 0.5207 0.1976 0.8306
vn 0.5735 0.4743 0.6680
vn 0.3602 0.4206 0.8327
vn 0.4357 0.3127 0.8441
vn 0.4634 0.4577 0.7588
vn 0.2381 0.0987 0.9662
vn 0.3753 0.0988 0.9216
vn 0.3018 0.2147 0.9289
vn 0.1468 0.1483 0.9780
vn 0.4561 0.1483 0.8775
vn 0.2877 0.3652 0.8854
vn 0.2154 0.2683 0.9389
vn 0.3776 0.2683 0.8862
vt 0.999415 0.661030
vt 0.946711 0.605291
vt 0.858141 0.510597
vt 0.701878 0.336835
vt 0.548549 0.159799
vt 0.464773 0.059196
vt 0.416012 0.000000
vt 1.000000 0.000000
vt 0.823479 0.060235
vt 0.804435 0.160655
vt 0.762419 0.337694
vt 0.712921 0.511498
vt 0.681204 0.605819
vt 0.661623 0.661623
vt 0.000000 0.000000
vt 0.833991 0.000778
vt 0.804167 0.644142
vt 0.823170 0.763536
vt 0.833692 0.833692
vt 0.661528 0.000000
vt 0.680877 0.074616
vt 0.712697 0.201269
vt 0.762162 0.424785
vt 0.235977 0.075038
vt 0.165909 0.000000
vt 0.999570 0.833308
vt 0.924452 0.763220
vt 0.797765 0.643725
vt 0.574368 0.424576
vt 0.355085 0.201217
vt 0.655943 0.601248
vt 0.661528 0.661528
vt 0.565644 0.000000
vt 0.568242 0.012862
vt 0.589099 0.120475
vt 0.620313 0.311017
vt 0.645452 0.498457
vt 0.583979 0.000314
vt 0.565644 0.565644
vt 0.210702 0.331414
vt 0.227274 0.329820
vt 0.227274 0.341165
vt 0.217449 0.346837
vt 0.231878 0.343823
vt 0.227274 0.329820
vt 0.230442 0.330180
vt 0.231380 0.338757
vt 0.231493 0.339780
vt 0.231878 0.343825
vt 0.227262 0.345910
vt 0.219358 0.349429
vt 0.181819 0.314921
vt 0.207742 0.314853
vt 0.193183 0.334604
vt 0.227274 0.314921
vt 0.204546 0.354286
vt 0.230442 0.330180
vt 0.227274 0.314921
vt 0.229706 0.314921
vt 0.204546 0.354286
vt 0.219358 0.349429
vt 0.205964 0.356741
vt 0.136364 0.329820
vt 0.136364 0.341165
vt 0.131662 0.343827
vt 0.132220 0.338735
vt 0.133158 0.330185
vt 0.152936 0.331414
vt 0.146189 0.346837
vt 0.136364 0.329820
vt 0.146189 0.346837
vt 0.144267 0.349447
vt 0.136376 0.345947
vt 0.131715 0.343849
vt 0.136364 0.314921
vt 0.133898 0.314921
vt 0.170455 0.334604
vt 0.155896 0.314853
vt 0.159092 0.354286
vt 0.136364 0.314921
vt 0.159092 0.354286
vt 0.157674 0.356741
vt 0.144267 0.349447
vt 0.144276 0.280419
vt 0.146189 0.283005
vt 0.136364 0.288678
vt 0.131731 0.285941
vt 0.136396 0.283887
vt 0.152779 0.298154
vt 0.136364 0.300023
vt 0.146189 0.283005
vt 0.132281 0.291071
vt 0.131740 0.286008
vt 0.136364 0.300023
vt 0.133200 0.299662
vt 0.157861 0.273424
vt 0.159092 0.275556
vt 0.144276 0.280418
vt 0.155896 0.314853
vt 0.168838 0.292436
vt 0.159092 0.275556
vt 0.136364 0.314921
vt 0.133898 0.314921
vt 0.227274 0.288678
vt 0.217449 0.283005
vt 0.219346 0.280440
vt 0.227242 0.283928
vt 0.231866 0.286026
vt 0.230406 0.299666
vt 0.227274 0.300023
vt 0.231329 0.291055
vt 0.210859 0.298154
vt 0.217449 0.283005
vt 0.227274 0.300022
vt 0.204546 0.275556
vt 0.205774 0.273430
vt 0.219346 0.280440
vt 0.229706 0.314921
vt 0.227274 0.314921
vt 0.194800 0.292437
vt 0.207742 0.314853
vt 0.227274 0.314921
vt 0.181819 0.257087
vt 0.181819 0.262434
vt 0.171994 0.268107
vt 0.170724 0.265186
vt 0.177700 0.260092
vt 0.192920 0.265174
vt 0.191644 0.268107
vt 0.181843 0.257069
vt 0.185959 0.260080
vt 0.181819 0.281388
vt 0.171994 0.268107
vt 0.191644 0.268107
vt 0.170724 0.265186
vt 0.157861 0.273424
vt 0.205774 0.273430
vt 0.204546 0.275556
vt 0.192920 0.265174
vt 0.168838 0.292437
vt 0.194800 0.292436
vt 0.159092 0.275556
vt 0.204546 0.275556
s 0
f 1632/2406/1236 1622/2407/1236 1623/2408/1236 1624/2409/1236 1625/2410/1236 1626/2411/1236 1652/2412/1236 1560/2413/1236
f 1627/2414/1237 1628/2415/1237 1629/2416/1237 1630/2417/1237 1631/2418/1237 1632/2419/1237 1560/2420/1237 1642/2421/1237
f 1633/2422/1238 1635/2423/1238 1636/2424/1238 1560/2420/1238 1637/2425/1238 1638/2426/1238 1639/2427/1238 1634/2428/1238
f 1640/2429/1239 1642/2430/1239 1560/2413/1239 1636/2431/1239 1643/2432/1239 1644/2433/1239 1645/2434/1239 1641/2435/1239
f 1646/2436/1240 1637/2437/1240 1560/2420/1240 1648/2438/1240 1649/2439/1240 1650/2440/1240 1651/2441/1240 1647/2442/1240
f 1560/2420/1241 1652/2443/1241 1648/2444/1241
f 1572/2445/1242 1573/2446/1242 1571/2447/1242 1574/2448/1242
f 1621/2449/1243 1571/2447/1243 1573/2450/1243 1620/2451/1243 1618/2452/1243 1617/2453/1243
f 1574/2448/1244 1571/2447/1244 1621/2454/1244 1594/2455/1244 1595/2456/1244
f 1559/2457/1245 1564/2458/1245 1572/2445/1245 1566/2459/1245
f 1564/2458/1246 1563/2460/1246 1573/2446/1246 1572/2445/1246
f 1566/2459/1247 1572/2445/1247 1574/2448/1247 1565/2461/1247
f 1620/2462/1248 1573/2450/1248 1563/2463/1248 1619/2464/1248
f 1565/2465/1249 1574/2448/1249 1595/2466/1249 1596/2467/1249
f 1576/2468/1250 1575/2469/1250 1593/2470/1250 1600/2471/1250 1602/2472/1250
f 1577/2473/1251 1578/2474/1251 1575/2469/1251 1576/2475/1251
f 1575/2469/1252 1578/2476/1252 1592/2477/1252 1591/2478/1252 1593/2479/1252
f 1570/2480/1253 1576/2468/1253 1602/2472/1253 1601/2481/1253
f 1559/2457/1254 1566/2482/1254 1577/2473/1254 1569/2483/1254
f 1566/2482/1255 1565/2484/1255 1578/2474/1255 1577/2473/1255
f 1569/2483/1256 1577/2473/1256 1576/2475/1256 1570/2485/1256
f 1578/2476/1257 1565/2486/1257 1596/2487/1257 1592/2488/1257
f 1611/2489/1258 1580/2490/1258 1579/2491/1258 1598/2492/1258 1610/2493/1258
f 1581/2494/1259 1582/2495/1259 1579/2491/1259 1580/2496/1259
f 1597/2497/1260 1598/2498/1260 1579/2491/1260 1582/2499/1260 1599/2500/1260
f 1613/2501/1261 1568/2502/1261 1580/2490/1261 1611/2503/1261
f 1559/2457/1262 1569/2504/1262 1581/2494/1262 1567/2505/1262
f 1569/2504/1263 1570/2485/1263 1582/2495/1263 1581/2494/1263
f 1567/2505/1264 1581/2494/1264 1580/2496/1264 1568/2506/1264
f 1599/2500/1265 1582/2499/1265 1570/2507/1265 1601/2508/1265
f 1583/2509/1266 1586/2510/1266 1609/2511/1266 1607/2512/1266 1606/2513/1266
f 1616/2514/1267 1584/2515/1267 1583/2509/1267 1606/2513/1267 1615/2516/1267
f 1585/2517/1268 1586/2518/1268 1583/2509/1268 1584/2519/1268
f 1586/2510/1269 1561/2520/1269 1608/2521/1269 1609/2522/1269
f 1619/2523/1270 1563/2524/1270 1584/2515/1270 1616/2514/1270
f 1559/2457/1271 1562/2525/1271 1585/2517/1271 1564/2526/1271
f 1562/2525/1272 1561/2520/1272 1586/2518/1272 1585/2517/1272
f 1564/2526/1273 1585/2517/1273 1584/2519/1273 1563/2527/1273
f 1603/2528/1274 1587/2529/1274 1590/2530/1274 1614/2531/1274 1612/2532/1274
f 1605/2533/1275 1588/2534/1275 1587/2529/1275 1603/2535/1275 1604/2536/1275
f 1589/2537/1276 1590/2538/1276 1587/2529/1276 1588/2539/1276
f 1614/2540/1277 1590/2530/1277 1568/2502/1277 1613/2541/1277
f 1608/2542/1278 1561/2543/1278 1588/2534/1278 1605/2544/1278
f 1559/2457/1279 1567/2545/1279 1589/2537/1279 1562/2546/1279
f 1567/2545/1280 1568/2547/1280 1590/2538/1280 1589/2537/1280
f 1562/2546/1281 1589/2537/1281 1588/2539/1281 1561/2548/1281
o Icosphere_cell.007
v -0.755672 2.304900 0.502500
v -0.085642 1.890481 0.015229
v -0.719978 2.117519 0.650394
v -0.742132 2.206147 0.587699
v -0.572113 2.356773 0.650393
v -0.661290 2.336953 0.587698
v -0.646044 2.504638 0.422851
v -0.701710 2.417795 0.463295
v -0.832516 2.206147 0.463296
v -0.885296 2.117519 0.422852
v -0.807533 2.336952 0.386411
v -0.839602 2.356772 0.282224
v -0.548299 2.486761 0.553300
v -0.634490 2.422639 0.539637
v -0.558434 2.433304 0.598870
v -0.591190 2.498816 0.498055
v -0.739903 2.486760 0.289580
v -0.786374 2.433303 0.285137
v -0.753543 2.422639 0.375774
v -0.700616 2.498816 0.347443
v -0.911281 2.209465 0.289580
v -0.904495 2.168934 0.347443
v -0.860029 2.250341 0.375774
v -0.884249 2.274938 0.285137
v -0.601258 2.209466 0.716291
v -0.588679 2.274938 0.691955
v -0.667396 2.250342 0.640911
v -0.654192 2.168934 0.691956
v -0.825593 2.038087 0.553302
v -0.782312 2.071059 0.598872
v -0.806787 2.143855 0.539638
v -0.855558 2.071059 0.498057
v -0.910204 2.225881 0.264408
v -0.922459 2.195912 0.262890
v -0.888743 2.274741 0.266527
v -0.732978 2.502576 0.262960
v -0.754079 2.478471 0.264453
v -0.842180 2.358366 0.267779
v -0.788205 2.437404 0.266556
v -0.691067 2.511512 0.337439
v -0.717608 2.506304 0.291113
v -0.542916 2.506130 0.531817
v -0.578825 2.511410 0.492114
v -0.637643 2.514515 0.416748
v -0.827667 2.006552 0.554656
v -0.809620 2.024482 0.574326
v -0.715694 2.105452 0.657186
v -0.704051 2.113774 0.664747
v -0.778388 2.054172 0.606248
v -0.918885 2.180423 0.291133
v -0.911709 2.154457 0.337258
v -0.840738 2.024404 0.531490
v -0.861411 2.054022 0.491992
v -0.890501 2.105289 0.416596
v -0.579770 2.196122 0.734811
v -0.605024 2.180887 0.722936
v -0.646865 2.154711 0.701789
v -0.577467 2.225556 0.722912
v -0.572810 2.274747 0.701710
v -0.559605 2.358313 0.657077
v -0.534191 2.462069 0.586983
v -0.541762 2.437301 0.606164
v -0.529201 2.478649 0.574091
v -0.521501 2.502362 0.554731
v -0.910204 2.225881 0.264408
v -0.922459 2.195912 0.262890
v -0.888743 2.274741 0.266527
v -0.842180 2.358366 0.267779
v -0.788205 2.437404 0.266556
v -0.754079 2.478471 0.264453
v -0.732978 2.502576 0.262960
v -0.691067 2.511512 0.337439
v -0.717608 2.506304 0.291113
v -0.637643 2.514515 0.416748
v -0.578825 2.511410 0.492114
v -0.542916 2.506130 0.531817
v -0.715694 2.105452 0.657186
v -0.704051 2.113774 0.664747
v -0.778388 2.054172 0.606248
v -0.809620 2.024482 0.574326
v -0.918885 2.180423 0.291133
v -0.911709 2.154457 0.337258
v -0.827667 2.006552 0.554656
v -0.840738 2.024404 0.531490
v -0.861411 2.054022 0.491992
v -0.890501 2.105289 0.416596
v -0.605024 2.180887 0.722936
v -0.646865 2.154711 0.701789
v -0.579770 2.196122 0.734811
v -0.577467 2.225556 0.722912
v -0.572810 2.274747 0.701710
v -0.534191 2.462069 0.586983
v -0.541762 2.437301 0.606164
v -0.559605 2.358313 0.657077
v -0.529201 2.478649 0.574091
v -0.521501 2.502362 0.554731
vn -0.2322 0.1437 -0.9620
vn 0.5466 0.7380 -0.3957
vn 0.2486 -0.8185 0.5180
vn -0.4160 -0.8186 -0.3961
vn 0.2495 -0.8178 0.5187
vn 0.8432 0.1435 0.5181
vn 0.8442 0.1468 0.5155
vn -0.5454 0.6107 0.5741
vn -0.4286 0.6360 0.6418
vn -0.4665 0.7119 0.5249
vn -0.6635 0.5103 0.5472
vn -0.5648 0.5295 0.6330
vn -0.6096 0.6191 0.4950
vn -0.4428 0.5541 0.7049
vn -0.5283 0.7250 0.4418
vn -0.7428 0.6360 0.2092
vn -0.7145 0.6107 0.3413
vn -0.6435 0.7120 0.2811
vn -0.8073 0.5541 0.2033
vn -0.7254 0.5103 0.4619
vn -0.6592 0.6191 0.4268
vn -0.7765 0.5295 0.3415
vn -0.5835 0.7250 0.3659
vn -0.9245 0.2571 0.2813
vn -0.8658 0.3659 0.3413
vn -0.9011 0.3799 0.2092
vn -0.9094 0.1976 0.3659
vn -0.7808 0.4206 0.4619
vn -0.8209 0.4577 0.3415
vn -0.8486 0.3127 0.4268
vn -0.8566 0.4742 0.2033
vn -0.5533 0.2571 0.7923
vn -0.4774 0.3799 0.7923
vn -0.5921 0.3659 0.7180
vn -0.6291 0.1979 0.7517
vn -0.4581 0.4743 0.7518
vn -0.6806 0.4206 0.5999
vn -0.6681 0.3127 0.6752
vn -0.5785 0.4577 0.6752
vn -0.8454 0.0988 0.5250
vn -0.7606 0.0987 0.6417
vn -0.7902 0.2147 0.5741
vn -0.8848 0.1483 0.4418
vn -0.6936 0.1483 0.7049
vn -0.7531 0.3652 0.5472
vn -0.8264 0.2683 0.4950
vn -0.7262 0.2683 0.6330
vt 0.826348 0.059455
vt 0.804826 0.157302
vt 0.758135 0.330963
vt 0.704017 0.501377
vt 0.669803 0.593752
vt 0.648648 0.648648
vt 0.000000 0.000000
vt 0.838639 0.000010
vt 0.416044 0.000000
vt 1.000000 0.000000
vt 0.999540 0.648191
vt 0.946660 0.593359
vt 0.858139 0.500567
vt 0.701804 0.330123
vt 0.548414 0.156478
vt 0.464654 0.057859
vt 0.743210 0.743210
vt 0.619718 0.000000
vt 0.631353 0.061302
vt 0.693992 0.423067
vt 0.725187 0.623566
vt 0.233074 0.068091
vt 0.161360 0.000000
vt 1.000000 0.743210
vt 0.924041 0.680387
vt 0.797257 0.574382
vt 0.572776 0.379167
vt 0.352453 0.180213
vt 0.655106 0.322708
vt 0.619718 0.619718
vt 0.686662 0.000000
vt 0.675313 0.120093
vt 0.675292 0.618068
vt 0.686662 0.686662
vt 0.545458 0.000000
vt 0.563775 0.072932
vt 0.612402 0.288502
vt 0.655036 0.501248
vt 0.583848 0.001700
vt 0.561255 0.324755
vt 0.545458 0.545458
vt 0.028883 0.331414
vt 0.045455 0.329820
vt 0.045455 0.341165
vt 0.035630 0.346837
vt 0.045455 0.329820
vt 0.048603 0.330178
vt 0.049162 0.335332
vt 0.049519 0.338782
vt 0.050040 0.343812
vt 0.037544 0.349435
vt 0.050043 0.343839
vt 0.045443 0.345917
vt 0.000000 0.314921
vt 0.025884 0.314921
vt 0.011364 0.334604
vt 0.045455 0.314921
vt 0.022728 0.354286
vt 0.047884 0.314921
vt 0.048603 0.330178
vt 0.024150 0.356751
vt 0.022728 0.354286
vt 0.860407 0.330187
vt 0.863637 0.329820
vt 0.863636 0.341165
vt 0.858932 0.343839
vt 0.859483 0.338730
vt 0.880209 0.331414
vt 0.873461 0.346837
vt 0.858974 0.343857
vt 0.873461 0.346837
vt 0.871532 0.349456
vt 0.863648 0.345960
vt 0.861123 0.314921
vt 0.863637 0.314921
vt 0.860407 0.330187
vt 0.909091 0.314921
vt 0.897727 0.334604
vt 0.883168 0.314853
vt 0.886364 0.354286
vt 0.871532 0.349456
vt 0.886364 0.354286
vt 0.884941 0.356751
vt 0.873461 0.283005
vt 0.863636 0.288678
vt 0.858917 0.285952
vt 0.863668 0.283856
vt 0.871528 0.280392
vt 0.880051 0.298154
vt 0.863636 0.300023
vt 0.873461 0.283005
vt 0.859476 0.291116
vt 0.858917 0.285953
vt 0.863637 0.300023
vt 0.860402 0.299654
vt 0.886364 0.275556
vt 0.885113 0.273390
vt 0.883168 0.314853
vt 0.896070 0.292505
vt 0.863637 0.314921
vt 0.863637 0.314921
vt 0.861123 0.314921
vt 0.050080 0.286007
vt 0.045455 0.288678
vt 0.035630 0.283005
vt 0.037560 0.280385
vt 0.045444 0.283899
vt 0.049533 0.291068
vt 0.048603 0.299664
vt 0.045455 0.300023
vt 0.028883 0.298428
vt 0.045455 0.300022
vt 0.037560 0.280385
vt 0.022728 0.275556
vt 0.024167 0.273064
vt 0.026426 0.274311
vt 0.047884 0.314921
vt 0.045455 0.314921
vt 0.011364 0.295239
vt 0.025884 0.314921
vt 0.022728 0.275556
vt 0.045455 0.314921
vt 0.909091 0.257054
vt 0.909091 0.262434
vt 0.899266 0.268107
vt 0.897977 0.265143
vt 0.904927 0.260066
vt 0.913252 0.260045
vt 0.920224 0.265116
vt 0.918916 0.268107
vt 0.908933 0.281661
vt 0.918916 0.268107
vt 0.886364 0.275556
vt 0.885113 0.273390
vt 0.933257 0.273064
vt 0.931818 0.275556
vt 0.896070 0.292505
vt 0.920455 0.295239
s 0
f 1717/2549/1282 1719/2550/1282 1720/2551/1282 1721/2552/1282 1722/2553/1282 1723/2554/1282 1654/2555/1282 1718/2556/1282
f 1748/2557/1283 1654/2558/1283 1723/2559/1283 1725/2560/1283 1724/2561/1283 1726/2562/1283 1727/2563/1283 1728/2564/1283
f 1735/2565/1284 1654/2555/1284 1730/2566/1284 1729/2567/1284 1731/2568/1284 1732/2569/1284
f 1733/2570/1285 1718/2571/1285 1654/2558/1285 1735/2572/1285 1736/2573/1285 1737/2574/1285 1738/2575/1285 1734/2576/1285
f 1740/2577/1286 1730/2578/1286 1654/2555/1286 1741/2579/1286 1739/2580/1286
f 1742/2581/1287 1741/2582/1287 1654/2555/1287 1744/2583/1287 1745/2584/1287 1746/2585/1287 1743/2586/1287
f 1654/2555/1288 1748/2587/1288 1747/2588/1288 1744/2589/1288
f 1666/2590/1289 1667/2591/1289 1665/2592/1289 1668/2593/1289
f 1665/2592/1290 1667/2594/1290 1714/2595/1290 1713/2596/1290 1715/2597/1290 1716/2598/1290
f 1695/2599/1291 1668/2593/1291 1665/2592/1291 1716/2600/1291 1694/2601/1291
f 1653/2602/1292 1658/2603/1292 1666/2590/1292 1660/2604/1292
f 1658/2603/1293 1657/2605/1293 1667/2591/1293 1666/2590/1293
f 1660/2604/1294 1666/2590/1294 1668/2593/1294 1659/2606/1294
f 1667/2594/1295 1657/2605/1295 1712/2607/1295 1714/2608/1295
f 1696/2609/1296 1659/2610/1296 1668/2593/1296 1695/2599/1296
f 1691/2611/1297 1670/2612/1297 1669/2613/1297 1688/2614/1297 1689/2615/1297
f 1671/2616/1298 1672/2617/1298 1669/2613/1298 1670/2612/1298
f 1688/2618/1299 1669/2613/1299 1672/2619/1299 1692/2620/1299 1693/2621/1299
f 1690/2622/1300 1664/2623/1300 1670/2612/1300 1691/2624/1300
f 1653/2625/1301 1660/2626/1301 1671/2616/1301 1663/2627/1301
f 1660/2626/1302 1659/2628/1302 1672/2617/1302 1671/2616/1302
f 1663/2627/1303 1671/2616/1303 1670/2612/1303 1664/2623/1303
f 1692/2629/1304 1672/2619/1304 1659/2630/1304 1696/2631/1304
f 1674/2632/1305 1673/2633/1305 1686/2634/1305 1702/2635/1305 1703/2636/1305
f 1675/2637/1306 1676/2638/1306 1673/2633/1306 1674/2639/1306
f 1685/2640/1307 1686/2641/1307 1673/2633/1307 1676/2642/1307 1687/2643/1307
f 1662/2644/1308 1674/2632/1308 1703/2636/1308 1706/2645/1308
f 1653/2625/1309 1663/2646/1309 1675/2637/1309 1661/2647/1309
f 1663/2646/1310 1664/2648/1310 1676/2638/1310 1675/2637/1310
f 1661/2647/1311 1675/2637/1311 1674/2639/1311 1662/2644/1311
f 1687/2643/1312 1676/2642/1312 1664/2649/1312 1690/2650/1312
f 1707/2651/1313 1677/2652/1313 1680/2653/1313 1709/2654/1313 1708/2655/1313
f 1710/2656/1314 1711/2657/1314 1678/2658/1314 1677/2652/1314 1707/2651/1314
f 1679/2659/1315 1680/2653/1315 1677/2652/1315 1678/2660/1315
f 1709/2661/1316 1680/2653/1316 1655/2662/1316 1699/2663/1316 1700/2664/1316
f 1712/2665/1317 1657/2666/1317 1678/2658/1317 1711/2657/1317
f 1653/2602/1318 1656/2667/1318 1679/2659/1318 1658/2668/1318
f 1656/2667/1319 1655/2669/1319 1680/2653/1319 1679/2659/1319
f 1658/2668/1320 1679/2659/1320 1678/2660/1320 1657/2670/1320
f 1697/2671/1321 1681/2672/1321 1684/2673/1321 1705/2674/1321 1704/2675/1321
f 1698/2676/1322 1701/2677/1322 1682/2678/1322 1681/2672/1322 1697/2671/1322
f 1683/2679/1323 1684/2673/1323 1681/2672/1323 1682/2680/1323
f 1684/2673/1324 1662/2681/1324 1706/2682/1324 1705/2674/1324
f 1699/2683/1325 1655/2684/1325 1682/2678/1325 1701/2677/1325
f 1653/2625/1326 1661/2685/1326 1683/2679/1326 1656/2686/1326
f 1661/2685/1327 1662/2681/1327 1684/2673/1327 1683/2679/1327
f 1656/2686/1328 1683/2679/1328 1682/2680/1328 1655/2684/1328
o Icosphere_cell.008
v -0.755672 2.304900 -0.475670
v -0.085552 1.890189 0.011658
v -0.885296 2.117519 -0.396022
v -0.832516 2.206146 -0.436465
v -0.839602 2.356772 -0.255394
v -0.807533 2.336952 -0.359580
v -0.646044 2.504638 -0.396021
v -0.701710 2.417794 -0.436464
v -0.742132 2.206147 -0.560868
v -0.719978 2.117519 -0.623564
v -0.661290 2.336953 -0.560867
v -0.572113 2.356773 -0.623562
v -0.739903 2.486760 -0.262749
v -0.753543 2.422639 -0.348943
v -0.786374 2.433303 -0.258306
v -0.700616 2.498816 -0.320612
v -0.548299 2.486761 -0.526469
v -0.558434 2.433303 -0.572039
v -0.634490 2.422639 -0.512806
v -0.591190 2.498816 -0.471225
v -0.601258 2.209466 -0.689460
v -0.654192 2.168934 -0.665125
v -0.667396 2.250342 -0.614081
v -0.588680 2.274938 -0.665125
v -0.911281 2.209465 -0.262749
v -0.884249 2.274937 -0.258306
v -0.860029 2.250341 -0.348943
v -0.904495 2.168934 -0.320613
v -0.825593 2.038087 -0.526471
v -0.855558 2.071059 -0.471226
v -0.806787 2.143855 -0.512807
v -0.782312 2.071059 -0.572041
v -0.827871 2.006890 -0.527456
v -0.809909 2.024728 -0.547115
v -0.778469 2.054522 -0.579264
v -0.605051 2.180679 -0.696154
v -0.715763 2.105646 -0.630246
v -0.646854 2.154689 -0.674974
v -0.911670 2.154535 -0.310482
v -0.918854 2.180543 -0.264295
v -0.922410 2.195953 -0.236195
v -0.840707 2.024432 -0.504704
v -0.890471 2.105360 -0.389802
v -0.861391 2.054082 -0.465183
v -0.717884 2.506062 -0.264263
v -0.733210 2.502299 -0.236185
v -0.691205 2.511329 -0.310753
v -0.521313 2.502465 -0.527918
v -0.542919 2.506118 -0.504999
v -0.637742 2.514398 -0.389989
v -0.578873 2.511362 -0.465306
v -0.910209 2.225801 -0.237700
v -0.888716 2.274742 -0.239809
v -0.754052 2.478486 -0.237668
v -0.842164 2.358356 -0.241036
v -0.788199 2.437390 -0.239788
v -0.529144 2.478625 -0.547323
v -0.559494 2.358326 -0.630306
v -0.541730 2.437308 -0.579347
v -0.579524 2.196033 -0.708171
v -0.577223 2.225721 -0.696149
v -0.572624 2.274745 -0.674993
v -0.605051 2.180679 -0.696154
v -0.646854 2.154689 -0.674974
v -0.809909 2.024728 -0.547115
v -0.778469 2.054522 -0.579264
v -0.715763 2.105646 -0.630246
v -0.890471 2.105360 -0.389802
v -0.861391 2.054082 -0.465183
v -0.840707 2.024432 -0.504704
v -0.827871 2.006890 -0.527456
v -0.918854 2.180543 -0.264295
v -0.922410 2.195953 -0.236195
v -0.911670 2.154535 -0.310482
v -0.717884 2.506062 -0.264263
v -0.691205 2.511329 -0.310753
v -0.542919 2.506118 -0.504999
v -0.578873 2.511362 -0.465306
v -0.637742 2.514398 -0.389989
v -0.910209 2.225801 -0.237700
v -0.888716 2.274742 -0.239809
v -0.733210 2.502299 -0.236185
v -0.754052 2.478486 -0.237668
v -0.788199 2.437390 -0.239788
v -0.842164 2.358356 -0.241036
v -0.521313 2.502465 -0.527918
v -0.529144 2.478625 -0.547323
v -0.579524 2.196033 -0.708171
v -0.577223 2.225721 -0.696149
v -0.572624 2.274745 -0.674993
v -0.559494 2.358326 -0.630306
v -0.541730 2.437308 -0.579347
vn 0.2472 -0.8191 -0.5176
vn -0.4163 -0.8184 0.3961
vn 0.5457 0.7381 0.3968
vn -0.2325 0.1435 0.9620
vn 0.8434 0.1442 -0.5175
vn -0.7145 0.6107 -0.3413
vn -0.7428 0.6360 -0.2092
vn -0.6435 0.7121 -0.2809
vn -0.7254 0.5103 -0.4619
vn -0.7765 0.5295 -0.3415
vn -0.6592 0.6191 -0.4268
vn -0.8073 0.5541 -0.2033
vn -0.5835 0.7250 -0.3659
vn -0.4285 0.6360 -0.6418
vn -0.5454 0.6107 -0.5741
vn -0.4665 0.7119 -0.5250
vn -0.4428 0.5541 -0.7049
vn -0.6635 0.5103 -0.5472
vn -0.6096 0.6191 -0.4950
vn -0.5648 0.5295 -0.6330
vn -0.5283 0.7250 -0.4418
vn -0.5533 0.2571 -0.7923
vn -0.5921 0.3659 -0.7180
vn -0.4774 0.3799 -0.7923
vn -0.6290 0.1976 -0.7518
vn -0.6806 0.4206 -0.5999
vn -0.5785 0.4577 -0.6752
vn -0.6681 0.3127 -0.6752
vn -0.4581 0.4743 -0.7518
vn -0.9245 0.2571 -0.2813
vn -0.9011 0.3799 -0.2092
vn -0.8658 0.3659 -0.3413
vn -0.9094 0.1976 -0.3659
vn -0.8566 0.4742 -0.2033
vn -0.7808 0.4206 -0.4619
vn -0.8486 0.3127 -0.4268
vn -0.8209 0.4577 -0.3415
vn -0.7607 0.0983 -0.6416
vn -0.8454 0.0989 -0.5249
vn -0.7902 0.2147 -0.5741
vn -0.6936 0.1483 -0.7049
vn -0.8848 0.1483 -0.4418
vn -0.7531 0.3652 -0.5472
vn -0.7262 0.2683 -0.6330
vn -0.8264 0.2683 -0.4950
vt 0.371653 0.067453
vt 0.313534 0.000000
vt 1.000000 0.000000
vt 0.998726 0.742238
vt 0.937828 0.680675
vt 0.833303 0.573854
vt 0.649805 0.378802
vt 0.469634 0.179936
vt 0.777183 0.575337
vt 0.756380 0.681636
vt 0.743472 0.743472
vt 0.000000 0.000000
vt 0.838737 0.000000
vt 0.835125 0.067892
vt 0.827848 0.180402
vt 0.806463 0.379737
vt 0.646911 0.593735
vt 0.648835 0.648835
vt 0.584071 0.000021
vt 0.593372 0.058164
vt 0.608242 0.156771
vt 0.628504 0.330318
vt 0.642617 0.500616
vt 0.232799 0.059282
vt 0.161264 0.000000
vt 1.000000 0.648835
vt 0.924779 0.594526
vt 0.797942 0.501952
vt 0.573135 0.331304
vt 0.352525 0.157424
vt 0.584067 0.584067
vt 0.686462 0.000090
vt 0.681311 0.053143
vt 0.671663 0.141594
vt 0.647659 0.297978
vt 0.617324 0.451410
vt 0.596750 0.535149
vt 0.756156 0.331414
vt 0.772728 0.329820
vt 0.772727 0.341165
vt 0.762903 0.346837
vt 0.776873 0.338735
vt 0.777327 0.343820
vt 0.772728 0.329820
vt 0.775947 0.330186
vt 0.764804 0.349419
vt 0.777327 0.343820
vt 0.772716 0.345901
vt 0.727273 0.314921
vt 0.753196 0.314853
vt 0.738637 0.334604
vt 0.772728 0.314921
vt 0.750000 0.354286
vt 0.775947 0.330186
vt 0.772728 0.314921
vt 0.775226 0.314921
vt 0.751406 0.356722
vt 0.750000 0.354286
vt 0.764804 0.349419
vt 0.681818 0.341165
vt 0.677201 0.343829
vt 0.677742 0.338775
vt 0.678664 0.330179
vt 0.681819 0.329820
vt 0.698391 0.331414
vt 0.691643 0.346837
vt 0.691643 0.346837
vt 0.689737 0.349425
vt 0.681830 0.345915
vt 0.677203 0.343829
vt 0.681819 0.314921
vt 0.678664 0.330179
vt 0.679368 0.314921
vt 0.715909 0.334604
vt 0.701350 0.314853
vt 0.704546 0.354286
vt 0.704546 0.354286
vt 0.703140 0.356722
vt 0.689737 0.349425
vt 0.691643 0.283005
vt 0.681819 0.288678
vt 0.677140 0.285968
vt 0.681850 0.283899
vt 0.689741 0.280434
vt 0.698233 0.298154
vt 0.681819 0.300023
vt 0.691643 0.283005
vt 0.678634 0.299660
vt 0.677698 0.291093
vt 0.677141 0.285977
vt 0.704546 0.275556
vt 0.689741 0.280434
vt 0.703331 0.273453
vt 0.701350 0.314853
vt 0.714292 0.292436
vt 0.681818 0.314921
vt 0.679368 0.314921
vt 0.678634 0.299660
vt 0.777423 0.285967
vt 0.772728 0.288678
vt 0.762903 0.283005
vt 0.764826 0.280406
vt 0.772696 0.283876
vt 0.772728 0.300023
vt 0.777423 0.285967
vt 0.776868 0.291105
vt 0.775943 0.299657
vt 0.756313 0.298154
vt 0.772728 0.300022
vt 0.750000 0.275556
vt 0.751244 0.273402
vt 0.772728 0.314921
vt 0.775226 0.314921
vt 0.740254 0.292437
vt 0.753196 0.314853
vt 0.727273 0.262434
vt 0.717448 0.268107
vt 0.716197 0.265230
vt 0.723207 0.260122
vt 0.727273 0.257161
vt 0.731429 0.260071
vt 0.738383 0.265153
vt 0.737098 0.268107
vt 0.727358 0.257096
vt 0.727273 0.281388
vt 0.717448 0.268107
vt 0.737098 0.268107
vt 0.704546 0.275556
vt 0.703331 0.273453
vt 0.751244 0.273402
vt 0.750000 0.275556
vt 0.738383 0.265153
vt 0.714292 0.292437
vt 0.740254 0.292436
vt 0.704546 0.275556
vt 0.750000 0.275556
s 0
f 1811/2687/1329 1836/2688/1329 1750/2689/1329 1819/2690/1329 1813/2691/1329 1814/2692/1329 1815/2693/1329 1812/2694/1329
f 1817/2695/1330 1818/2696/1330 1819/2697/1330 1750/2698/1330 1821/2699/1330 1820/2700/1330 1822/2701/1330 1816/2702/1330
f 1823/2703/1331 1830/2704/1331 1750/2698/1331 1834/2705/1331 1825/2706/1331 1826/2707/1331 1827/2708/1331 1824/2709/1331
f 1828/2710/1332 1821/2711/1332 1750/2689/1332 1830/2712/1332 1831/2713/1332 1832/2714/1332 1833/2715/1332 1829/2716/1332
f 1834/2717/1333 1750/2698/1333 1836/2718/1333 1837/2719/1333 1838/2720/1333 1839/2721/1333 1840/2722/1333 1835/2723/1333
f 1762/2724/1334 1763/2725/1334 1761/2726/1334 1764/2727/1334
f 1802/2728/1335 1794/2729/1335 1761/2726/1335 1763/2730/1335 1804/2731/1335
f 1795/2732/1336 1764/2727/1336 1761/2726/1336 1794/2733/1336 1793/2734/1336
f 1749/2735/1337 1754/2736/1337 1762/2724/1337 1756/2737/1337
f 1754/2736/1338 1753/2738/1338 1763/2725/1338 1762/2724/1338
f 1756/2737/1339 1762/2724/1339 1764/2727/1339 1755/2739/1339
f 1804/2740/1340 1763/2730/1340 1753/2741/1340 1803/2742/1340
f 1798/2743/1341 1755/2744/1341 1764/2727/1341 1795/2745/1341
f 1765/2746/1342 1796/2747/1342 1805/2748/1342 1807/2749/1342 1766/2750/1342
f 1767/2751/1343 1768/2752/1343 1765/2746/1343 1766/2750/1343
f 1765/2746/1344 1768/2753/1344 1799/2754/1344 1797/2755/1344 1796/2756/1344
f 1760/2757/1345 1766/2750/1345 1807/2758/1345 1806/2759/1345
f 1749/2735/1346 1756/2760/1346 1767/2751/1346 1759/2761/1346
f 1756/2760/1347 1755/2762/1347 1768/2752/1347 1767/2751/1347
f 1759/2761/1348 1767/2751/1348 1766/2750/1348 1760/2757/1348
f 1768/2753/1349 1755/2763/1349 1798/2764/1349 1799/2765/1349
f 1770/2766/1350 1769/2767/1350 1808/2768/1350 1784/2769/1350 1786/2770/1350
f 1771/2771/1351 1772/2772/1351 1769/2767/1351 1770/2773/1351
f 1769/2767/1352 1772/2772/1352 1810/2774/1352 1809/2775/1352 1808/2776/1352
f 1758/2777/1353 1770/2766/1353 1786/2778/1353 1785/2779/1353
f 1749/2735/1354 1759/2780/1354 1771/2771/1354 1757/2781/1354
f 1759/2780/1355 1760/2757/1355 1772/2772/1355 1771/2771/1355
f 1757/2781/1356 1771/2771/1356 1770/2773/1356 1758/2777/1356
f 1772/2772/1357 1760/2782/1357 1806/2783/1357 1810/2784/1357
f 1789/2785/1358 1773/2786/1358 1776/2787/1358 1787/2788/1358 1788/2789/1358
f 1774/2790/1359 1773/2786/1359 1789/2791/1359 1800/2792/1359 1801/2793/1359
f 1775/2794/1360 1776/2787/1360 1773/2786/1360 1774/2795/1360
f 1787/2788/1361 1776/2787/1361 1751/2796/1361 1791/2797/1361
f 1753/2798/1362 1774/2790/1362 1801/2793/1362 1803/2799/1362
f 1749/2735/1363 1752/2800/1363 1775/2794/1363 1754/2801/1363
f 1752/2800/1364 1751/2796/1364 1776/2787/1364 1775/2794/1364
f 1754/2801/1365 1775/2794/1365 1774/2795/1365 1753/2798/1365
f 1777/2802/1366 1780/2803/1366 1783/2804/1366 1782/2805/1366 1781/2806/1366
f 1790/2807/1367 1792/2808/1367 1778/2809/1367 1777/2802/1367 1781/2810/1367
f 1779/2811/1368 1780/2812/1368 1777/2802/1368 1778/2813/1368
f 1780/2803/1369 1758/2814/1369 1785/2815/1369 1783/2804/1369
f 1791/2816/1370 1751/2817/1370 1778/2809/1370 1792/2818/1370
f 1749/2735/1371 1757/2819/1371 1779/2811/1371 1752/2820/1371
f 1757/2819/1372 1758/2821/1372 1780/2812/1372 1779/2811/1372
f 1752/2820/1373 1779/2811/1373 1778/2813/1373 1751/2822/1373
o Icosphere_cell.009
v -0.081948 1.890251 0.010368
v 0.174628 2.304900 -0.777946
v 0.058823 2.117519 -0.876614
v 0.113597 2.206147 -0.838914
v -0.060804 2.356773 -0.789699
v 0.048194 2.336953 -0.791396
v 0.132754 2.504638 -0.649070
v 0.154017 2.417795 -0.714510
v 0.259841 2.206147 -0.791397
v 0.326315 2.117519 -0.789701
v 0.284822 2.336952 -0.714511
v 0.372007 2.356772 -0.649071
v -0.023000 2.486761 -0.697152
v 0.054761 2.422639 -0.736760
v -0.041586 2.433303 -0.739976
v 0.044172 2.498816 -0.677669
v 0.287024 2.486760 -0.596420
v 0.327232 2.433303 -0.620141
v 0.247395 2.422639 -0.674170
v 0.221229 2.498816 -0.620140
v 0.425673 2.209465 -0.697154
v 0.386171 2.168934 -0.739978
v 0.333545 2.250341 -0.736762
v 0.406415 2.274938 -0.677671
v -0.075957 2.209466 -0.860143
v -0.071830 2.274938 -0.833061
v 0.021856 2.250342 -0.838035
v -0.018828 2.168934 -0.871570
v 0.201338 2.038087 -0.860144
v 0.139537 2.071059 -0.871571
v 0.194154 2.143855 -0.838036
v 0.258052 2.071059 -0.833063
v 0.202182 2.006351 -0.862491
v 0.226481 2.024366 -0.851376
v 0.266335 2.054058 -0.831600
v 0.430801 2.181043 -0.702758
v 0.449837 2.196248 -0.682464
v 0.397715 2.154799 -0.736073
v 0.334072 2.105491 -0.787732
v 0.309771 2.483466 -0.581714
v 0.313082 2.478528 -0.584507
v 0.382322 2.358326 -0.639151
v 0.339474 2.437351 -0.606367
v 0.420617 2.274746 -0.665574
v 0.439306 2.225537 -0.676597
v 0.296792 2.502508 -0.571113
v 0.268130 2.506259 -0.584583
v 0.219369 2.511617 -0.606321
v 0.209119 2.512011 -0.610051
v -0.045673 2.502467 -0.682460
v -0.014714 2.506159 -0.676577
v 0.129514 2.514611 -0.639099
v 0.037635 2.511461 -0.665546
v -0.050749 2.478626 -0.702763
v -0.074918 2.358320 -0.787745
v -0.059369 2.437302 -0.736075
v -0.090538 2.274745 -0.831614
v -0.099254 2.225666 -0.851456
v -0.103981 2.196295 -0.862459
v -0.076808 2.181176 -0.867655
v -0.030386 2.154893 -0.875172
v 0.175935 2.024415 -0.867802
v 0.132019 2.054152 -0.875235
v 0.051450 2.105588 -0.879557
v 0.397715 2.154799 -0.736073
v 0.334072 2.105491 -0.787732
v 0.430801 2.181043 -0.702758
v 0.202182 2.006351 -0.862491
v 0.226481 2.024366 -0.851376
v 0.266335 2.054058 -0.831600
v 0.382322 2.358326 -0.639151
v 0.339474 2.437351 -0.606367
v 0.313082 2.478528 -0.584507
v 0.309771 2.483466 -0.581714
v 0.449837 2.196248 -0.682464
v 0.439306 2.225537 -0.676597
v 0.420617 2.274746 -0.665574
v 0.296792 2.502508 -0.571113
v 0.219369 2.511617 -0.606321
v 0.209119 2.512011 -0.610051
v 0.268130 2.506259 -0.584583
v 0.129514 2.514611 -0.639099
v 0.037635 2.511461 -0.665546
v -0.014714 2.506159 -0.676577
v -0.045673 2.502467 -0.682460
v -0.050749 2.478626 -0.702763
v -0.059369 2.437302 -0.736075
v -0.074918 2.358320 -0.787745
v -0.090538 2.274745 -0.831614
v -0.099254 2.225666 -0.851456
v -0.103981 2.196295 -0.862459
v -0.076808 2.181176 -0.867655
v -0.030386 2.154893 -0.875172
v 0.051450 2.105588 -0.879557
v 0.132019 2.054152 -0.875235
v 0.175935 2.024415 -0.867802
vn 0.5708 -0.8175 0.0771
vn 0.7538 0.1426 0.6415
vn 0.7484 0.1505 0.6459
vn -0.2056 0.7378 0.6430
vn -0.2099 0.7381 0.6412
vn -0.9868 0.1435 0.0757
vn -0.5071 -0.8173 -0.2738
vn 0.1038 0.6107 -0.7850
vn -0.0305 0.6360 -0.7711
vn 0.0688 0.7119 -0.6989
vn 0.2151 0.5103 -0.8327
vn 0.0849 0.5295 -0.8440
vn 0.2022 0.6191 -0.7588
vn -0.0561 0.5541 -0.8306
vn 0.1677 0.7250 -0.6680
vn 0.4779 0.6360 -0.6059
vn 0.3775 0.6107 -0.6961
vn 0.3551 0.7119 -0.6059
vn 0.5336 0.5541 -0.6390
vn 0.3154 0.5103 -0.8001
vn 0.2824 0.6191 -0.7327
vn 0.4275 0.5295 -0.7327
vn 0.2572 0.7244 -0.6396
vn 0.5825 0.2571 -0.7711
vn 0.4999 0.3660 -0.7850
vn 0.6060 0.3800 -0.6989
vn 0.5207 0.1976 -0.8306
vn 0.3602 0.4206 -0.8327
vn 0.4634 0.4577 -0.7588
vn 0.4357 0.3127 -0.8441
vn 0.5735 0.4743 -0.6680
vn -0.0180 0.2571 -0.9662
vn -0.0794 0.3800 -0.9216
vn 0.0570 0.3659 -0.9289
vn 0.0670 0.1976 -0.9780
vn -0.0714 0.4743 -0.8775
vn 0.1980 0.4206 -0.8854
vn 0.1437 0.3127 -0.9389
vn 0.0711 0.4577 -0.8862
vn 0.3753 0.0988 -0.9216
vn 0.2381 0.0987 -0.9662
vn 0.3018 0.2147 -0.9289
vn 0.4561 0.1483 -0.8775
vn 0.1468 0.1483 -0.9780
vn 0.2877 0.3652 -0.8854
vn 0.3776 0.2683 -0.8862
vn 0.2154 0.2683 -0.9389
vt 0.798505 0.287052
vt 0.925223 0.318841
vt 1.000000 0.338206
vt 1.000000 1.000000
vt 0.166465 0.166465
vt 0.237390 0.177064
vt 0.356278 0.195922
vt 0.575356 0.237767
vt 0.879264 0.410735
vt 0.986811 0.431586
vt 1.000000 0.434251
vt 0.338206 0.338206
vt 0.398162 0.343791
vt 0.500892 0.354289
vt 0.688528 0.379473
vt 1.000000 0.415983
vt 0.434251 0.434251
vt 1.000000 0.407310
vt 0.416195 0.415977
vt 0.608825 0.412534
vt 0.933851 0.407642
vt 1.000000 0.338326
vt 0.407310 0.407310
vt 0.593240 0.379622
vt 0.806990 0.354426
vt 0.928292 0.343926
vt 1.000000 0.166238
vt 0.338326 0.338326
vt 0.393830 0.318912
vt 0.488868 0.287052
vt 0.662966 0.237626
vt 0.840387 0.195652
vt 0.940855 0.176660
vt 1.000000 0.166465
vt 0.167180 0.166127
vt 0.236498 0.161196
vt 0.356121 0.154071
vt 0.574854 0.149980
vt 0.797851 0.154206
vt 0.923896 0.161360
vt 0.574338 0.331414
vt 0.590909 0.329820
vt 0.590909 0.341165
vt 0.581085 0.346837
vt 0.595526 0.343830
vt 0.590909 0.329820
vt 0.594059 0.330178
vt 0.594985 0.338775
vt 0.583006 0.349446
vt 0.581085 0.346837
vt 0.595525 0.343830
vt 0.590898 0.345925
vt 0.545455 0.314921
vt 0.571378 0.314853
vt 0.556819 0.334604
vt 0.590910 0.314921
vt 0.568182 0.354286
vt 0.593350 0.314921
vt 0.569619 0.356775
vt 0.568182 0.354286
vt 0.583006 0.349446
vt 0.495365 0.343835
vt 0.495760 0.339795
vt 0.495876 0.338747
vt 0.496813 0.330182
vt 0.500000 0.329820
vt 0.500000 0.341165
vt 0.516572 0.331414
vt 0.509825 0.346837
vt 0.500001 0.329820
vt 0.495371 0.343838
vt 0.509825 0.346837
vt 0.507880 0.349478
vt 0.500012 0.345950
vt 0.500001 0.314921
vt 0.496813 0.330182
vt 0.497549 0.314921
vt 0.534091 0.334604
vt 0.519532 0.314853
vt 0.522728 0.354286
vt 0.507880 0.349478
vt 0.522728 0.354286
vt 0.521291 0.356775
vt 0.509378 0.350358
vt 0.509825 0.283005
vt 0.500000 0.288678
vt 0.495393 0.286017
vt 0.500032 0.283959
vt 0.507938 0.280454
vt 0.516415 0.298154
vt 0.500001 0.300023
vt 0.496848 0.299664
vt 0.495927 0.291065
vt 0.495393 0.286017
vt 0.522728 0.275556
vt 0.507938 0.280454
vt 0.521498 0.273425
vt 0.532474 0.292436
vt 0.496848 0.299664
vt 0.500001 0.314921
vt 0.590879 0.283982
vt 0.595496 0.286030
vt 0.590910 0.288678
vt 0.581085 0.283005
vt 0.582960 0.280471
vt 0.590909 0.300023
vt 0.595563 0.286058
vt 0.595016 0.291084
vt 0.594080 0.299662
vt 0.574495 0.298154
vt 0.581085 0.283005
vt 0.590910 0.300022
vt 0.568182 0.275556
vt 0.569403 0.273443
vt 0.590910 0.314921
vt 0.593350 0.314921
vt 0.558436 0.292437
vt 0.571378 0.314853
vt 0.568182 0.275556
vt 0.590910 0.314921
vt 0.545455 0.262434
vt 0.535630 0.268107
vt 0.534344 0.265149
vt 0.541279 0.260059
vt 0.545455 0.257014
vt 0.549616 0.260068
vt 0.556559 0.265165
vt 0.555280 0.268107
vt 0.545455 0.257014
vt 0.545455 0.281388
vt 0.535630 0.268107
vt 0.555280 0.268107
vt 0.522728 0.275556
vt 0.521498 0.273425
vt 0.569402 0.273443
vt 0.568182 0.275556
vt 0.556559 0.265165
vt 0.532474 0.292437
vt 0.558436 0.292436
vt 0.522728 0.275556
s 0
f 1905/2823/1374 1907/2824/1374 1915/2825/1374 1841/2826/1374 1908/2827/1374 1909/2828/1374 1910/2829/1374 1906/2830/1374
f 1912/2831/1375 1913/2832/1375 1914/2833/1375 1841/2826/1375 1915/2834/1375 1916/2835/1375 1917/2836/1375 1911/2837/1375
f 1918/2838/1376 1841/2826/1376 1914/2839/1376
f 1920/2840/1377 1841/2826/1377 1918/2841/1377 1921/2842/1377 1919/2843/1377
f 1925/2844/1378 1841/2826/1378 1920/2845/1378 1922/2846/1378 1923/2847/1378 1924/2848/1378
f 1931/2849/1379 1841/2826/1379 1925/2850/1379 1926/2851/1379 1927/2852/1379 1928/2853/1379 1929/2854/1379 1930/2855/1379
f 1908/2856/1380 1841/2826/1380 1931/2857/1380 1932/2858/1380 1933/2859/1380 1934/2860/1380 1935/2861/1380 1936/2862/1380
f 1854/2863/1381 1855/2864/1381 1853/2865/1381 1856/2866/1381
f 1890/2867/1382 1853/2865/1382 1855/2868/1382 1896/2869/1382 1894/2870/1382
f 1893/2871/1383 1856/2872/1383 1853/2865/1383 1890/2873/1383 1891/2874/1383
f 1842/2875/1384 1846/2876/1384 1854/2863/1384 1848/2877/1384
f 1846/2876/1385 1845/2878/1385 1855/2864/1385 1854/2863/1385
f 1848/2877/1386 1854/2863/1386 1856/2866/1386 1847/2879/1386
f 1896/2869/1387 1855/2868/1387 1845/2878/1387 1895/2880/1387
f 1892/2881/1388 1847/2882/1388 1856/2872/1388 1893/2883/1388
f 1886/2884/1389 1880/2885/1389 1881/2886/1389 1883/2887/1389 1858/2888/1389 1857/2889/1389
f 1859/2890/1390 1860/2891/1390 1857/2889/1390 1858/2892/1390
f 1886/2893/1391 1857/2889/1391 1860/2894/1391 1888/2895/1391 1887/2896/1391
f 1852/2897/1392 1858/2888/1392 1883/2898/1392 1882/2899/1392
f 1842/2875/1393 1848/2900/1393 1859/2890/1393 1851/2901/1393
f 1848/2900/1394 1847/2902/1394 1860/2891/1394 1859/2890/1394
f 1851/2901/1395 1859/2890/1395 1858/2892/1395 1852/2897/1395
f 1888/2903/1396 1860/2894/1396 1847/2904/1396 1892/2905/1396 1889/2906/1396
f 1862/2907/1397 1861/2908/1397 1877/2909/1397 1876/2910/1397 1878/2911/1397
f 1863/2912/1398 1864/2913/1398 1861/2908/1398 1862/2907/1398
f 1861/2908/1399 1864/2913/1399 1884/2914/1399 1885/2915/1399 1877/2916/1399
f 1850/2917/1400 1862/2907/1400 1878/2918/1400 1879/2919/1400
f 1842/2875/1401 1851/2901/1401 1863/2912/1401 1849/2920/1401
f 1851/2901/1402 1852/2897/1402 1864/2913/1402 1863/2912/1402
f 1849/2920/1403 1863/2912/1403 1862/2907/1403 1850/2917/1403
f 1884/2921/1404 1864/2913/1404 1852/2922/1404 1882/2899/1404
f 1900/2923/1405 1899/2924/1405 1865/2925/1405 1868/2926/1405 1901/2927/1405
f 1866/2928/1406 1865/2925/1406 1899/2929/1406 1898/2930/1406 1897/2931/1406
f 1867/2932/1407 1868/2933/1407 1865/2925/1407 1866/2934/1407
f 1901/2927/1408 1868/2926/1408 1843/2935/1408 1904/2936/1408
f 1845/2937/1409 1866/2928/1409 1897/2931/1409 1895/2938/1409
f 1842/2875/1410 1844/2939/1410 1867/2932/1410 1846/2940/1410
f 1844/2939/1411 1843/2941/1411 1868/2933/1411 1867/2932/1411
f 1846/2940/1412 1867/2932/1412 1866/2934/1412 1845/2942/1412
f 1869/2943/1413 1872/2944/1413 1875/2945/1413 1874/2946/1413 1873/2947/1413
f 1902/2948/1414 1903/2949/1414 1870/2950/1414 1869/2943/1414 1873/2951/1414
f 1871/2952/1415 1872/2953/1415 1869/2943/1415 1870/2954/1415
f 1872/2944/1416 1850/2955/1416 1879/2956/1416 1875/2945/1416
f 1904/2957/1417 1843/2958/1417 1870/2950/1417 1903/2959/1417
f 1842/2875/1418 1849/2960/1418 1871/2952/1418 1844/2961/1418
f 1849/2960/1419 1850/2962/1419 1872/2953/1419 1871/2952/1419
f 1844/2961/1420 1871/2952/1420 1870/2954/1420 1843/2941/1420
o Icosphere_cell.010
v -0.079335 1.890740 0.013528
v 0.749591 2.304897 0.013415
v 0.807643 2.117517 -0.127212
v 0.788715 2.206145 -0.063469
v 0.688017 2.356770 -0.214125
v 0.723312 2.336950 -0.110987
v 0.788715 2.206145 0.090300
v 0.807643 2.117517 0.154042
v 0.723312 2.336950 0.137817
v 0.688017 2.356771 0.240955
v 0.682891 2.417792 0.013415
v 0.614084 2.504635 0.013415
v 0.611682 2.486758 -0.149573
v 0.673380 2.422637 -0.087858
v 0.646666 2.433301 -0.180482
v 0.613909 2.498814 -0.079668
v 0.611682 2.486758 0.176404
v 0.646666 2.433301 0.207313
v 0.673380 2.422637 0.114688
v 0.613909 2.498814 0.106499
v 0.750330 2.209464 -0.250304
v 0.725849 2.274936 -0.238011
v 0.759529 2.250340 -0.150447
v 0.778851 2.168933 -0.199503
v 0.750330 2.209464 0.277135
v 0.778851 2.168933 0.226334
v 0.759529 2.250340 0.177278
v 0.725849 2.274936 0.264842
v 0.836019 2.038085 0.013415
v 0.827789 2.071057 -0.048891
v 0.812773 2.143853 0.013415
v 0.827788 2.071057 0.075721
v 0.757245 2.181035 0.280281
v 0.778704 2.154849 0.238476
v 0.743661 2.196353 0.304925
v 0.808161 2.105651 0.161922
v 0.828937 2.054346 0.083909
v 0.835458 2.024568 0.039643
v 0.838479 2.006817 0.013415
v 0.637454 2.437303 0.223032
v 0.608442 2.478623 0.204531
v 0.590690 2.502474 0.193437
v 0.734837 2.225698 0.296648
v 0.718673 2.274743 0.282230
v 0.681783 2.358321 0.253803
v 0.594483 2.506374 0.162006
v 0.594589 2.506253 -0.135264
v 0.590574 2.502561 -0.166700
v 0.603607 2.514600 0.013415
v 0.600227 2.511582 0.108994
v 0.600303 2.511511 -0.082149
v 0.608428 2.478588 -0.177821
v 0.681839 2.358307 -0.226858
v 0.637441 2.437309 -0.196223
v 0.718783 2.274746 -0.255135
v 0.735056 2.225468 -0.269541
v 0.743859 2.196265 -0.277731
v 0.757312 2.180759 -0.253481
v 0.808170 2.105425 -0.135241
v 0.778702 2.154650 -0.211816
v 0.828954 2.054093 -0.057202
v 0.835451 2.024421 -0.013097
v 0.835458 2.024568 0.039643
v 0.838479 2.006817 0.013415
v 0.828937 2.054346 0.083909
v 0.808161 2.105651 0.161922
v 0.778704 2.154849 0.238476
v 0.757245 2.181035 0.280281
v 0.637454 2.437303 0.223032
v 0.681783 2.358321 0.253803
v 0.608442 2.478623 0.204531
v 0.590690 2.502474 0.193437
v 0.743661 2.196353 0.304925
v 0.734837 2.225698 0.296648
v 0.718673 2.274743 0.282230
v 0.594589 2.506253 -0.135264
v 0.600303 2.511511 -0.082149
v 0.590574 2.502561 -0.166700
v 0.594483 2.506374 0.162006
v 0.600227 2.511582 0.108994
v 0.603607 2.514600 0.013415
v 0.608428 2.478588 -0.177821
v 0.637441 2.437309 -0.196223
v 0.681839 2.358307 -0.226858
v 0.718783 2.274746 -0.255135
v 0.735056 2.225468 -0.269541
v 0.743859 2.196265 -0.277731
v 0.757312 2.180759 -0.253481
v 0.778702 2.154650 -0.211816
v 0.808170 2.105425 -0.135241
v 0.828954 2.054093 -0.057202
v 0.835451 2.024421 -0.013097
vn 0.1035 -0.8181 0.5656
vn -0.3775 0.1445 0.9147
vn -0.6746 0.7382 0.0004
vn -0.3769 0.1431 -0.9151
vn 0.1028 -0.8181 -0.5658
vn 0.7786 0.6107 -0.1439
vn 0.7239 0.6360 -0.2673
vn 0.6859 0.7119 -0.1505
vn 0.8584 0.5103 -0.0527
vn 0.8290 0.5295 -0.1801
vn 0.7841 0.6191 -0.0422
vn 0.7726 0.5541 -0.3100
vn 0.6871 0.7250 -0.0469
vn 0.7239 0.6360 0.2673
vn 0.7786 0.6107 0.1439
vn 0.6860 0.7119 0.1505
vn 0.7726 0.5541 0.3100
vn 0.8584 0.5103 0.0527
vn 0.7841 0.6191 0.0422
vn 0.8290 0.5295 0.1801
vn 0.6871 0.7250 0.0469
vn 0.9134 0.2571 -0.3157
vn 0.8519 0.3800 -0.3603
vn 0.9010 0.3659 -0.2328
vn 0.9508 0.1976 -0.2385
vn 0.8125 0.4743 -0.3390
vn 0.9032 0.4206 -0.0853
vn 0.9374 0.3127 -0.1535
vn 0.8648 0.4577 -0.2062
vn 0.9132 0.2571 0.3160
vn 0.9010 0.3659 0.2328
vn 0.8519 0.3799 0.3603
vn 0.9508 0.1976 0.2385
vn 0.9032 0.4206 0.0853
vn 0.8648 0.4577 0.2062
vn 0.9374 0.3127 0.1535
vn 0.8125 0.4743 0.3390
vn 0.9925 0.0988 0.0722
vn 0.9925 0.0988 -0.0722
vn 0.9767 0.2147 -0.0000
vn 0.9755 0.1483 0.1626
vn 0.9755 0.1483 -0.1626
vn 0.9309 0.3652 -0.0000
vn 0.9595 0.2683 0.0853
vn 0.9595 0.2683 -0.0853
vt 0.081223 0.080521
vt 0.158374 0.083561
vt 0.290008 0.090116
vt 0.531286 0.110970
vt 0.777127 0.140518
vt 0.916755 0.162037
vt 1.000000 0.175658
vt 1.000000 1.000000
vt 0.799878 0.281911
vt 0.925147 0.310947
vt 1.000000 0.328944
vt 0.175658 0.175658
vt 0.244744 0.184483
vt 0.362599 0.200647
vt 0.579206 0.237553
vt 0.939349 0.324938
vt 1.000000 0.328977
vt 0.328944 0.328944
vt 0.385266 0.324927
vt 0.481204 0.319194
vt 0.657675 0.315845
vt 0.837472 0.319193
vt 1.000000 0.175375
vt 0.328977 0.328977
vt 0.385443 0.311090
vt 0.481496 0.282031
vt 0.657710 0.237563
vt 0.837240 0.200562
vt 0.939342 0.184264
vt 1.000000 0.080522
vt 0.175375 0.175375
vt 0.244351 0.161959
vt 0.362434 0.140511
vt 0.579446 0.110953
vt 0.800597 0.090095
vt 0.925577 0.083566
vt 0.392520 0.331414
vt 0.409092 0.329820
vt 0.409092 0.341165
vt 0.399267 0.346837
vt 0.413736 0.343846
vt 0.409092 0.329820
vt 0.412248 0.330179
vt 0.413185 0.338765
vt 0.401196 0.349457
vt 0.399267 0.346837
vt 0.409080 0.345948
vt 0.363637 0.314921
vt 0.389560 0.314853
vt 0.375001 0.334604
vt 0.409092 0.314921
vt 0.386364 0.354286
vt 0.412248 0.330179
vt 0.411516 0.314921
vt 0.387800 0.356773
vt 0.386364 0.354286
vt 0.401196 0.349457
vt 0.318182 0.329820
vt 0.318182 0.341165
vt 0.313564 0.343831
vt 0.314106 0.338775
vt 0.315031 0.330178
vt 0.334754 0.331414
vt 0.328007 0.346837
vt 0.328007 0.346837
vt 0.326067 0.349471
vt 0.318194 0.345978
vt 0.318182 0.314921
vt 0.315736 0.314921
vt 0.352273 0.334604
vt 0.337714 0.314853
vt 0.340910 0.354286
vt 0.318183 0.314921
vt 0.326067 0.349471
vt 0.340910 0.354286
vt 0.339474 0.356773
vt 0.413688 0.286024
vt 0.409092 0.288678
vt 0.399267 0.283005
vt 0.401174 0.280427
vt 0.409060 0.283912
vt 0.413148 0.291055
vt 0.412222 0.299666
vt 0.409092 0.300023
vt 0.392677 0.298154
vt 0.399267 0.283005
vt 0.409092 0.300022
vt 0.401174 0.280427
vt 0.386364 0.275556
vt 0.387601 0.273414
vt 0.411516 0.314921
vt 0.409092 0.314921
vt 0.412222 0.299666
vt 0.376618 0.292437
vt 0.389560 0.314853
vt 0.409092 0.314921
vt 0.326127 0.280463
vt 0.328007 0.283005
vt 0.318183 0.288678
vt 0.313566 0.286012
vt 0.318214 0.283958
vt 0.334597 0.298154
vt 0.318182 0.300023
vt 0.328007 0.283005
vt 0.313566 0.286012
vt 0.318182 0.300023
vt 0.315004 0.299661
vt 0.314068 0.291089
vt 0.339696 0.273454
vt 0.340910 0.275556
vt 0.326127 0.280463
vt 0.350656 0.292436
vt 0.340910 0.275556
vt 0.315004 0.299661
vt 0.318183 0.314921
vt 0.315737 0.314921
vt 0.363637 0.257085
vt 0.363637 0.262434
vt 0.353812 0.268107
vt 0.352548 0.265199
vt 0.359522 0.260095
vt 0.374746 0.265155
vt 0.373462 0.268107
vt 0.363676 0.257055
vt 0.367796 0.260069
vt 0.363637 0.281388
vt 0.353812 0.268107
vt 0.373462 0.268107
vt 0.339696 0.273454
vt 0.387601 0.273414
vt 0.386364 0.275556
vt 0.374746 0.265155
vt 0.350656 0.292437
vt 0.376618 0.292436
vt 0.340910 0.275556
s 0
f 2000/2963/1421 1999/2964/1421 2001/2965/1421 2002/2966/1421 2003/2967/1421 2004/2968/1421 2009/2969/1421 1937/2970/1421
f 2005/2971/1422 2007/2972/1422 2008/2973/1422 1937/2970/1422 2009/2974/1422 2010/2975/1422 2011/2976/1422 2006/2977/1422
f 2012/2978/1423 2014/2979/1423 1937/2970/1423 2008/2980/1423 2015/2981/1423 2016/2982/1423 2017/2983/1423 2013/2984/1423
f 2023/2985/1424 1937/2970/1424 2014/2986/1424 2018/2987/1424 2019/2988/1424 2020/2989/1424 2021/2990/1424 2022/2991/1424
f 2000/2992/1425 1937/2970/1425 2023/2993/1425 2024/2994/1425 2025/2995/1425 2026/2996/1425 2027/2997/1425 2028/2998/1425
f 1950/2999/1426 1951/3000/1426 1949/3001/1426 1952/3002/1426
f 1984/3003/1427 1949/3001/1427 1951/3004/1427 1990/3005/1427 1988/3006/1427
f 1987/3007/1428 1952/3008/1428 1949/3001/1428 1984/3003/1428 1983/3009/1428
f 1938/3010/1429 1942/3011/1429 1950/2999/1429 1947/3012/1429
f 1942/3011/1430 1941/3013/1430 1951/3000/1430 1950/2999/1430
f 1947/3012/1431 1950/2999/1431 1952/3002/1431 1948/3014/1431
f 1990/3015/1432 1951/3004/1432 1941/3013/1432 1989/3016/1432
f 1985/3017/1433 1948/3018/1433 1952/3008/1433 1987/3019/1433
f 1954/3020/1434 1953/3021/1434 1978/3022/1434 1977/3023/1434 1976/3024/1434
f 1955/3025/1435 1956/3026/1435 1953/3021/1435 1954/3020/1435
f 1978/3022/1436 1953/3021/1436 1956/3027/1436 1986/3028/1436 1982/3029/1436
f 1946/3030/1437 1954/3020/1437 1976/3024/1437 1981/3031/1437
f 1938/3010/1438 1947/3032/1438 1955/3025/1438 1945/3033/1438
f 1947/3032/1439 1948/3034/1439 1956/3026/1439 1955/3025/1439
f 1945/3033/1440 1955/3025/1440 1954/3020/1440 1946/3035/1440
f 1986/3036/1441 1956/3027/1441 1948/3037/1441 1985/3038/1441
f 1993/3039/1442 1957/3040/1442 1960/3041/1442 1996/3042/1442 1994/3043/1442
f 1992/3044/1443 1991/3045/1443 1958/3046/1443 1957/3040/1443 1993/3039/1443
f 1959/3047/1444 1960/3048/1444 1957/3040/1444 1958/3049/1444
f 1996/3050/1445 1960/3041/1445 1939/3051/1445 1995/3052/1445
f 1989/3053/1446 1941/3054/1446 1958/3046/1446 1991/3055/1446
f 1938/3010/1447 1940/3056/1447 1959/3047/1447 1942/3057/1447
f 1940/3056/1448 1939/3051/1448 1960/3048/1448 1959/3047/1448
f 1942/3057/1449 1959/3047/1449 1958/3049/1449 1941/3058/1449
f 1970/3059/1450 1962/3060/1450 1961/3061/1450 1971/3062/1450 1969/3063/1450
f 1963/3064/1451 1964/3065/1451 1961/3061/1451 1962/3066/1451
f 1971/3067/1452 1961/3061/1452 1964/3068/1452 1980/3069/1452 1979/3070/1452
f 1972/3071/1453 1944/3072/1453 1962/3060/1453 1970/3073/1453
f 1938/3010/1454 1945/3033/1454 1963/3064/1454 1943/3074/1454
f 1945/3033/1455 1946/3035/1455 1964/3065/1455 1963/3064/1455
f 1943/3074/1456 1963/3064/1456 1962/3066/1456 1944/3075/1456
f 1980/3076/1457 1964/3068/1457 1946/3077/1457 1981/3078/1457
f 1975/3079/1458 1965/3080/1458 1968/3081/1458 1973/3082/1458 1974/3083/1458
f 1997/3084/1459 1966/3085/1459 1965/3080/1459 1975/3086/1459 1998/3087/1459
f 1967/3088/1460 1968/3089/1460 1965/3080/1460 1966/3090/1460
f 1973/3082/1461 1968/3081/1461 1944/3072/1461 1972/3091/1461
f 1995/3092/1462 1939/3093/1462 1966/3085/1462 1997/3094/1462
f 1938/3010/1463 1943/3095/1463 1967/3088/1463 1940/3096/1463
f 1943/3095/1464 1944/3097/1464 1968/3089/1464 1967/3088/1464
f 1940/3096/1465 1967/3088/1465 1966/3090/1465 1939/3051/1465
o Icosphere_cell.011
v -0.082947 1.892260 0.013724
v -0.082498 2.819156 0.013415
v 0.156753 2.787280 0.013415
v 0.048306 2.809986 0.013415
v -0.042077 2.809986 0.137817
v -0.008566 2.787281 0.240955
v -0.188321 2.809986 0.090300
v -0.276055 2.787281 0.154042
v -0.188321 2.809986 -0.063469
v -0.276055 2.787282 -0.127211
v -0.042077 2.809986 -0.110986
v -0.008566 2.787281 -0.214124
v 0.141836 2.777138 -0.149572
v 0.078377 2.784522 -0.180482
v 0.056892 2.803646 -0.087857
v 0.151623 2.784521 -0.079668
v -0.168187 2.777138 -0.250304
v -0.217193 2.784522 -0.199502
v -0.135741 2.803647 -0.150447
v -0.098679 2.784522 -0.238010
v -0.359790 2.777138 0.013415
v -0.326619 2.784522 0.075721
v -0.254794 2.803647 0.013415
v -0.326619 2.784522 -0.048890
v -0.168187 2.777138 0.277134
v -0.098679 2.784522 0.264841
v -0.135741 2.803647 0.177278
v -0.217193 2.784522 0.226333
v 0.141836 2.777138 0.176403
v 0.151623 2.784521 0.106499
v 0.056892 2.803646 0.114688
v 0.078377 2.784522 0.207312
v -0.177452 2.765349 0.304651
v -0.196982 2.770547 0.280311
v -0.229903 2.778001 0.238648
v -0.287123 2.782338 0.162083
v -0.342353 2.777962 0.084053
v -0.371788 2.770503 0.039995
v -0.389262 2.765191 0.013415
v -0.147040 2.770634 0.296373
v -0.095689 2.778116 0.281967
v 0.165435 2.765313 0.193549
v 0.135982 2.770572 0.204659
v 0.086089 2.778062 0.223057
v -0.004429 2.782442 0.253690
v -0.177541 2.765337 -0.277805
v -0.147087 2.770648 -0.269499
v -0.095704 2.778149 -0.255049
v 0.165159 2.765451 -0.166518
v 0.136044 2.770643 -0.177526
v 0.085991 2.778144 -0.196026
v -0.004476 2.782498 -0.226713
v -0.342522 2.777891 -0.057313
v -0.371891 2.770447 -0.013391
v -0.197072 2.770526 -0.253490
v -0.229979 2.777962 -0.211891
v -0.287244 2.782284 -0.135340
v 0.167080 2.770525 0.162001
v 0.169216 2.777973 0.109001
v 0.167161 2.770504 -0.135124
v 0.169267 2.777954 -0.082178
v 0.170482 2.782319 0.013415
v -0.177452 2.765349 0.304651
v -0.196982 2.770547 0.280311
v -0.229903 2.778001 0.238648
v -0.287123 2.782338 0.162083
v -0.342353 2.777962 0.084053
v -0.371788 2.770503 0.039995
v -0.389262 2.765191 0.013415
v 0.165435 2.765313 0.193549
v 0.135982 2.770572 0.204659
v 0.086089 2.778062 0.223057
v -0.004429 2.782442 0.253690
v -0.095689 2.778116 0.281967
v -0.147040 2.770634 0.296373
v 0.085991 2.778144 -0.196026
v -0.004476 2.782498 -0.226713
v 0.136044 2.770643 -0.177526
v 0.165159 2.765451 -0.166518
v -0.147087 2.770648 -0.269499
v -0.095704 2.778149 -0.255049
v -0.229979 2.777962 -0.211891
v -0.287244 2.782284 -0.135340
v -0.197072 2.770526 -0.253490
v -0.177541 2.765337 -0.277805
v -0.342522 2.777891 -0.057313
v -0.371891 2.770447 -0.013391
v 0.169216 2.777973 0.109001
v 0.170482 2.782319 0.013415
v 0.167080 2.770525 0.162001
v 0.167161 2.770504 -0.135124
v 0.169267 2.777954 -0.082178
vn -0.7780 -0.2728 0.5660
vn 0.2965 -0.2729 0.9152
vn 0.2972 -0.2733 -0.9149
vn -0.7779 -0.2734 -0.5657
vn 0.9617 -0.2741 -0.0008
vn 0.3300 0.9319 -0.1505
vn 0.2451 0.9319 -0.2673
vn 0.1980 0.9696 -0.1439
vn 0.3412 0.9388 -0.0469
vn 0.1501 0.9388 -0.3100
vn 0.0725 0.9960 -0.0527
vn 0.2031 0.9782 -0.0422
vn 0.1029 0.9782 -0.1801
vn -0.0415 0.9318 -0.3606
vn -0.1785 0.9319 -0.3157
vn -0.0756 0.9696 -0.2328
vn 0.0608 0.9388 -0.3390
vn -0.2485 0.9388 -0.2385
vn -0.0277 0.9960 -0.0853
vn 0.0226 0.9782 -0.2062
vn -0.1395 0.9782 -0.1535
vn -0.3555 0.9319 -0.0722
vn -0.3555 0.9319 0.0722
vn -0.2448 0.9696 -0.0000
vn -0.3036 0.9388 -0.1626
vn -0.3036 0.9388 0.1626
vn -0.0897 0.9960 -0.0000
vn -0.1891 0.9782 -0.0853
vn -0.1891 0.9782 0.0853
vn -0.1785 0.9319 0.3157
vn -0.0414 0.9318 0.3606
vn -0.0756 0.9696 0.2328
vn -0.2485 0.9388 0.2385
vn 0.0608 0.9388 0.3390
vn -0.0277 0.9960 0.0853
vn -0.1395 0.9782 0.1535
vn 0.0226 0.9782 0.2062
vn 0.2451 0.9319 0.2673
vn 0.3300 0.9319 0.1505
vn 0.1980 0.9696 0.1439
vn 0.1501 0.9388 0.3100
vn 0.3412 0.9388 0.0469
vn 0.0725 0.9960 0.0527
vn 0.1029 0.9782 0.1801
vn 0.2031 0.9782 0.0422
vt 1.000000 0.000000
vt 1.000000 0.834019
vt 0.925356 0.764375
vt 0.798967 0.645163
vt 0.575623 0.426064
vt 0.356400 0.202761
vt 0.237378 0.076668
vt 0.165815 0.000000
vt 0.834019 0.834019
vt 0.000000 0.000000
vt 0.834420 0.000367
vt 0.839407 0.075615
vt 0.846499 0.202098
vt 0.850570 0.425195
vt 0.846321 0.644073
vt 0.839107 0.763738
vt 0.356329 0.202520
vt 0.236689 0.075721
vt 0.166071 0.000000
vt 0.998864 0.832914
vt 0.924609 0.763615
vt 0.797790 0.643966
vt 0.574988 0.425328
vt 0.846099 0.645024
vt 0.838927 0.764243
vt 0.833930 0.833930
vt 0.834185 0.000000
vt 0.839229 0.076213
vt 0.846274 0.202062
vt 0.850349 0.425652
vt 0.798108 0.153595
vt 0.924506 0.160642
vt 1.000000 0.165619
vt 1.000000 1.000000
vt 0.166071 0.166071
vt 0.235845 0.161055
vt 0.355007 0.153866
vt 0.574487 0.149569
vt 0.454546 0.414589
vt 0.454546 0.419895
vt 0.444721 0.425567
vt 0.443402 0.422552
vt 0.450357 0.417489
vt 0.465652 0.422639
vt 0.464371 0.425567
vt 0.454546 0.414589
vt 0.458647 0.417540
vt 0.454546 0.439395
vt 0.444721 0.425567
vt 0.443402 0.422552
vt 0.431819 0.433017
vt 0.430370 0.430507
vt 0.478671 0.430596
vt 0.477273 0.433017
vt 0.454546 0.472382
vt 0.443182 0.452699
vt 0.465910 0.452699
vt 0.636364 0.419895
vt 0.626539 0.425567
vt 0.625259 0.422641
vt 0.632266 0.417542
vt 0.636364 0.414594
vt 0.646189 0.425567
vt 0.636427 0.414546
vt 0.640539 0.417497
vt 0.647507 0.422555
vt 0.636364 0.439395
vt 0.626539 0.425567
vt 0.646189 0.425567
vt 0.613637 0.433017
vt 0.612239 0.430596
vt 0.659091 0.433017
vt 0.660551 0.430488
vt 0.636364 0.472382
vt 0.625000 0.452699
vt 0.647728 0.452699
vt 0.818182 0.414471
vt 0.818182 0.419895
vt 0.808357 0.425567
vt 0.807025 0.422523
vt 0.813956 0.417468
vt 0.829325 0.422555
vt 0.828007 0.425567
vt 0.818182 0.414471
vt 0.822372 0.417489
vt 0.818182 0.439395
vt 0.808357 0.425567
vt 0.828007 0.425567
vt 0.795455 0.433017
vt 0.793995 0.430488
vt 0.842354 0.430515
vt 0.840909 0.433017
vt 0.818182 0.472382
vt 0.806818 0.452699
vt 0.829546 0.452699
vt 0.090910 0.414587
vt 0.090910 0.419895
vt 0.081085 0.425567
vt 0.079775 0.422573
vt 0.086748 0.417505
vt 0.102022 0.422626
vt 0.100735 0.425567
vt 0.090910 0.414587
vt 0.095017 0.417537
vt 0.090910 0.439395
vt 0.081085 0.425567
vt 0.100735 0.425567
vt 0.079775 0.422573
vt 0.068183 0.433017
vt 0.066738 0.430515
vt 0.115051 0.430569
vt 0.113637 0.433017
vt 0.102022 0.422626
vt 0.090910 0.472382
vt 0.079546 0.452699
vt 0.102274 0.452699
vt 0.113637 0.433017
vt 0.272728 0.414527
vt 0.272728 0.419895
vt 0.262903 0.425567
vt 0.261606 0.422601
vt 0.268582 0.417514
vt 0.276903 0.417497
vt 0.283868 0.422561
vt 0.282553 0.425567
vt 0.272748 0.414511
vt 0.272728 0.439395
vt 0.262903 0.425567
vt 0.282553 0.425567
vt 0.250001 0.433017
vt 0.248587 0.430569
vt 0.296905 0.430507
vt 0.295455 0.433017
vt 0.272728 0.472382
vt 0.261364 0.452699
vt 0.284092 0.452699
s 0
f 2029/3098/1466 2091/3099/1466 2092/3100/1466 2093/3101/1466 2094/3102/1466 2095/3103/1466 2096/3104/1466 2097/3105/1466
f 2091/3106/1467 2029/3107/1467 2098/3108/1467 2099/3109/1467 2100/3110/1467 2101/3111/1467 2102/3112/1467 2103/3113/1467
f 2104/3114/1468 2106/3115/1468 2107/3116/1468 2029/3098/1468 2113/3117/1468 2108/3118/1468 2109/3119/1468 2105/3120/1468
f 2110/3121/1469 2112/3122/1469 2113/3123/1469 2029/3107/1469 2097/3124/1469 2115/3125/1469 2114/3126/1469 2111/3127/1469
f 2116/3128/1470 2118/3129/1470 2098/3130/1470 2029/3131/1470 2107/3132/1470 2119/3133/1470 2120/3134/1470 2117/3135/1470
f 2077/3136/1471 2041/3137/1471 2044/3138/1471 2089/3139/1471 2088/3140/1471
f 2079/3141/1472 2042/3142/1472 2041/3137/1472 2077/3143/1472 2078/3144/1472
f 2043/3145/1473 2044/3146/1473 2041/3137/1473 2042/3142/1473
f 2089/3147/1474 2044/3138/1474 2031/3148/1474 2090/3149/1474
f 2080/3150/1475 2040/3151/1475 2042/3142/1475 2079/3141/1475
f 2030/3152/1476 2032/3153/1476 2043/3145/1476 2039/3154/1476
f 2032/3153/1477 2031/3148/1477 2044/3146/1477 2043/3145/1477
f 2039/3154/1478 2043/3145/1478 2042/3142/1478 2040/3151/1478
f 2045/3155/1479 2048/3156/1479 2076/3157/1479 2075/3158/1479 2074/3159/1479
f 2046/3160/1480 2045/3155/1480 2074/3161/1480 2083/3162/1480 2084/3163/1480
f 2047/3164/1481 2048/3165/1481 2045/3155/1481 2046/3166/1481
f 2076/3157/1482 2048/3156/1482 2040/3167/1482 2080/3168/1482
f 2038/3169/1483 2046/3160/1483 2084/3163/1483 2085/3170/1483
f 2030/3171/1484 2039/3172/1484 2047/3164/1484 2037/3173/1484
f 2039/3172/1485 2040/3167/1485 2048/3165/1485 2047/3164/1485
f 2037/3173/1486 2047/3164/1486 2046/3166/1486 2038/3169/1486
f 2067/3174/1487 2049/3175/1487 2052/3176/1487 2081/3177/1487 2082/3178/1487
f 2065/3179/1488 2050/3180/1488 2049/3175/1488 2067/3181/1488 2066/3182/1488
f 2051/3183/1489 2052/3184/1489 2049/3175/1489 2050/3185/1489
f 2081/3177/1490 2052/3176/1490 2038/3186/1490 2085/3187/1490
f 2064/3188/1491 2036/3189/1491 2050/3180/1491 2065/3179/1491
f 2030/3190/1492 2037/3191/1492 2051/3183/1492 2035/3192/1492
f 2037/3191/1493 2038/3186/1493 2052/3184/1493 2051/3183/1493
f 2035/3192/1494 2051/3183/1494 2050/3185/1494 2036/3189/1494
f 2061/3193/1495 2053/3194/1495 2056/3195/1495 2063/3196/1495 2062/3197/1495
f 2069/3198/1496 2054/3199/1496 2053/3194/1496 2061/3200/1496 2068/3201/1496
f 2055/3202/1497 2056/3203/1497 2053/3194/1497 2054/3204/1497
f 2063/3205/1498 2056/3195/1498 2036/3206/1498 2064/3207/1498
f 2073/3208/1499 2034/3209/1499 2054/3199/1499 2069/3210/1499
f 2030/3211/1500 2035/3212/1500 2055/3202/1500 2033/3213/1500
f 2035/3212/1501 2036/3206/1501 2056/3203/1501 2055/3202/1501
f 2033/3213/1502 2055/3202/1502 2054/3204/1502 2034/3214/1502
f 2070/3215/1503 2057/3216/1503 2060/3217/1503 2072/3218/1503 2071/3219/1503
f 2086/3220/1504 2087/3221/1504 2058/3222/1504 2057/3216/1504 2070/3223/1504
f 2059/3224/1505 2060/3225/1505 2057/3216/1505 2058/3226/1505
f 2072/3218/1506 2060/3217/1506 2034/3227/1506 2073/3228/1506
f 2090/3229/1507 2031/3230/1507 2058/3222/1507 2087/3221/1507
f 2030/3231/1508 2033/3232/1508 2059/3224/1508 2032/3233/1508
f 2033/3232/1509 2034/3227/1509 2060/3225/1509 2059/3224/1509
f 2032/3233/1510 2059/3224/1510 2058/3226/1510 2031/3230/1510
o Icosphere_cell.012
v -0.083257 1.885847 0.015540
v -0.232748 1.102110 0.475844
v -0.189693 1.029320 0.343334
v -0.272121 1.194177 0.597024
v -0.344199 1.073356 0.358185
v -0.386788 1.158533 0.489261
v -0.116013 1.158533 0.577240
v -0.073424 1.073355 0.446164
v -0.081994 1.026766 0.354634
v -0.283466 1.026766 0.289172
v -0.430069 1.125640 0.396441
v -0.376678 1.213189 0.576050
v -0.175205 1.213189 0.641512
v -0.026440 1.125640 0.527586
v -0.486469 1.114257 0.308410
v -0.534645 1.155660 0.343618
v -0.421129 1.066489 0.260673
v -0.331357 1.013111 0.195105
v -0.356152 1.025561 0.213211
v -0.471616 1.257019 0.569658
v -0.461212 1.273773 0.596584
v -0.519501 1.179989 0.409374
v -0.496409 1.217122 0.492514
v -0.431709 1.269980 0.610526
v -0.294088 1.261794 0.664633
v -0.384187 1.264867 0.631838
v -0.201914 1.264854 0.691048
v -0.150957 1.269958 0.701727
v -0.118387 1.273806 0.707880
v -0.094398 1.257150 0.692296
v -0.029172 1.217167 0.644358
v 0.038236 1.179926 0.590543
v 0.088998 1.155528 0.546179
v 0.070675 1.114286 0.489618
v 0.045724 1.066511 0.412606
v 0.011572 1.013294 0.307206
v 0.020903 1.025567 0.336003
v -0.300528 1.007632 0.206824
v -0.161261 0.996071 0.255826
v -0.251972 1.000384 0.224870
v -0.020240 1.007770 0.298452
v -0.069737 1.000508 0.284433
v -0.331357 1.013111 0.195105
v -0.356152 1.025561 0.213211
v -0.421129 1.066489 0.260673
v -0.486469 1.114257 0.308410
v -0.471616 1.257019 0.569658
v -0.461212 1.273773 0.596584
v -0.534645 1.155660 0.343618
v -0.519501 1.179989 0.409374
v -0.496409 1.217122 0.492514
v -0.150957 1.269958 0.701727
v -0.118387 1.273806 0.707880
v -0.431709 1.269980 0.610526
v -0.384187 1.264867 0.631838
v -0.294088 1.261794 0.664633
v -0.201914 1.264854 0.691048
v 0.088998 1.155528 0.546179
v 0.070675 1.114286 0.489618
v -0.094398 1.257150 0.692296
v 0.038236 1.179926 0.590543
v -0.029172 1.217167 0.644358
v 0.011572 1.013294 0.307206
v 0.020903 1.025567 0.336003
v 0.045724 1.066511 0.412606
v -0.161261 0.996071 0.255826
v -0.251972 1.000384 0.224870
v -0.300528 1.007632 0.206824
v -0.020240 1.007770 0.298452
v -0.069737 1.000508 0.284433
vn -0.5893 0.0013 -0.8079
vn -0.8504 0.5262 0.0012
vn -0.2084 0.7380 0.6418
vn 0.9513 0.0003 -0.3084
vn 0.2990 -0.2731 -0.9143
vn 0.0489 -0.9286 0.3677
vn -0.0721 -0.8848 0.4604
vn -0.0590 -0.9389 0.3390
vn 0.0733 -0.8905 0.4491
vn -0.2557 -0.9286 0.2688
vn -0.2123 -0.8848 0.4148
vn -0.3232 -0.8905 0.3202
vn -0.1515 -0.9389 0.3090
vn -0.4304 -0.8143 0.3893
vn -0.2840 -0.8435 0.4559
vn -0.4076 -0.7852 0.4662
vn -0.3700 -0.8604 0.3505
vn -0.3627 -0.7146 0.5982
vn -0.2511 -0.8072 0.5342
vn -0.2587 -0.7246 0.6388
vn -0.3885 -0.7600 0.5211
vn -0.0581 -0.7146 0.6971
vn -0.1108 -0.8072 0.5797
vn 0.0080 -0.7600 0.6499
vn -0.1662 -0.7246 0.6688
vn 0.1194 -0.8143 0.5680
vn -0.0382 -0.8435 0.5357
vn 0.0933 -0.8604 0.5010
vn 0.0557 -0.7852 0.6167
vn 0.6890 0.5253 0.4994
vt 0.259562 0.178476
vt 0.517733 0.217402
vt 0.789034 0.262854
vt 1.000000 0.302267
vt 1.000000 1.000000
vt 0.166645 0.166645
vt 1.000000 0.415415
vt 0.302267 0.302267
vt 0.472071 0.325585
vt 0.698332 0.361161
vt 0.918144 0.399373
vt 1.000000 0.339320
vt 0.415415 0.415415
vt 0.466095 0.404720
vt 0.547629 0.388583
vt 0.701568 0.365217
vt 0.858446 0.348091
vt 0.944838 0.342350
vt 1.000000 0.166246
vt 0.303656 0.302275
vt 0.473783 0.263038
vt 0.700125 0.217263
vt 0.919915 0.178017
vt 0.798165 0.154353
vt 0.921248 0.161360
vt 1.000000 0.166645
vt 0.166246 0.166246
vt 0.239783 0.161022
vt 0.355121 0.154167
vt 0.574607 0.150081
vt 0.181606 0.063811
vt 0.165247 0.062237
vt 0.170522 0.050180
vt 0.177268 0.055103
vt 0.181610 0.058238
vt 0.136365 0.078731
vt 0.147728 0.059048
vt 0.162288 0.078799
vt 0.157441 0.042224
vt 0.170522 0.050180
vt 0.181598 0.078731
vt 0.925663 0.062237
vt 0.909216 0.063820
vt 0.909204 0.058168
vt 0.913555 0.055052
vt 0.920363 0.050122
vt 0.954545 0.078731
vt 0.928622 0.078799
vt 0.943182 0.059048
vt 0.909246 0.078731
vt 0.933469 0.042224
vt 0.909304 0.104851
vt 0.909279 0.093651
vt 0.925505 0.095497
vt 0.918974 0.110513
vt 0.941525 0.101147
vt 0.928622 0.078799
vt 0.931900 0.117954
vt 0.909279 0.093651
vt 0.909246 0.078731
vt 0.944828 0.125395
vt 0.954388 0.111991
vt 0.962240 0.122653
vt 0.954556 0.126073
vt 0.949763 0.128236
vt 0.965909 0.098413
vt 0.962240 0.122653
vt 0.975649 0.115284
vt 0.931900 0.117954
vt 0.141223 0.128264
vt 0.136354 0.126067
vt 0.128672 0.122650
vt 0.136522 0.111991
vt 0.146111 0.125435
vt 0.149385 0.101147
vt 0.125001 0.098413
vt 0.146111 0.125435
vt 0.159018 0.117967
vt 0.115261 0.115284
vt 0.181580 0.104910
vt 0.171929 0.110496
vt 0.165405 0.095497
vt 0.181589 0.093655
vt 0.162288 0.078799
vt 0.149385 0.101147
vt 0.181589 0.093655
vt 0.181598 0.078731
vt 0.171929 0.110496
vt 0.159018 0.117967
vt 1.000000 0.302541
vt 0.339320 0.339320
vt 0.606058 0.354223
vt 0.501986 0.361514
vt 0.783707 0.325887
s 0
f 2164/3234/1511 2165/3235/1511 2166/3236/1511 2169/3237/1511 2121/3238/1511 2163/3239/1511
f 2168/3240/1512 2121/3238/1512 2169/3241/1512 2170/3242/1512 2171/3243/1512 2167/3244/1512
f 2173/3245/1513 2121/3238/1513 2168/3246/1513 2174/3247/1513 2175/3248/1513 2176/3249/1513 2177/3250/1513 2172/3251/1513
f 2183/3252/1514 2121/3238/1514 2178/3253/1514 2179/3254/1514 2185/3255/1514 2184/3256/1514
f 2187/3257/1515 2188/3258/1515 2163/3259/1515 2121/3238/1515 2183/3260/1515 2189/3261/1515 2190/3262/1515 2186/3263/1515
f 2157/3264/1516 2129/3265/1516 2162/3266/1516 2161/3267/1516 2156/3268/1516
f 2122/3269/1517 2123/3270/1517 2129/3265/1517 2128/3271/1517
f 2129/3265/1518 2123/3270/1518 2159/3272/1518 2162/3273/1518
f 2155/3274/1519 2128/3271/1519 2129/3265/1519 2157/3264/1519
f 2130/3275/1520 2139/3276/1520 2138/3277/1520 2158/3278/1520 2160/3279/1520
f 2122/3280/1521 2125/3281/1521 2130/3275/1521 2123/3282/1521
f 2130/3275/1522 2125/3281/1522 2137/3283/1522 2139/3276/1522
f 2123/3282/1523 2130/3275/1523 2160/3279/1523 2159/3284/1523
f 2136/3285/1524 2135/3286/1524 2131/3287/1524 2142/3288/1524
f 2122/3280/1525 2126/3289/1525 2131/3287/1525 2125/3290/1525
f 2142/3288/1526 2131/3287/1526 2126/3289/1526 2143/3291/1526
f 2125/3290/1527 2131/3287/1527 2135/3292/1527 2137/3293/1527
f 2140/3294/1528 2132/3295/1528 2146/3296/1528 2144/3297/1528 2141/3298/1528
f 2122/3280/1529 2124/3299/1529 2132/3295/1529 2126/3289/1529
f 2146/3300/1530 2132/3295/1530 2124/3299/1530 2145/3301/1530
f 2143/3302/1531 2126/3289/1531 2132/3295/1531 2140/3294/1531
f 2149/3303/1532 2148/3304/1532 2147/3305/1532 2133/3306/1532 2180/3307/1532
f 2122/3269/1533 2127/3308/1533 2133/3306/1533 2124/3309/1533
f 2180/3310/1534 2133/3306/1534 2127/3308/1534 2182/3311/1534
f 2145/3312/1535 2124/3309/1535 2133/3306/1535 2147/3305/1535
f 2153/3313/1536 2181/3314/1536 2134/3315/1536 2154/3316/1536
f 2122/3269/1537 2128/3317/1537 2134/3315/1537 2127/3318/1537
f 2154/3319/1538 2134/3315/1538 2128/3317/1538 2155/3320/1538
f 2127/3318/1539 2134/3315/1539 2181/3321/1539 2182/3322/1539
f 2178/3323/1540 2121/3238/1540 2173/3324/1540 2150/3325/1540 2151/3326/1540 2152/3327/1540
o Icosphere_cell.013
v -0.080982 1.885414 0.014843
v 0.310870 1.102110 0.299210
v 0.413952 1.194177 0.374103
v 0.198149 1.029320 0.217315
v 0.443376 1.158533 0.219523
v 0.331876 1.073356 0.138514
v 0.164529 1.073355 0.368847
v 0.276029 1.158533 0.449856
v 0.117661 1.026766 0.289761
v 0.486211 1.213189 0.295679
v 0.423832 1.125640 0.118991
v 0.242177 1.026766 0.118380
v 0.174378 1.125640 0.462335
v 0.361695 1.213189 0.467061
v 0.354768 1.273550 0.553781
v 0.377413 1.269743 0.529789
v 0.412263 1.264695 0.491361
v 0.471382 1.261699 0.415829
v 0.525055 1.264837 0.336373
v 0.550999 1.269983 0.291224
v 0.566666 1.273790 0.262660
v 0.533887 1.217067 0.157781
v 0.559227 1.256999 0.234732
v 0.503637 1.179888 0.076966
v 0.256320 1.025561 0.014284
v 0.225083 1.012895 0.014228
v 0.476915 1.155313 0.014730
v 0.417716 1.114254 0.014603
v 0.336795 1.066490 0.014439
v 0.014063 1.013264 0.306317
v 0.034568 1.007745 0.280595
v 0.123522 0.995986 0.163096
v 0.066379 1.000455 0.240073
v 0.178613 1.000263 0.084718
v 0.207395 1.007531 0.041329
v 0.073164 1.114249 0.488788
v 0.091491 1.155505 0.545391
v 0.048231 1.066501 0.411799
v 0.023418 1.025566 0.335193
v 0.159051 1.179960 0.551340
v 0.326295 1.256998 0.555336
v 0.245262 1.217098 0.555074
v 0.525055 1.264837 0.336373
v 0.550999 1.269983 0.291224
v 0.566666 1.273790 0.262660
v 0.354768 1.273550 0.553781
v 0.377413 1.269743 0.529789
v 0.412263 1.264695 0.491361
v 0.471382 1.261699 0.415829
v 0.559227 1.256999 0.234732
v 0.533887 1.217067 0.157781
v 0.503637 1.179888 0.076966
v 0.476915 1.155313 0.014730
v 0.417716 1.114254 0.014603
v 0.336795 1.066490 0.014439
v 0.256320 1.025561 0.014284
v 0.225083 1.012895 0.014228
v 0.123522 0.995986 0.163096
v 0.066379 1.000455 0.240073
v 0.034568 1.007745 0.280595
v 0.014063 1.013264 0.306317
v 0.207395 1.007531 0.041329
v 0.178613 1.000263 0.084718
v 0.023418 1.025566 0.335193
v 0.048231 1.066501 0.411799
v 0.073164 1.114249 0.488788
v 0.326295 1.256998 0.555336
v 0.245262 1.217098 0.555074
v 0.091491 1.155505 0.545391
v 0.159051 1.179960 0.551340
vn 0.5451 0.7382 0.3974
vn 0.6878 0.5259 -0.5003
vn 0.0013 0.0012 -1.0000
vn -0.7799 -0.2732 -0.5631
vn -0.9512 -0.0006 0.3084
vn -0.2617 0.5262 0.8091
vn 0.1766 -0.9286 0.3262
vn 0.3289 -0.8848 0.3301
vn 0.2047 -0.8905 0.4064
vn 0.2471 -0.9389 0.2396
vn 0.6450 -0.7146 0.2707
vn 0.5171 -0.8072 0.2846
vn 0.6206 -0.7600 0.1932
vn 0.5847 -0.7246 0.3647
vn 0.5770 -0.8144 0.0620
vn 0.4977 -0.8435 0.2019
vn 0.5053 -0.8604 0.0661
vn 0.6038 -0.7852 0.1376
vn 0.3648 -0.9287 0.0671
vn 0.4156 -0.8848 0.2108
vn 0.3042 -0.9389 0.1609
vn 0.4497 -0.8905 0.0691
vn 0.2373 -0.8143 0.5296
vn 0.3458 -0.8435 0.4110
vn 0.3175 -0.7852 0.5317
vn 0.2190 -0.8604 0.4602
vn 0.4568 -0.7146 0.5298
vn 0.4304 -0.8072 0.4039
vn 0.5276 -0.7246 0.4434
vn 0.3755 -0.7600 0.5305
vt 0.645941 0.591675
vt 0.647815 0.647815
vt 0.000000 0.000000
vt 0.584456 0.000000
vt 0.594069 0.060894
vt 0.608263 0.156370
vt 0.628212 0.330446
vt 0.641978 0.501227
vt 0.302642 0.000000
vt 1.000000 0.000000
vt 1.000000 0.647815
vt 0.918140 0.574844
vt 0.698635 0.373779
vt 0.472654 0.162619
vt 1.000000 1.000000
vt 0.303244 0.302498
vt 0.473173 0.263309
vt 0.698681 0.217726
vt 0.917624 0.178670
vt 1.000000 0.166586
vt 0.798858 0.154222
vt 0.921379 0.161099
vt 1.000000 0.166316
vt 0.166586 0.166586
vt 0.238767 0.161405
vt 0.355591 0.154370
vt 0.575053 0.150118
vt 1.000000 0.302342
vt 0.166316 0.166316
vt 0.258378 0.178082
vt 0.517299 0.217230
vt 0.789207 0.262890
vt 0.919135 0.399682
vt 1.000000 0.415544
vt 0.302342 0.302342
vt 0.473019 0.325810
vt 0.699302 0.361429
vt 0.182024 0.063812
vt 0.182027 0.058224
vt 0.186355 0.055094
vt 0.193105 0.050155
vt 0.198391 0.062237
vt 0.227273 0.078731
vt 0.201350 0.078799
vt 0.215910 0.059048
vt 0.182024 0.063812
vt 0.182010 0.078731
vt 0.206172 0.042182
vt 0.327896 0.125389
vt 0.322956 0.128238
vt 0.318172 0.126073
vt 0.310492 0.122647
vt 0.318340 0.111991
vt 0.318182 0.078731
vt 0.331203 0.101147
vt 0.306819 0.098413
vt 0.340819 0.117938
vt 0.310492 0.122647
vt 0.297092 0.115260
vt 0.363433 0.104896
vt 0.353742 0.110485
vt 0.347223 0.095497
vt 0.363452 0.093650
vt 0.344106 0.078799
vt 0.331203 0.101147
vt 0.363477 0.078731
vt 0.363452 0.093650
vt 0.340819 0.117938
vt 0.353742 0.110485
vt 0.363509 0.058068
vt 0.363500 0.063819
vt 0.347065 0.062237
vt 0.352389 0.050067
vt 0.359237 0.055015
vt 0.329546 0.059048
vt 0.344106 0.078799
vt 0.339284 0.042182
vt 0.352389 0.050067
vt 0.181987 0.104877
vt 0.181997 0.093649
vt 0.198233 0.095497
vt 0.191705 0.110505
vt 0.214253 0.101147
vt 0.191705 0.110505
vt 0.204632 0.117947
vt 0.182010 0.078731
vt 0.227284 0.126014
vt 0.222435 0.128196
vt 0.217560 0.125389
vt 0.227116 0.111991
vt 0.234942 0.122617
vt 0.238637 0.098413
vt 0.214253 0.101147
vt 0.248364 0.115260
vt 0.234942 0.122617
vt 0.204632 0.117947
s 0
f 2234/3328/1541 2235/3329/1541 2191/3330/1541 2236/3331/1541 2237/3332/1541 2238/3333/1541 2239/3334/1541 2233/3335/1541
f 2243/3336/1542 2191/3337/1542 2235/3338/1542 2240/3339/1542 2241/3340/1542 2242/3341/1542
f 2191/3342/1543 2243/3343/1543 2244/3344/1543 2245/3345/1543 2246/3346/1543 2247/3347/1543
f 2249/3348/1544 2250/3349/1544 2251/3350/1544 2191/3342/1544 2247/3351/1544 2252/3352/1544 2253/3353/1544 2248/3354/1544
f 2259/3355/1545 2191/3342/1545 2251/3356/1545 2254/3357/1545 2255/3358/1545 2256/3359/1545
f 2257/3360/1546 2236/3361/1546 2191/3342/1546 2259/3362/1546 2260/3363/1546 2258/3364/1546
f 2229/3365/1547 2220/3366/1547 2221/3367/1547 2223/3368/1547 2199/3369/1547
f 2192/3370/1548 2197/3371/1548 2199/3369/1548 2194/3372/1548
f 2229/3373/1549 2199/3369/1549 2197/3371/1549 2228/3374/1549
f 2194/3372/1550 2199/3369/1550 2223/3368/1550 2222/3375/1550
f 2213/3376/1551 2211/3377/1551 2210/3378/1551 2209/3379/1551 2200/3380/1551
f 2192/3381/1552 2195/3382/1552 2200/3380/1552 2193/3383/1552
f 2213/3376/1553 2200/3380/1553 2195/3382/1553 2212/3384/1553
f 2193/3383/1554 2200/3380/1554 2209/3385/1554 2208/3386/1554
f 2217/3387/1555 2214/3388/1555 2201/3389/1555 2218/3390/1555
f 2192/3381/1556 2196/3391/1556 2201/3389/1556 2195/3392/1556
f 2201/3389/1557 2196/3391/1557 2219/3393/1557 2218/3394/1557
f 2212/3395/1558 2195/3392/1558 2201/3389/1558 2214/3396/1558
f 2216/3397/1559 2215/3398/1559 2202/3399/1559 2224/3400/1559 2225/3401/1559
f 2192/3381/1560 2194/3402/1560 2202/3399/1560 2196/3403/1560
f 2202/3399/1561 2194/3402/1561 2222/3404/1561 2224/3405/1561
f 2196/3403/1562 2202/3399/1562 2215/3398/1562 2219/3393/1562
f 2227/3406/1563 2226/3407/1563 2203/3408/1563 2230/3409/1563
f 2192/3370/1564 2198/3410/1564 2203/3408/1564 2197/3371/1564
f 2230/3411/1565 2203/3408/1565 2198/3410/1565 2232/3412/1565
f 2228/3413/1566 2197/3371/1566 2203/3408/1566 2226/3407/1566
f 2206/3414/1567 2205/3415/1567 2231/3416/1567 2204/3417/1567 2207/3418/1567
f 2192/3370/1568 2193/3419/1568 2204/3417/1568 2198/3420/1568
f 2204/3417/1569 2193/3419/1569 2208/3421/1569 2207/3422/1569
f 2232/3423/1570 2198/3420/1570 2204/3417/1570 2231/3416/1570
o Icosphere_cell.014
v -0.081445 1.886289 0.016441
v 0.160620 1.402615 0.761642
v 0.008527 1.408572 0.800927
v 0.306756 1.408572 0.704024
v 0.102427 1.532261 0.844697
v 0.256516 1.532261 0.794630
v 0.056174 1.290071 0.702340
v 0.210262 1.290071 0.652273
v 0.003684 1.503760 0.852400
v 0.187822 1.597668 0.845366
v 0.340929 1.503760 0.742821
v -0.030731 1.323556 0.746478
v 0.118874 1.236650 0.633163
v 0.306513 1.323556 0.636899
v 0.405898 1.502977 0.702888
v 0.410375 1.550727 0.723495
v 0.412741 1.581271 0.735865
v 0.362648 1.299714 0.575787
v 0.354427 1.274696 0.555426
v 0.374911 1.339956 0.606975
v 0.392734 1.419158 0.658080
v 0.253795 1.679833 0.846151
v 0.197297 1.714853 0.875115
v 0.390029 1.595359 0.755441
v 0.324463 1.636019 0.802419
v -0.064063 1.550869 0.877661
v -0.072552 1.502975 0.858297
v -0.058751 1.581250 0.889001
v -0.112133 1.299694 0.730020
v -0.117369 1.274965 0.708960
v -0.103746 1.339976 0.762494
v -0.088183 1.419174 0.814314
v -0.057114 1.235650 0.666370
v -0.093234 1.258037 0.693141
v 0.090884 1.156556 0.547018
v 0.158510 1.181026 0.552979
v 0.244732 1.218154 0.556721
v 0.325731 1.258021 0.556990
v -0.028076 1.217985 0.645164
v 0.039534 1.180926 0.591516
v -0.028655 1.595452 0.891510
v 0.134828 1.679959 0.884840
v 0.051979 1.636130 0.890987
v 0.362648 1.299714 0.575787
v 0.374911 1.339956 0.606975
v 0.354427 1.274696 0.555426
v 0.410375 1.550727 0.723495
v 0.412741 1.581271 0.735865
v 0.405898 1.502977 0.702888
v 0.392734 1.419158 0.658080
v 0.390029 1.595359 0.755441
v 0.324463 1.636019 0.802419
v 0.253795 1.679833 0.846151
v -0.064063 1.550869 0.877661
v -0.072552 1.502975 0.858297
v -0.058751 1.581250 0.889001
v -0.112133 1.299694 0.730020
v -0.117369 1.274965 0.708960
v -0.103746 1.339976 0.762494
v -0.088183 1.419174 0.814314
v -0.057114 1.235650 0.666370
v -0.093234 1.258037 0.693141
v 0.325731 1.258021 0.556990
v 0.244732 1.218154 0.556721
v 0.158510 1.181026 0.552979
v 0.090884 1.156556 0.547018
v -0.028076 1.217985 0.645164
v 0.039534 1.180926 0.591516
v 0.134828 1.679959 0.884840
v 0.051979 1.636130 0.890987
v 0.197297 1.714853 0.875115
v -0.028655 1.595452 0.891510
vn 0.8431 0.1445 -0.5179
vn 0.5264 0.8502 -0.0011
vn -0.9866 0.1441 0.0760
vn -0.6925 -0.5226 -0.4973
vn 0.2618 -0.5264 -0.8090
vn -0.6861 -0.5267 -0.5017
vn -0.4269 0.8501 0.3083
vn 0.0863 -0.3716 0.9244
vn 0.2033 -0.4601 0.8643
vn 0.1708 -0.3327 0.9274
vn 0.0711 -0.4727 0.8783
vn 0.2986 -0.2574 0.9190
vn 0.2817 -0.4114 0.8669
vn 0.3619 -0.3013 0.8822
vn 0.2258 -0.3013 0.9264
vn 0.4735 -0.3716 0.7986
vn 0.3436 -0.4601 0.8187
vn 0.4588 -0.4727 0.7524
vn 0.4069 -0.3327 0.8507
vn 0.0343 -0.6440 0.7642
vn 0.1793 -0.5856 0.7905
vn 0.0553 -0.5554 0.8297
vn 0.1031 -0.6874 0.7190
vn 0.2047 -0.7491 0.6300
vn 0.2397 -0.6313 0.7376
vn 0.1467 -0.7157 0.6828
vn 0.2827 -0.7157 0.6386
vn 0.4215 -0.6440 0.6384
vn 0.3196 -0.5856 0.7449
vn 0.3392 -0.6874 0.6422
vn 0.4430 -0.5554 0.7038
vt 0.467413 0.064649
vt 0.416124 0.000000
vt 1.000000 0.000000
vt 1.000000 0.686930
vt 0.945452 0.627039
vt 0.859357 0.531476
vt 0.702645 0.350562
vt 0.548903 0.166255
vt 0.705660 0.610327
vt 0.686930 0.686930
vt 0.000000 0.000000
vt 0.820147 0.000501
vt 0.792486 0.173679
vt 0.750621 0.397337
vt 0.238847 0.061514
vt 0.166478 0.000000
vt 1.000000 0.661287
vt 0.922383 0.603810
vt 0.798851 0.511333
vt 0.574994 0.337044
vt 0.355283 0.159415
vt 0.646343 0.396904
vt 0.661287 0.661287
vt 0.621019 0.000000
vt 1.000000 0.583876
vt 0.918713 0.518528
vt 0.699542 0.337471
vt 0.473823 0.147251
vt 0.303131 0.000000
vt 1.000000 0.378981
vt 1.000000 1.000000
vt 0.303131 0.303131
vt 0.545100 0.326540
vt 0.863543 0.362057
vt 0.790061 0.170478
vt 1.000000 0.179776
vt 0.166478 0.166478
vt 0.260149 0.164084
vt 0.518644 0.164595
vt 0.141335 0.186360
vt 0.140767 0.181125
vt 0.139858 0.172757
vt 0.152779 0.174228
vt 0.146260 0.189214
vt 0.181819 0.157461
vt 0.168838 0.179946
vt 0.155856 0.157461
vt 0.159168 0.196693
vt 0.146260 0.189214
vt 0.139133 0.157461
vt 0.172072 0.204170
vt 0.181819 0.190994
vt 0.191551 0.204149
vt 0.181791 0.209800
vt 0.194800 0.179946
vt 0.204459 0.196675
vt 0.172072 0.204170
vt 0.159168 0.196693
vt 0.217371 0.189199
vt 0.210859 0.174228
vt 0.223746 0.172761
vt 0.222835 0.181104
vt 0.222261 0.186367
vt 0.207782 0.157461
vt 0.194800 0.179946
vt 0.224480 0.157461
vt 0.204459 0.196675
vt 0.217371 0.189199
vt 0.146242 0.125666
vt 0.152779 0.140694
vt 0.139847 0.142166
vt 0.140751 0.133788
vt 0.141316 0.128546
vt 0.168838 0.134976
vt 0.139133 0.157461
vt 0.159141 0.118181
vt 0.153403 0.121478
vt 0.181819 0.105178
vt 0.191547 0.110778
vt 0.181819 0.123928
vt 0.172074 0.110754
vt 0.168838 0.134976
vt 0.194800 0.134976
vt 0.172074 0.110754
vt 0.191547 0.110778
vt 0.204474 0.118221
vt 0.222877 0.133793
vt 0.223775 0.142164
vt 0.210859 0.140694
vt 0.217398 0.125662
vt 0.222309 0.128491
vt 0.194800 0.134976
vt 0.207782 0.157461
vt 0.204474 0.118221
vt 0.223775 0.142164
s 0
f 2304/3424/1571 2306/3425/1571 2261/3426/1571 2308/3427/1571 2307/3428/1571 2309/3429/1571 2310/3430/1571 2305/3431/1571
f 2311/3432/1572 2308/3433/1572 2261/3434/1572 2331/3435/1572 2313/3436/1572 2312/3437/1572
f 2314/3438/1573 2316/3439/1573 2261/3426/1573 2318/3440/1573 2317/3441/1573 2319/3442/1573 2320/3443/1573 2315/3444/1573
f 2322/3445/1574 2318/3446/1574 2261/3434/1574 2321/3447/1574
f 2261/3426/1575 2306/3448/1575 2323/3449/1575 2324/3450/1575 2325/3451/1575 2326/3452/1575
f 2321/3453/1576 2261/3454/1576 2326/3455/1576 2328/3456/1576 2327/3457/1576
f 2329/3458/1577 2331/3459/1577 2261/3454/1577 2316/3460/1577 2332/3461/1577 2330/3462/1577
f 2288/3463/1578 2286/3464/1578 2287/3465/1578 2269/3466/1578 2301/3467/1578
f 2262/3468/1579 2265/3469/1579 2269/3466/1579 2263/3470/1579
f 2269/3466/1580 2265/3469/1580 2303/3471/1580 2301/3472/1580
f 2292/3473/1581 2263/3470/1581 2269/3466/1581 2287/3465/1581
f 2302/3474/1582 2270/3475/1582 2282/3476/1582 2283/3477/1582
f 2262/3468/1583 2266/3478/1583 2270/3475/1583 2265/3469/1583
f 2282/3476/1584 2270/3475/1584 2266/3478/1584 2285/3479/1584
f 2265/3469/1585 2270/3475/1585 2302/3480/1585 2303/3481/1585
f 2284/3482/1586 2271/3483/1586 2275/3484/1586 2276/3485/1586 2277/3486/1586
f 2262/3468/1587 2264/3487/1587 2271/3483/1587 2266/3488/1587
f 2275/3484/1588 2271/3483/1588 2264/3487/1588 2281/3489/1588
f 2285/3490/1589 2266/3488/1589 2271/3483/1589 2284/3491/1589
f 2294/3492/1590 2272/3493/1590 2291/3494/1590 2289/3495/1590 2290/3496/1590
f 2262/3468/1591 2263/3470/1591 2272/3493/1591 2267/3497/1591
f 2272/3493/1592 2263/3470/1592 2292/3498/1592 2291/3494/1592
f 2299/3499/1593 2267/3497/1593 2272/3493/1593 2294/3492/1593 2293/3500/1593
f 2295/3501/1594 2296/3502/1594 2273/3503/1594 2300/3504/1594
f 2262/3468/1595 2267/3505/1595 2273/3503/1595 2268/3506/1595
f 2273/3503/1596 2267/3505/1596 2299/3499/1596 2300/3507/1596
f 2268/3506/1597 2273/3503/1597 2296/3508/1597 2297/3509/1597
f 2278/3510/1598 2280/3511/1598 2274/3512/1598 2298/3513/1598 2279/3514/1598
f 2262/3468/1599 2268/3515/1599 2274/3512/1599 2264/3516/1599
f 2298/3513/1600 2274/3512/1600 2268/3515/1600 2297/3517/1600
f 2264/3516/1601 2274/3512/1601 2280/3518/1601 2281/3489/1601
o Icosphere_cell.015
v -0.079751 1.886413 0.013386
v 0.704238 1.402617 0.013415
v 0.694599 1.408573 0.170203
v 0.694599 1.408573 -0.143372
v 0.765244 1.532262 0.094424
v 0.765244 1.532262 -0.067593
v 0.615562 1.290072 -0.067593
v 0.615562 1.290072 0.094424
v 0.630684 1.323557 0.190714
v 0.742057 1.503761 0.190714
v 0.792269 1.597668 0.013415
v 0.742057 1.503761 -0.163883
v 0.630684 1.323557 -0.163883
v 0.569147 1.236650 0.013415
v 0.793714 1.636257 -0.129950
v 0.757640 1.581448 -0.234620
v 0.769309 1.595620 -0.206802
v 0.813457 1.680046 -0.049248
v 0.567910 1.274526 -0.234420
v 0.589996 1.299764 -0.236005
v 0.623370 1.339938 -0.238097
v 0.677463 1.419164 -0.239388
v 0.724111 1.502976 -0.238193
v 0.745148 1.550888 -0.236149
v 0.543991 1.231860 -0.156606
v 0.560567 1.257967 -0.206890
v 0.478343 1.156361 0.013603
v 0.535239 1.218066 -0.129980
v 0.505038 1.180943 -0.049154
v 0.535301 1.218121 0.156763
v 0.560694 1.258086 0.233643
v 0.568041 1.274636 0.261127
v 0.504998 1.180908 0.076023
v 0.590047 1.299794 0.262745
v 0.623374 1.339931 0.264895
v 0.677450 1.419172 0.266294
v 0.724067 1.502974 0.265209
v 0.745158 1.551042 0.263215
v 0.757594 1.581484 0.261729
v 0.769339 1.595721 0.233680
v 0.793711 1.636245 0.156774
v 0.813427 1.679929 0.075990
v 0.823468 1.714761 0.013415
v 0.793714 1.636257 -0.129950
v 0.813457 1.680046 -0.049248
v 0.769309 1.595620 -0.206802
v 0.757640 1.581448 -0.234620
v 0.623370 1.339938 -0.238097
v 0.677463 1.419164 -0.239388
v 0.589996 1.299764 -0.236005
v 0.567910 1.274526 -0.234420
v 0.745148 1.550888 -0.236149
v 0.724111 1.502976 -0.238193
v 0.560567 1.257967 -0.206890
v 0.543991 1.231860 -0.156606
v 0.535239 1.218066 -0.129980
v 0.505038 1.180943 -0.049154
v 0.560694 1.258086 0.233643
v 0.568041 1.274636 0.261127
v 0.478343 1.156361 0.013603
v 0.504998 1.180908 0.076023
v 0.535301 1.218121 0.156763
v 0.724067 1.502974 0.265209
v 0.745158 1.551042 0.263215
v 0.757594 1.581484 0.261729
v 0.590047 1.299794 0.262745
v 0.623374 1.339931 0.264895
v 0.677450 1.419172 0.266294
v 0.813427 1.679929 0.075990
v 0.823468 1.714761 0.013415
v 0.769339 1.595721 0.233680
v 0.793711 1.636245 0.156774
vn 0.1615 0.8508 -0.5001
vn -0.2327 0.1432 -0.9619
vn -0.6881 -0.5259 -0.4999
vn -0.6884 -0.5264 -0.4990
vn -0.6879 -0.5257 0.5005
vn -0.2335 0.1423 0.9619
vn 0.1617 0.8510 0.4997
vn 0.7374 -0.6440 0.2036
vn 0.8072 -0.5856 0.0738
vn 0.8062 -0.5554 0.2038
vn 0.7156 -0.6874 0.1241
vn 0.9058 -0.3716 0.2036
vn 0.8848 -0.4601 0.0738
vn 0.9348 -0.3327 0.1241
vn 0.8573 -0.4727 0.2038
vn 0.9663 -0.2575 -0.0000
vn 0.9115 -0.4114 -0.0000
vn 0.9508 -0.3013 -0.0715
vn 0.9508 -0.3013 0.0715
vn 0.9058 -0.3716 -0.2036
vn 0.8848 -0.4601 -0.0738
vn 0.8573 -0.4727 -0.2038
vn 0.9348 -0.3327 -0.1241
vn 0.7374 -0.6440 -0.2036
vn 0.8072 -0.5856 -0.0738
vn 0.7156 -0.6874 -0.1241
vn 0.8062 -0.5554 -0.2038
vn 0.6624 -0.7491 -0.0000
vn 0.7756 -0.6313 -0.0000
vn 0.6947 -0.7157 0.0715
vn 0.6947 -0.7157 -0.0715
vt 0.894507 0.211223
vt 0.874734 0.484352
vt 0.850293 0.744455
vt 0.838607 0.838607
vt 0.000000 0.000000
vt 0.904567 0.000000
vt 0.498857 0.203210
vt 0.408556 0.079525
vt 0.351125 0.000000
vt 1.000000 0.000000
vt 1.000000 0.838607
vt 0.939414 0.765536
vt 0.843514 0.648609
vt 0.669567 0.428021
vt 1.000000 1.000000
vt 0.351125 0.351125
vt 0.583464 0.358467
vt 1.000000 0.375049
vt 1.000000 0.303149
vt 0.375049 0.375049
vt 0.472807 0.361907
vt 0.769573 0.326551
vt 1.000000 0.351130
vt 0.303149 0.303149
vt 0.473838 0.310210
vt 0.699837 0.324556
vt 0.919362 0.342540
vt 0.939631 0.173371
vt 1.000000 0.160881
vt 0.351130 0.351130
vt 0.408393 0.329051
vt 0.498632 0.295613
vt 0.669420 0.241345
vt 0.843393 0.194551
vt 1.000000 0.095433
vt 0.160881 0.160881
vt 0.255568 0.149182
vt 0.515190 0.124947
vt 0.787906 0.105382
vt 0.322619 0.133817
vt 0.323204 0.128486
vt 0.328065 0.125677
vt 0.334597 0.140694
vt 0.321701 0.142162
vt 0.363637 0.157461
vt 0.337674 0.157461
vt 0.350656 0.134976
vt 0.321701 0.142162
vt 0.320954 0.157461
vt 0.340978 0.118213
vt 0.328065 0.125677
vt 0.323099 0.186394
vt 0.322541 0.181151
vt 0.321647 0.172754
vt 0.334597 0.174228
vt 0.328059 0.189258
vt 0.350656 0.179946
vt 0.340976 0.196711
vt 0.320954 0.157461
vt 0.321647 0.172754
vt 0.363637 0.190994
vt 0.373394 0.204184
vt 0.363637 0.209785
vt 0.353894 0.204165
vt 0.376618 0.179946
vt 0.350656 0.179946
vt 0.386299 0.196713
vt 0.353894 0.204165
vt 0.340976 0.196711
vt 0.404694 0.181128
vt 0.404128 0.186393
vt 0.399208 0.189241
vt 0.392677 0.174228
vt 0.405595 0.172757
vt 0.389600 0.157461
vt 0.376618 0.179946
vt 0.406306 0.157461
vt 0.386299 0.196713
vt 0.404090 0.128460
vt 0.404670 0.133808
vt 0.405579 0.142163
vt 0.392677 0.140694
vt 0.399221 0.125650
vt 0.376618 0.134976
vt 0.386304 0.118200
vt 0.390776 0.120775
vt 0.406306 0.157461
vt 0.363637 0.105148
vt 0.373379 0.110758
vt 0.363637 0.123928
vt 0.353889 0.110750
vt 0.350656 0.134976
vt 0.376618 0.134976
vt 0.353889 0.110750
vt 0.340977 0.118213
vt 0.373379 0.110758
s 0
f 2377/3519/1602 2376/3520/1602 2378/3521/1602 2379/3522/1602 2333/3523/1602 2402/3524/1602
f 2380/3525/1603 2382/3526/1603 2383/3527/1603 2333/3528/1603 2379/3529/1603 2384/3530/1603 2385/3531/1603 2381/3532/1603
f 2333/3533/1604 2383/3534/1604 2386/3535/1604 2387/3536/1604
f 2392/3537/1605 2333/3533/1605 2387/3538/1605 2388/3539/1605 2389/3540/1605
f 2391/3541/1606 2333/3533/1606 2392/3542/1606 2393/3543/1606 2394/3544/1606 2390/3545/1606
f 2396/3546/1607 2397/3547/1607 2333/3533/1607 2391/3548/1607 2398/3549/1607 2399/3550/1607 2400/3551/1607 2395/3552/1607
f 2402/3553/1608 2333/3533/1608 2397/3554/1608 2403/3555/1608 2404/3556/1608 2401/3557/1608
f 2366/3558/1609 2364/3559/1609 2363/3560/1609 2341/3561/1609 2367/3562/1609
f 2334/3563/1610 2335/3564/1610 2341/3561/1610 2340/3565/1610
f 2367/3566/1611 2341/3561/1611 2335/3564/1611 2368/3567/1611
f 2362/3568/1612 2340/3565/1612 2341/3561/1612 2363/3569/1612
f 2371/3570/1613 2370/3571/1613 2369/3572/1613 2342/3573/1613 2372/3574/1613
f 2334/3563/1614 2337/3575/1614 2342/3573/1614 2335/3564/1614
f 2342/3573/1615 2337/3575/1615 2373/3576/1615 2372/3574/1615
f 2368/3577/1616 2335/3564/1616 2342/3573/1616 2369/3578/1616
f 2343/3579/1617 2350/3580/1617 2375/3581/1617 2374/3582/1617
f 2334/3563/1618 2338/3583/1618 2343/3579/1618 2337/3584/1618
f 2350/3580/1619 2343/3579/1619 2338/3583/1619 2347/3585/1619
f 2337/3584/1620 2343/3579/1620 2374/3586/1620 2373/3587/1620
f 2356/3588/1621 2348/3589/1621 2349/3590/1621 2344/3591/1621 2355/3592/1621
f 2334/3563/1622 2336/3593/1622 2344/3591/1622 2338/3594/1622
f 2355/3592/1623 2344/3591/1623 2336/3593/1623 2354/3595/1623
f 2347/3596/1624 2338/3594/1624 2344/3591/1624 2349/3590/1624
f 2351/3597/1625 2352/3598/1625 2353/3599/1625 2345/3600/1625 2358/3601/1625
f 2334/3563/1626 2339/3602/1626 2345/3600/1626 2336/3593/1626
f 2358/3601/1627 2345/3600/1627 2339/3602/1627 2360/3603/1627 2357/3604/1627
f 2336/3593/1628 2345/3600/1628 2353/3599/1628 2354/3605/1628
f 2359/3606/1629 2361/3607/1629 2346/3608/1629 2365/3609/1629
f 2334/3563/1630 2340/3610/1630 2346/3608/1630 2339/3611/1630
f 2365/3612/1631 2346/3608/1631 2340/3610/1631 2362/3613/1631
f 2339/3611/1632 2346/3608/1632 2361/3614/1632 2360/3603/1632
o Icosphere_cell.016
v -0.081284 1.885399 0.012346
v 0.310870 1.102110 -0.272380
v 0.413952 1.194177 -0.347272
v 0.198149 1.029320 -0.190484
v 0.276029 1.158533 -0.423025
v 0.164529 1.073355 -0.342016
v 0.443376 1.158533 -0.192692
v 0.331876 1.073356 -0.111684
v 0.117661 1.026766 -0.262930
v 0.361695 1.213189 -0.440230
v 0.174378 1.125640 -0.435504
v 0.486211 1.213189 -0.268848
v 0.423832 1.125640 -0.092161
v 0.242177 1.026766 -0.091549
v 0.566666 1.273591 -0.235276
v 0.559339 1.257067 -0.207807
v 0.476853 1.155227 0.012736
v 0.533972 1.217121 -0.130892
v 0.503679 1.179916 -0.050113
v 0.091308 1.155368 -0.518434
v 0.159058 1.179933 -0.524466
v 0.245251 1.217119 -0.528281
v 0.354421 1.273452 -0.527109
v 0.326249 1.257055 -0.528620
v 0.412189 1.264620 -0.464494
v 0.377379 1.269620 -0.502822
v 0.512683 1.264115 -0.328003
v 0.471375 1.261690 -0.388992
v 0.525041 1.264818 -0.309528
v 0.550798 1.269807 -0.264407
v 0.022863 1.025559 -0.308630
v 0.013365 1.013139 -0.279505
v 0.072903 1.114219 -0.462026
v 0.047814 1.066476 -0.385123
v 0.207740 1.007722 -0.015262
v 0.179074 1.000455 -0.058132
v 0.225725 1.013190 0.012074
v 0.034090 1.007636 -0.253712
v 0.123650 0.996044 -0.136358
v 0.066229 1.000378 -0.213097
v 0.256266 1.025566 0.012149
v 0.417695 1.114216 0.012572
v 0.336794 1.066492 0.012357
v 0.091308 1.155368 -0.518434
v 0.159058 1.179933 -0.524466
v 0.476853 1.155227 0.012736
v 0.503679 1.179916 -0.050113
v 0.566666 1.273591 -0.235276
v 0.559339 1.257067 -0.207807
v 0.533972 1.217121 -0.130892
v 0.354421 1.273452 -0.527109
v 0.326249 1.257055 -0.528620
v 0.245251 1.217119 -0.528281
v 0.377379 1.269620 -0.502822
v 0.512683 1.264115 -0.328003
v 0.471375 1.261690 -0.388992
v 0.412189 1.264620 -0.464494
v 0.525041 1.264818 -0.309528
v 0.550798 1.269807 -0.264407
v 0.072903 1.114219 -0.462026
v 0.047814 1.066476 -0.385123
v 0.022863 1.025559 -0.308630
v 0.013365 1.013139 -0.279505
v 0.207740 1.007722 -0.015262
v 0.179074 1.000455 -0.058132
v 0.225725 1.013190 0.012074
v 0.034090 1.007636 -0.253712
v 0.066229 1.000378 -0.213097
v 0.123650 0.996044 -0.136358
v 0.417695 1.114216 0.012572
v 0.336794 1.066492 0.012357
v 0.256266 1.025566 0.012149
vn -0.2627 0.5260 -0.8089
vn 0.5443 0.7384 -0.3980
vn 0.5470 0.7387 -0.3939
vn -0.9508 0.0005 -0.3099
vn -0.7774 -0.2738 0.5663
vn -0.0021 -0.0010 1.0000
vn 0.1766 -0.9286 -0.3263
vn 0.3289 -0.8848 -0.3301
vn 0.2471 -0.9389 -0.2396
vn 0.2047 -0.8905 -0.4064
vn 0.4568 -0.7146 -0.5298
vn 0.4304 -0.8072 -0.4039
vn 0.3755 -0.7600 -0.5305
vn 0.5276 -0.7246 -0.4434
vn 0.2373 -0.8144 -0.5296
vn 0.3458 -0.8435 -0.4110
vn 0.2190 -0.8604 -0.4602
vn 0.3175 -0.7852 -0.5317
vn 0.6450 -0.7146 -0.2707
vn 0.5171 -0.8072 -0.2846
vn 0.5845 -0.7248 -0.3646
vn 0.6206 -0.7600 -0.1932
vn 0.5771 -0.8144 -0.0620
vn 0.4977 -0.8435 -0.2018
vn 0.6038 -0.7852 -0.1376
vn 0.5053 -0.8604 -0.0661
vn 0.3648 -0.9286 -0.0671
vn 0.4156 -0.8848 -0.2108
vn 0.4497 -0.8905 -0.0691
vn 0.3042 -0.9389 -0.1609
vn 0.6878 0.5261 0.5001
vt 0.919924 0.520132
vt 0.700008 0.338496
vt 0.473588 0.147732
vt 0.302288 0.000000
vt 1.000000 0.000000
vt 1.000000 0.584498
vt 0.584498 0.584498
vt 0.000000 0.000000
vt 0.593924 0.000000
vt 0.596096 0.170754
vt 0.593106 0.391442
vt 0.588225 0.508979
vt 0.593924 0.593924
vt 0.648133 0.000000
vt 0.632195 0.184401
vt 0.606328 0.472380
vt 1.000000 1.000000
vt 0.302288 0.302288
vt 0.473176 0.262958
vt 0.699348 0.217324
vt 0.918958 0.178215
vt 1.000000 0.166343
vt 0.921848 0.161319
vt 1.000000 0.166560
vt 0.166343 0.166343
vt 0.240094 0.161099
vt 0.356222 0.154188
vt 0.575631 0.150090
vt 0.799285 0.154351
vt 0.790294 0.263062
vt 1.000000 0.302238
vt 0.166560 0.166560
vt 0.259245 0.178380
vt 0.518315 0.217473
vt 0.540989 0.055054
vt 0.545352 0.058182
vt 0.545347 0.063821
vt 0.528883 0.062237
vt 0.534184 0.050120
vt 0.500000 0.078731
vt 0.511364 0.059048
vt 0.525924 0.078799
vt 0.534184 0.050120
vt 0.521085 0.042211
vt 0.545334 0.078731
vt 0.499990 0.125984
vt 0.492343 0.122602
vt 0.500158 0.111991
vt 0.509726 0.125406
vt 0.504904 0.128189
vt 0.513021 0.101147
vt 0.488637 0.098413
vt 0.522646 0.117953
vt 0.509726 0.125406
vt 0.478912 0.115258
vt 0.545296 0.104882
vt 0.535566 0.110498
vt 0.529041 0.095497
vt 0.545319 0.093645
vt 0.525924 0.078799
vt 0.513021 0.101147
vt 0.545334 0.078731
vt 0.545319 0.093645
vt 0.535566 0.110498
vt 0.409102 0.126030
vt 0.404222 0.128214
vt 0.399364 0.125409
vt 0.408934 0.111991
vt 0.416779 0.122643
vt 0.409092 0.078731
vt 0.420455 0.098413
vt 0.396071 0.101147
vt 0.416779 0.122643
vt 0.430180 0.115258
vt 0.419857 0.120893
vt 0.386446 0.117953
vt 0.380051 0.095497
vt 0.373528 0.110493
vt 0.363743 0.104840
vt 0.363768 0.093644
vt 0.396071 0.101147
vt 0.383168 0.078799
vt 0.386446 0.117953
vt 0.363802 0.078731
vt 0.368158 0.055085
vt 0.374923 0.050156
vt 0.380209 0.062237
vt 0.363837 0.063813
vt 0.363849 0.058190
vt 0.397728 0.059048
vt 0.363802 0.078731
vt 0.363837 0.063813
vt 0.388007 0.042211
vt 0.638500 0.522027
vt 0.588348 0.229060
vt 0.351867 0.000000
vt 0.697617 0.001473
vt 0.674118 0.228436
s 0
f 2456/3615/1633 2457/3616/1633 2449/3617/1633 2448/3618/1633 2405/3619/1633 2455/3620/1633
f 2455/3621/1634 2405/3622/1634 2459/3623/1634 2460/3624/1634 2461/3625/1634 2458/3626/1634
f 2459/3627/1635 2405/3622/1635 2452/3628/1635 2463/3629/1635 2462/3630/1635
f 2405/3631/1636 2448/3632/1636 2464/3633/1636 2465/3634/1636 2466/3635/1636 2467/3636/1636
f 2468/3637/1637 2470/3638/1637 2405/3631/1637 2467/3639/1637 2471/3640/1637 2472/3641/1637 2473/3642/1637 2469/3643/1637
f 2474/3644/1638 2421/3645/1638 2405/3631/1638 2470/3646/1638 2476/3647/1638 2475/3648/1638
f 2442/3649/1639 2436/3650/1639 2435/3651/1639 2413/3652/1639 2444/3653/1639
f 2406/3654/1640 2408/3655/1640 2413/3652/1640 2410/3656/1640
f 2444/3657/1641 2413/3652/1641 2408/3655/1641 2443/3658/1641
f 2410/3656/1642 2413/3652/1642 2435/3651/1642 2438/3659/1642
f 2430/3660/1643 2429/3661/1643 2414/3662/1643 2428/3663/1643 2427/3664/1643
f 2406/3654/1644 2409/3665/1644 2414/3662/1644 2407/3666/1644
f 2414/3662/1645 2409/3665/1645 2426/3667/1645 2428/3668/1645
f 2432/3669/1646 2407/3666/1646 2414/3662/1646 2429/3661/1646
f 2424/3670/1647 2425/3671/1647 2415/3672/1647 2437/3673/1647
f 2406/3654/1648 2410/3674/1648 2415/3672/1648 2409/3675/1648
f 2415/3672/1649 2410/3674/1649 2438/3676/1649 2437/3677/1649
f 2409/3675/1650 2415/3672/1650 2425/3678/1650 2426/3667/1650
f 2434/3679/1651 2419/3680/1651 2453/3681/1651 2416/3682/1651 2433/3683/1651
f 2406/3684/1652 2407/3685/1652 2416/3682/1652 2411/3686/1652
f 2433/3687/1653 2416/3682/1653 2407/3685/1653 2432/3688/1653 2431/3689/1653
f 2411/3686/1654 2416/3682/1654 2453/3681/1654 2454/3690/1654
f 2417/3691/1655 2451/3692/1655 2450/3693/1655 2446/3694/1655
f 2406/3684/1656 2411/3695/1656 2417/3691/1656 2412/3696/1656
f 2451/3692/1657 2417/3691/1657 2411/3695/1657 2454/3697/1657
f 2412/3696/1658 2417/3691/1658 2446/3694/1658 2447/3698/1658
f 2439/3699/1659 2440/3700/1659 2418/3701/1659 2445/3702/1659 2441/3703/1659
f 2406/3684/1660 2412/3696/1660 2418/3701/1660 2408/3704/1660
f 2418/3701/1661 2412/3696/1661 2447/3705/1661 2445/3706/1661
f 2443/3707/1662 2408/3704/1662 2418/3701/1662 2440/3700/1662
f 2422/3708/1663 2420/3709/1663 2452/3710/1663 2405/3622/1663 2421/3711/1663 2423/3712/1663
o Icosphere_cell.017
v -0.084829 1.886057 0.013387
v -0.568726 1.102112 0.013415
v -0.429396 1.029322 0.013415
v -0.696142 1.194179 0.013415
v -0.491265 1.073357 -0.128938
v -0.629087 1.158535 -0.128939
v -0.629087 1.158535 0.155769
v -0.491265 1.073357 0.155769
v -0.406862 1.026767 0.119335
v -0.406862 1.026767 -0.092504
v -0.554183 1.125641 -0.198783
v -0.708505 1.213191 -0.092505
v -0.708505 1.213191 0.119335
v -0.554183 1.125641 0.225614
v -0.767426 1.261982 0.013415
v -0.764128 1.265098 -0.082363
v -0.754181 1.273902 0.193818
v -0.758391 1.270087 0.161096
v -0.764019 1.264997 0.109213
v -0.754376 1.274104 -0.167063
v -0.758542 1.270260 -0.134392
v -0.731845 1.257177 0.211930
v -0.594147 1.180027 0.306729
v -0.535862 1.155477 0.341590
v -0.666123 1.217230 0.259206
v -0.487677 1.114220 0.306715
v -0.422155 1.066475 0.259278
v -0.331950 1.013021 0.193953
v -0.356994 1.025559 0.212093
v -0.333520 1.007555 0.161177
v -0.336920 0.995904 0.013415
v -0.335623 1.000253 0.109202
v -0.332202 1.012999 -0.166501
v -0.333708 1.007604 -0.134239
v -0.335741 1.000297 -0.082388
v -0.487901 1.114259 -0.279611
v -0.536014 1.155503 -0.314562
v -0.422424 1.066502 -0.232045
v -0.357284 1.025566 -0.184722
v -0.731886 1.257253 -0.185261
v -0.594138 1.180014 -0.279878
v -0.666147 1.217268 -0.232443
v -0.754181 1.273902 0.193818
v -0.758391 1.270087 0.161096
v -0.754376 1.274104 -0.167063
v -0.758542 1.270260 -0.134392
v -0.764128 1.265098 -0.082363
v -0.767426 1.261982 0.013415
v -0.764019 1.264997 0.109213
v -0.594147 1.180027 0.306729
v -0.666123 1.217230 0.259206
v -0.535862 1.155477 0.341590
v -0.731845 1.257177 0.211930
v -0.331950 1.013021 0.193953
v -0.356994 1.025559 0.212093
v -0.487677 1.114220 0.306715
v -0.422155 1.066475 0.259278
v -0.336920 0.995904 0.013415
v -0.335741 1.000297 -0.082388
v -0.333708 1.007604 -0.134239
v -0.332202 1.012999 -0.166501
v -0.333520 1.007555 0.161177
v -0.335623 1.000253 0.109202
v -0.357284 1.025566 -0.184722
v -0.422424 1.066502 -0.232045
v -0.487901 1.114259 -0.279611
v -0.731886 1.257253 -0.185261
v -0.666147 1.217268 -0.232443
v -0.536014 1.155503 -0.314562
v -0.594138 1.180014 -0.279878
vn -0.6748 0.7380 0.0008
vn -0.2626 0.5256 0.8092
vn 0.5870 0.0013 0.8096
vn 0.9622 -0.2725 -0.0007
vn 0.5878 0.0001 -0.8090
vn -0.2617 0.5252 -0.8098
vn -0.3346 -0.9286 0.1601
vn -0.4601 -0.8848 0.0737
vn -0.3407 -0.9389 0.0486
vn -0.4044 -0.8905 0.2085
vn -0.3346 -0.9287 -0.1601
vn -0.4601 -0.8848 -0.0737
vn -0.4044 -0.8905 -0.2085
vn -0.3407 -0.9389 -0.0486
vn -0.5033 -0.8143 -0.2890
vn -0.5213 -0.8435 -0.1293
vn -0.5693 -0.7852 -0.2436
vn -0.4477 -0.8604 -0.2436
vn -0.6810 -0.7146 -0.1601
vn -0.5856 -0.8072 -0.0737
vn -0.6874 -0.7246 -0.0486
vn -0.6156 -0.7600 -0.2085
vn -0.6810 -0.7146 0.1601
vn -0.5856 -0.8072 0.0737
vn -0.6156 -0.7600 0.2085
vn -0.6874 -0.7246 0.0486
vn -0.5033 -0.8144 0.2890
vn -0.5213 -0.8435 0.1293
vn -0.4477 -0.8604 0.2436
vn -0.5693 -0.7852 0.2436
vt 1.000000 0.329674
vt 1.000000 1.000000
vt 0.329812 0.329812
vt 0.388392 0.325611
vt 0.482205 0.319970
vt 0.658396 0.316580
vt 0.837981 0.319903
vt 0.937134 0.325490
vt 0.831075 0.304152
vt 1.000000 0.302311
vt 0.329674 0.329674
vt 0.404799 0.323310
vt 0.612695 0.311750
vt 1.000000 0.166635
vt 0.302585 0.302246
vt 0.473318 0.263005
vt 0.699096 0.217528
vt 0.918320 0.178568
vt 0.799480 0.154054
vt 0.922841 0.160950
vt 1.000000 0.166050
vt 0.166635 0.166635
vt 0.239809 0.161365
vt 0.356498 0.154311
vt 0.575887 0.150008
vt 1.000000 0.302119
vt 0.166050 0.166050
vt 0.259909 0.178049
vt 0.518308 0.217134
vt 0.789711 0.262735
vt 0.917955 0.323373
vt 1.000000 0.329812
vt 0.302119 0.302119
vt 0.472399 0.304027
vt 0.698465 0.311722
vt 0.909002 0.058130
vt 0.908995 0.063823
vt 0.892519 0.062237
vt 0.897845 0.050062
vt 0.904676 0.055024
vt 0.863636 0.078731
vt 0.875000 0.059048
vt 0.889560 0.078799
vt 0.897845 0.050062
vt 0.884762 0.042139
vt 0.908976 0.078731
vt 0.731719 0.055042
vt 0.738528 0.050083
vt 0.743845 0.062237
vt 0.727465 0.063813
vt 0.727465 0.058106
vt 0.772727 0.078731
vt 0.746804 0.078799
vt 0.761364 0.059048
vt 0.727464 0.078731
vt 0.738528 0.050083
vt 0.751602 0.042139
vt 0.727464 0.104864
vt 0.727464 0.093651
vt 0.743687 0.095497
vt 0.737153 0.110520
vt 0.759707 0.101147
vt 0.746804 0.078799
vt 0.750058 0.117995
vt 0.727464 0.078731
vt 0.727464 0.093651
vt 0.772570 0.111991
vt 0.780457 0.122700
vt 0.772738 0.126141
vt 0.767901 0.128328
vt 0.762959 0.125466
vt 0.784091 0.098413
vt 0.793858 0.115330
vt 0.750058 0.117995
vt 0.863626 0.126099
vt 0.855923 0.122679
vt 0.863794 0.111991
vt 0.873388 0.125442
vt 0.868474 0.128282
vt 0.876657 0.101147
vt 0.852273 0.098413
vt 0.886300 0.117984
vt 0.842506 0.115330
vt 0.855923 0.122679
vt 0.908938 0.104904
vt 0.899213 0.110524
vt 0.892677 0.095497
vt 0.908955 0.093645
vt 0.889560 0.078799
vt 0.876657 0.101147
vt 0.908976 0.078731
vt 0.886300 0.117984
vt 0.899213 0.110524
s 0
f 2519/3713/1664 2477/3714/1664 2521/3715/1664 2522/3716/1664 2523/3717/1664 2524/3718/1664 2525/3719/1664 2520/3720/1664
f 2526/3721/1665 2528/3722/1665 2477/3714/1665 2519/3723/1665 2529/3724/1665 2527/3725/1665
f 2530/3726/1666 2477/3714/1666 2528/3727/1666 2532/3728/1666 2533/3729/1666 2531/3730/1666
f 2535/3731/1667 2536/3732/1667 2537/3733/1667 2477/3714/1667 2530/3734/1667 2538/3735/1667 2539/3736/1667 2534/3737/1667
f 2545/3738/1668 2477/3714/1668 2537/3739/1668 2540/3740/1668 2541/3741/1668 2542/3742/1668
f 2543/3743/1669 2521/3744/1669 2477/3714/1669 2545/3745/1669 2546/3746/1669 2544/3747/1669
f 2504/3748/1670 2505/3749/1670 2485/3750/1670 2508/3751/1670 2506/3752/1670
f 2478/3753/1671 2479/3754/1671 2485/3750/1671 2484/3755/1671
f 2508/3756/1672 2485/3750/1672 2479/3754/1672 2507/3757/1672
f 2484/3755/1673 2485/3750/1673 2505/3749/1673 2503/3758/1673
f 2510/3759/1674 2511/3760/1674 2486/3761/1674 2515/3762/1674 2509/3763/1674
f 2478/3764/1675 2481/3765/1675 2486/3761/1675 2479/3766/1675
f 2515/3762/1676 2486/3761/1676 2481/3765/1676 2514/3767/1676
f 2479/3766/1677 2486/3761/1677 2511/3768/1677 2507/3769/1677
f 2513/3770/1678 2512/3771/1678 2487/3772/1678 2517/3773/1678
f 2478/3764/1679 2482/3774/1679 2487/3772/1679 2481/3775/1679
f 2487/3772/1680 2482/3774/1680 2518/3776/1680 2517/3773/1680
f 2514/3777/1681 2481/3775/1681 2487/3772/1681 2512/3778/1681
f 2488/3779/1682 2492/3780/1682 2497/3781/1682 2496/3782/1682 2516/3783/1682
f 2478/3764/1683 2480/3784/1683 2488/3779/1683 2482/3774/1683
f 2488/3779/1684 2480/3784/1684 2491/3785/1684 2492/3780/1684
f 2482/3774/1685 2488/3779/1685 2516/3783/1685 2518/3786/1685
f 2494/3787/1686 2495/3788/1686 2489/3789/1686 2498/3790/1686 2493/3791/1686
f 2478/3753/1687 2483/3792/1687 2489/3789/1687 2480/3793/1687
f 2498/3790/1688 2489/3789/1688 2483/3792/1688 2501/3794/1688
f 2491/3795/1689 2480/3793/1689 2489/3789/1689 2495/3796/1689
f 2500/3797/1690 2499/3798/1690 2490/3799/1690 2502/3800/1690
f 2478/3753/1691 2484/3801/1691 2490/3799/1691 2483/3802/1691
f 2502/3800/1692 2490/3799/1692 2484/3801/1692 2503/3803/1692
f 2501/3804/1693 2483/3802/1693 2490/3799/1693 2499/3805/1693
o Icosphere_cell.018
v -0.084716 1.886587 0.015757
v -0.718979 1.402617 0.475845
v -0.803341 1.408574 0.343335
v -0.619022 1.408573 0.597025
v -0.815951 1.532262 0.446166
v -0.720719 1.532262 0.577242
v -0.694856 1.290073 0.358186
v -0.599623 1.290072 0.489261
v -0.853791 1.503762 0.354635
v -0.790199 1.597668 0.527588
v -0.645360 1.503761 0.641514
v -0.763689 1.323559 0.289173
v -0.609689 1.236651 0.396441
v -0.555258 1.323557 0.576051
v -0.476126 1.294703 0.607965
v -0.462975 1.274984 0.596754
v -0.605462 1.550796 0.701677
v -0.587188 1.502976 0.691063
v -0.616451 1.581160 0.707696
v -0.479423 1.299598 0.610722
v -0.505452 1.340026 0.632091
v -0.548589 1.419183 0.664759
v -0.473412 1.258095 0.569643
v -0.521076 1.180962 0.409374
v -0.498094 1.218155 0.492517
v -0.815399 1.714230 0.545738
v -0.707139 1.635946 0.644224
v -0.693761 1.627615 0.654104
v -0.770622 1.679565 0.590370
v -0.642191 1.595312 0.692085
v -0.732326 1.258144 0.213369
v -0.754441 1.274704 0.195431
v -0.536292 1.156430 0.343116
v -0.594615 1.180992 0.308215
v -0.666594 1.218192 0.260671
v -0.898503 1.550612 0.298321
v -0.882799 1.502982 0.284338
v -0.907765 1.581390 0.306991
v -0.773142 1.299821 0.207100
v -0.801284 1.339892 0.225020
v -0.845782 1.419132 0.255858
v -0.900921 1.595340 0.335988
v -0.843881 1.679600 0.489553
v -0.875425 1.635887 0.412570
v -0.476126 1.294703 0.607965
v -0.462975 1.274984 0.596754
v -0.505452 1.340026 0.632091
v -0.548589 1.419183 0.664759
v -0.479423 1.299598 0.610722
v -0.605462 1.550796 0.701677
v -0.616451 1.581160 0.707696
v -0.587188 1.502976 0.691063
v -0.521076 1.180962 0.409374
v -0.498094 1.218155 0.492517
v -0.473412 1.258095 0.569643
v -0.707139 1.635946 0.644224
v -0.770622 1.679565 0.590370
v -0.693761 1.627615 0.654104
v -0.642191 1.595312 0.692085
v -0.732326 1.258144 0.213369
v -0.754441 1.274704 0.195431
v -0.536292 1.156430 0.343116
v -0.594615 1.180992 0.308215
v -0.666594 1.218192 0.260671
v -0.898503 1.550612 0.298321
v -0.882799 1.502982 0.284338
v -0.907765 1.581390 0.306991
v -0.773142 1.299821 0.207100
v -0.801284 1.339892 0.225020
v -0.845782 1.419132 0.255858
v -0.843881 1.679600 0.489553
v -0.875425 1.635887 0.412570
v -0.815399 1.714230 0.545738
v -0.900921 1.595340 0.335988
vn 0.7557 0.1403 0.6397
vn 0.7526 0.1450 0.6423
vn 0.8505 -0.5260 -0.0000
vn 0.1613 0.8513 0.4993
vn 0.1635 0.8499 0.5008
vn 0.2629 -0.5254 -0.8092
vn -0.3772 0.1442 -0.9148
vn -0.4249 0.8509 -0.3091
vn -0.8525 -0.3716 0.3677
vn -0.7592 -0.4601 0.4604
vn -0.8293 -0.3327 0.4491
vn -0.8134 -0.4727 0.3390
vn -0.7817 -0.2574 0.5680
vn -0.7374 -0.4114 0.5357
vn -0.7272 -0.3013 0.6168
vn -0.8113 -0.3013 0.5010
vn -0.6131 -0.3716 0.6971
vn -0.6724 -0.4601 0.5797
vn -0.5738 -0.4727 0.6688
vn -0.6833 -0.3327 0.6499
vn -0.7162 -0.6440 0.2688
vn -0.6964 -0.5856 0.4148
vn -0.7720 -0.5554 0.3090
vn -0.6519 -0.6874 0.3202
vn -0.5359 -0.7491 0.3894
vn -0.6274 -0.6313 0.4559
vn -0.6041 -0.7157 0.3505
vn -0.5200 -0.7157 0.4662
vn -0.4769 -0.6440 0.5982
vn -0.6097 -0.5856 0.5342
vn -0.5060 -0.6874 0.5211
vn -0.5325 -0.5554 0.6388
vt 1.000000 0.565158
vt 0.416060 0.000000
vt 1.000000 0.000000
vt 0.588222 0.469440
vt 0.567793 0.554705
vt 0.565158 0.565158
vt 0.000000 0.000000
vt 0.660557 0.000000
vt 0.654792 0.056470
vt 0.644629 0.146258
vt 0.619462 0.309410
vt 0.473627 0.147024
vt 0.303264 0.000000
vt 1.000000 0.583940
vt 0.917905 0.517922
vt 0.699006 0.337027
vt 0.925873 0.377109
vt 1.000000 0.390522
vt 1.000000 1.000000
vt 0.269124 0.268632
vt 0.552504 0.313450
vt 0.805898 0.354320
vt 1.000000 0.339443
vt 0.390522 0.390522
vt 1.000000 0.329377
vt 0.303399 0.303264
vt 0.474153 0.304810
vt 0.699998 0.312021
vt 0.919360 0.323212
vt 0.936888 0.185286
vt 1.000000 0.176028
vt 0.329377 0.329377
vt 0.388503 0.310669
vt 0.481672 0.282515
vt 0.658284 0.238006
vt 0.838282 0.200986
vt 0.792905 0.240017
vt 1.000000 0.268542
vt 0.176028 0.176028
vt 0.267549 0.182884
vt 0.523778 0.208423
vt 0.868105 0.181087
vt 0.867200 0.172765
vt 0.880051 0.174228
vt 0.873540 0.189195
vt 0.868680 0.186390
vt 0.909091 0.157461
vt 0.896110 0.179946
vt 0.883128 0.157461
vt 0.873540 0.189195
vt 0.886463 0.196654
vt 0.866474 0.157461
vt 0.867200 0.172765
vt 0.909091 0.190994
vt 0.918791 0.204107
vt 0.909071 0.209700
vt 0.899387 0.204112
vt 0.922072 0.179946
vt 0.931724 0.196663
vt 0.944640 0.189191
vt 0.938131 0.174228
vt 0.951044 0.172758
vt 0.950124 0.181114
vt 0.949550 0.186346
vt 0.935054 0.157461
vt 0.922072 0.179946
vt 0.951792 0.157461
vt 0.944640 0.189191
vt 0.934387 0.195130
vt 0.931724 0.196663
vt 0.868659 0.128501
vt 0.873524 0.125690
vt 0.880051 0.140694
vt 0.867187 0.142158
vt 0.868086 0.133824
vt 0.883128 0.157461
vt 0.896110 0.134976
vt 0.866474 0.157461
vt 0.886441 0.118229
vt 0.909099 0.105143
vt 0.918830 0.110762
vt 0.909091 0.123928
vt 0.899357 0.110769
vt 0.896110 0.134976
vt 0.922073 0.134976
vt 0.899357 0.110769
vt 0.886441 0.118229
vt 0.931746 0.118221
vt 0.949626 0.128545
vt 0.950096 0.132720
vt 0.950207 0.133759
vt 0.951102 0.142170
vt 0.938131 0.140694
vt 0.944662 0.125679
vt 0.922072 0.134976
vt 0.931746 0.118221
vt 0.951792 0.157461
s 0
f 2591/3806/1694 2592/3807/1694 2547/3808/1694
f 2593/3809/1695 2595/3810/1695 2591/3811/1695 2547/3812/1695 2597/3813/1695 2596/3814/1695 2598/3815/1695 2594/3816/1695
f 2599/3817/1696 2608/3818/1696 2547/3808/1696 2592/3819/1696 2601/3820/1696 2600/3821/1696
f 2602/3822/1697 2604/3823/1697 2547/3824/1697 2619/3825/1697 2603/3826/1697
f 2605/3827/1698 2597/3828/1698 2547/3824/1698 2604/3829/1698
f 2607/3830/1699 2547/3824/1699 2608/3831/1699 2609/3832/1699 2610/3833/1699 2606/3834/1699
f 2611/3835/1700 2613/3836/1700 2547/3824/1700 2607/3837/1700 2614/3838/1700 2615/3839/1700 2616/3840/1700 2612/3841/1700
f 2617/3842/1701 2619/3843/1701 2547/3824/1701 2613/3844/1701 2620/3845/1701 2618/3846/1701
f 2582/3847/1702 2583/3848/1702 2555/3849/1702 2588/3850/1702 2584/3851/1702
f 2548/3852/1703 2551/3853/1703 2555/3849/1703 2549/3854/1703
f 2588/3855/1704 2555/3849/1704 2551/3853/1704 2590/3856/1704
f 2587/3857/1705 2549/3854/1705 2555/3849/1705 2583/3858/1705
f 2556/3859/1706 2575/3860/1706 2572/3861/1706 2589/3862/1706
f 2548/3852/1707 2552/3863/1707 2556/3859/1707 2551/3853/1707
f 2556/3859/1708 2552/3863/1708 2573/3864/1708 2575/3860/1708
f 2551/3853/1709 2556/3859/1709 2589/3862/1709 2590/3856/1709
f 2576/3865/1710 2557/3866/1710 2564/3867/1710 2563/3868/1710 2565/3869/1710
f 2548/3852/1711 2550/3870/1711 2557/3866/1711 2552/3871/1711
f 2564/3867/1712 2557/3866/1712 2550/3870/1712 2568/3872/1712
f 2552/3871/1713 2557/3866/1713 2576/3873/1713 2574/3874/1713 2573/3875/1713
f 2578/3876/1714 2577/3877/1714 2558/3878/1714 2586/3879/1714 2585/3880/1714
f 2548/3852/1715 2549/3881/1715 2558/3878/1715 2553/3882/1715
f 2586/3879/1716 2558/3878/1716 2549/3881/1716 2587/3883/1716
f 2553/3882/1717 2558/3878/1717 2577/3877/1717 2581/3884/1717
f 2579/3885/1718 2570/3886/1718 2559/3887/1718 2580/3888/1718
f 2548/3852/1719 2553/3889/1719 2559/3887/1719 2554/3890/1719
f 2580/3891/1720 2559/3887/1720 2553/3889/1720 2581/3892/1720
f 2571/3893/1721 2554/3890/1721 2559/3887/1721 2570/3886/1721
f 2562/3894/1722 2561/3895/1722 2566/3896/1722 2567/3897/1722 2560/3898/1722 2569/3899/1722
f 2548/3852/1723 2554/3900/1723 2560/3898/1723 2550/3870/1723
f 2569/3899/1724 2560/3898/1724 2554/3900/1724 2571/3901/1724
f 2568/3902/1725 2550/3870/1725 2560/3898/1725 2567/3897/1725
o Icosphere_cell.019
v -0.083535 1.885333 0.011936
v -0.232748 1.102110 -0.449013
v -0.189693 1.029320 -0.316503
v -0.272121 1.194177 -0.570193
v -0.073424 1.073355 -0.419333
v -0.116013 1.158533 -0.550409
v -0.386788 1.158533 -0.462430
v -0.344199 1.073356 -0.331354
v -0.283466 1.026766 -0.262342
v -0.081994 1.026766 -0.327803
v -0.026440 1.125640 -0.500755
v -0.175205 1.213189 -0.614681
v -0.376678 1.213189 -0.549220
v -0.430069 1.125640 -0.369610
v -0.331314 1.013116 -0.168336
v -0.300534 1.007626 -0.179968
v -0.161162 0.995955 -0.228691
v -0.251916 1.000337 -0.197926
v 0.011844 1.013051 -0.279734
v -0.019695 1.007603 -0.271125
v -0.069647 1.000316 -0.257091
v 0.021356 1.025561 -0.309090
v 0.089247 1.155136 -0.518735
v 0.071083 1.114238 -0.462628
v 0.046156 1.066486 -0.385654
v 0.037979 1.179710 -0.563463
v -0.029532 1.216924 -0.617249
v -0.094879 1.256889 -0.665163
v -0.118794 1.273453 -0.680657
v -0.461736 1.273761 -0.569408
v -0.431602 1.269870 -0.583629
v -0.384169 1.264740 -0.604870
v -0.294028 1.261610 -0.637618
v -0.201790 1.264615 -0.663988
v -0.151085 1.269660 -0.674580
v -0.534760 1.155348 -0.316017
v -0.519553 1.180020 -0.382550
v -0.496608 1.217229 -0.465689
v -0.471966 1.257180 -0.542803
v -0.421282 1.066475 -0.233648
v -0.486738 1.114203 -0.281160
v -0.356159 1.025561 -0.186373
v -0.161162 0.995955 -0.228691
v -0.069647 1.000316 -0.257091
v -0.019695 1.007603 -0.271125
v 0.011844 1.013051 -0.279734
v -0.331314 1.013116 -0.168336
v -0.300534 1.007626 -0.179968
v -0.251916 1.000337 -0.197926
v 0.071083 1.114238 -0.462628
v 0.046156 1.066486 -0.385654
v 0.089247 1.155136 -0.518735
v 0.021356 1.025561 -0.309090
v 0.037979 1.179710 -0.563463
v -0.029532 1.216924 -0.617249
v -0.094879 1.256889 -0.665163
v -0.118794 1.273453 -0.680657
v -0.431602 1.269870 -0.583629
v -0.384169 1.264740 -0.604870
v -0.461736 1.273761 -0.569408
v -0.151085 1.269660 -0.674580
v -0.201790 1.264615 -0.663988
v -0.294028 1.261610 -0.637618
v -0.471966 1.257180 -0.542803
v -0.496608 1.217229 -0.465689
v -0.519553 1.180020 -0.382550
v -0.421282 1.066475 -0.233648
v -0.356159 1.025561 -0.186373
v -0.534760 1.155348 -0.316017
v -0.486738 1.114203 -0.281160
vn 0.2969 -0.2735 0.9149
vn 0.9512 0.0008 0.3086
vn 0.6881 0.5260 -0.4998
vn -0.2075 0.7383 -0.6417
vn -0.8507 0.5256 0.0005
vn -0.5876 -0.0003 0.8092
vn -0.2557 -0.9286 -0.2688
vn -0.2123 -0.8848 -0.4148
vn -0.1515 -0.9389 -0.3090
vn -0.3233 -0.8905 -0.3202
vn 0.0489 -0.9286 -0.3677
vn -0.0721 -0.8848 -0.4604
vn 0.0733 -0.8905 -0.4491
vn -0.0591 -0.9389 -0.3390
vn 0.1194 -0.8144 -0.5680
vn -0.0382 -0.8435 -0.5357
vn 0.0557 -0.7852 -0.6168
vn 0.0933 -0.8604 -0.5010
vn -0.0581 -0.7146 -0.6971
vn -0.1108 -0.8072 -0.5797
vn -0.1662 -0.7246 -0.6688
vn 0.0080 -0.7600 -0.6499
vn -0.3628 -0.7146 -0.5981
vn -0.2511 -0.8072 -0.5342
vn -0.3885 -0.7600 -0.5210
vn -0.2587 -0.7246 -0.6388
vn -0.4304 -0.8144 -0.3893
vn -0.2840 -0.8435 -0.4559
vn -0.3700 -0.8604 -0.3505
vn -0.4076 -0.7852 -0.4662
vt 0.798666 0.154216
vt 0.921940 0.161179
vt 1.000000 0.166385
vt 1.000000 1.000000
vt 0.166452 0.166452
vt 0.239762 0.161205
vt 0.355922 0.154238
vt 0.575210 0.150050
vt 0.790951 0.263367
vt 1.000000 0.302542
vt 0.166385 0.166385
vt 0.260030 0.178385
vt 0.518948 0.217612
vt 0.699669 0.317466
vt 0.919271 0.331978
vt 1.000000 0.339335
vt 0.303510 0.302560
vt 0.473562 0.306772
vt 0.937347 0.404487
vt 1.000000 0.415391
vt 0.339335 0.339335
vt 0.396990 0.342321
vt 0.488611 0.348005
vt 0.662629 0.365088
vt 0.839911 0.388409
vt 0.415391 0.415391
vt 0.480324 0.399576
vt 0.661591 0.361479
vt 0.851996 0.326007
vt 1.000000 0.302495
vt 0.918822 0.178359
vt 1.000000 0.166452
vt 0.302495 0.302495
vt 0.473290 0.263145
vt 0.699299 0.217496
vt 0.722813 0.055050
vt 0.727148 0.058169
vt 0.727150 0.063820
vt 0.710701 0.062237
vt 0.716010 0.050101
vt 0.681818 0.078731
vt 0.693182 0.059048
vt 0.707742 0.078799
vt 0.702929 0.042166
vt 0.716011 0.050101
vt 0.727157 0.078731
vt 0.727150 0.063820
vt 0.545591 0.058138
vt 0.549901 0.055042
vt 0.556714 0.050092
vt 0.562027 0.062237
vt 0.545596 0.063818
vt 0.590909 0.078731
vt 0.564986 0.078799
vt 0.579546 0.059048
vt 0.545606 0.078731
vt 0.556714 0.050092
vt 0.569799 0.042166
vt 0.545627 0.104811
vt 0.545617 0.093648
vt 0.561869 0.095497
vt 0.555371 0.110436
vt 0.577889 0.101147
vt 0.568296 0.117897
vt 0.581220 0.125355
vt 0.590752 0.111991
vt 0.598566 0.122601
vt 0.590920 0.125994
vt 0.586091 0.128167
vt 0.602273 0.098413
vt 0.577889 0.101147
vt 0.611987 0.115238
vt 0.568296 0.117897
vt 0.581220 0.125355
vt 0.686701 0.128259
vt 0.681808 0.126046
vt 0.674143 0.122627
vt 0.681976 0.111991
vt 0.691571 0.125444
vt 0.694839 0.101147
vt 0.670455 0.098413
vt 0.704482 0.117984
vt 0.691571 0.125444
vt 0.674143 0.122627
vt 0.660741 0.115238
vt 0.727132 0.104893
vt 0.717394 0.110522
vt 0.710859 0.095497
vt 0.727162 0.093642
vt 0.707742 0.078799
vt 0.694839 0.101147
vt 0.717394 0.110522
vt 0.704482 0.117984
s 0
f 2664/3903/1726 2665/3904/1726 2666/3905/1726 2621/3906/1726 2667/3907/1726 2668/3908/1726 2669/3909/1726 2663/3910/1726
f 2670/3911/1727 2672/3912/1727 2621/3906/1727 2666/3913/1727 2673/3914/1727 2671/3915/1727
f 2675/3916/1728 2676/3917/1728 2677/3918/1728 2621/3906/1728 2672/3919/1728 2674/3920/1728
f 2678/3921/1729 2680/3922/1729 2621/3906/1729 2677/3923/1729 2681/3924/1729 2682/3925/1729 2683/3926/1729 2679/3927/1729
f 2621/3906/1730 2680/3928/1730 2684/3929/1730 2685/3930/1730 2686/3931/1730 2689/3932/1730
f 2688/3933/1731 2667/3934/1731 2621/3906/1731 2689/3935/1731 2690/3936/1731 2687/3937/1731
f 2636/3938/1732 2635/3939/1732 2662/3940/1732 2629/3941/1732 2638/3942/1732
f 2622/3943/1733 2623/3944/1733 2629/3941/1733 2628/3945/1733
f 2629/3941/1734 2623/3944/1734 2637/3946/1734 2638/3947/1734
f 2660/3948/1735 2628/3945/1735 2629/3941/1735 2662/3949/1735
f 2639/3950/1736 2640/3951/1736 2641/3952/1736 2630/3953/1736 2642/3954/1736
f 2622/3955/1737 2625/3956/1737 2630/3953/1737 2623/3957/1737
f 2642/3954/1738 2630/3953/1738 2625/3956/1738 2645/3958/1738
f 2623/3957/1739 2630/3953/1739 2641/3959/1739 2637/3960/1739
f 2643/3961/1740 2644/3962/1740 2631/3963/1740 2646/3964/1740
f 2622/3955/1741 2626/3965/1741 2631/3963/1741 2625/3956/1741
f 2646/3964/1742 2631/3963/1742 2626/3965/1742 2647/3966/1742
f 2625/3956/1743 2631/3963/1743 2644/3962/1743 2645/3958/1743
f 2648/3967/1744 2632/3968/1744 2654/3969/1744 2655/3970/1744 2649/3971/1744
f 2622/3955/1745 2624/3972/1745 2632/3968/1745 2626/3973/1745
f 2632/3968/1746 2624/3972/1746 2653/3974/1746 2654/3969/1746
f 2647/3975/1747 2626/3973/1747 2632/3968/1747 2648/3976/1747
f 2650/3977/1748 2651/3978/1748 2652/3979/1748 2633/3980/1748 2659/3981/1748
f 2622/3943/1749 2627/3982/1749 2633/3980/1749 2624/3983/1749
f 2633/3980/1750 2627/3982/1750 2658/3984/1750 2659/3985/1750
f 2624/3983/1751 2633/3980/1751 2652/3986/1751 2653/3987/1751
f 2656/3988/1752 2657/3989/1752 2634/3990/1752 2661/3991/1752
f 2622/3943/1753 2628/3992/1753 2634/3990/1753 2627/3993/1753
f 2661/3991/1754 2634/3990/1754 2628/3992/1754 2660/3948/1754
f 2627/3993/1755 2634/3990/1755 2657/3994/1755 2658/3995/1755
o Icosphere_cell.020
v -0.084949 1.887081 0.012107
v -0.718979 1.402617 -0.449014
v -0.619022 1.408573 -0.570194
v -0.803341 1.408574 -0.316504
v -0.720719 1.532262 -0.550411
v -0.815951 1.532262 -0.419335
v -0.599623 1.290072 -0.462430
v -0.694856 1.290073 -0.331355
v -0.645360 1.503761 -0.614683
v -0.790199 1.597668 -0.500757
v -0.853791 1.503762 -0.327804
v -0.555258 1.323557 -0.549220
v -0.609689 1.236651 -0.369610
v -0.763689 1.323559 -0.262342
v -0.732307 1.258104 -0.186491
v -0.754892 1.275014 -0.168169
v -0.594606 1.180958 -0.281332
v -0.536402 1.156446 -0.316158
v -0.666580 1.218156 -0.233791
v -0.521218 1.181051 -0.382523
v -0.498250 1.218265 -0.465682
v -0.463227 1.275002 -0.569739
v -0.473581 1.258230 -0.542826
v -0.479818 1.299723 -0.583711
v -0.505635 1.339965 -0.605055
v -0.548638 1.419176 -0.637881
v -0.587084 1.502975 -0.664321
v -0.605335 1.550946 -0.675038
v -0.616364 1.581558 -0.681150
v -0.815609 1.714562 -0.518764
v -0.770588 1.679707 -0.563648
v -0.707119 1.636099 -0.617491
v -0.642179 1.595662 -0.665448
v -0.901008 1.595508 -0.309123
v -0.907904 1.581404 -0.279858
v -0.875553 1.636111 -0.385667
v -0.844061 1.679875 -0.462595
v -0.898713 1.550831 -0.271226
v -0.882948 1.502977 -0.257145
v -0.773214 1.299638 -0.179637
v -0.801551 1.340008 -0.197733
v -0.845981 1.419182 -0.228617
v -0.732307 1.258104 -0.186491
v -0.754892 1.275014 -0.168169
v -0.666580 1.218156 -0.233791
v -0.594606 1.180958 -0.281332
v -0.536402 1.156446 -0.316158
v -0.498250 1.218265 -0.465682
v -0.473581 1.258230 -0.542826
v -0.463227 1.275002 -0.569739
v -0.521218 1.181051 -0.382523
v -0.587084 1.502975 -0.664321
v -0.605335 1.550946 -0.675038
v -0.616364 1.581558 -0.681150
v -0.479818 1.299723 -0.583711
v -0.505635 1.339965 -0.605055
v -0.548638 1.419176 -0.637881
v -0.770588 1.679707 -0.563648
v -0.707119 1.636099 -0.617491
v -0.642179 1.595662 -0.665448
v -0.901008 1.595508 -0.309123
v -0.875553 1.636111 -0.385667
v -0.907904 1.581404 -0.279858
v -0.815609 1.714562 -0.518764
v -0.844061 1.679875 -0.462595
v -0.801551 1.340008 -0.197733
v -0.845981 1.419182 -0.228617
v -0.773214 1.299638 -0.179637
v -0.898713 1.550831 -0.271226
v -0.882948 1.502977 -0.257145
vn 0.2627 -0.5258 0.8090
vn 0.8507 -0.5256 -0.0002
vn 0.7539 0.1436 -0.6411
vn 0.1616 0.8514 -0.4991
vn -0.4256 0.8503 0.3095
vn -0.3781 0.1445 0.9144
vn -0.6132 -0.3716 -0.6971
vn -0.6724 -0.4601 -0.5797
vn -0.6833 -0.3327 -0.6499
vn -0.5738 -0.4727 -0.6688
vn -0.7818 -0.2574 -0.5680
vn -0.7374 -0.4114 -0.5357
vn -0.8113 -0.3013 -0.5010
vn -0.7272 -0.3013 -0.6167
vn -0.8525 -0.3716 -0.3677
vn -0.7592 -0.4601 -0.4604
vn -0.8134 -0.4727 -0.3390
vn -0.8293 -0.3327 -0.4491
vn -0.4769 -0.6440 -0.5982
vn -0.6097 -0.5856 -0.5342
vn -0.5325 -0.5554 -0.6388
vn -0.5060 -0.6874 -0.5211
vn -0.5359 -0.7491 -0.3893
vn -0.6274 -0.6313 -0.4559
vn -0.5200 -0.7157 -0.4662
vn -0.6041 -0.7157 -0.3505
vn -0.7163 -0.6440 -0.2688
vn -0.6964 -0.5856 -0.4148
vn -0.6519 -0.6874 -0.3202
vn -0.7720 -0.5554 -0.3090
vt 0.405137 0.322880
vt 0.613014 0.311671
vt 0.831349 0.304439
vt 1.000000 0.302879
vt 1.000000 1.000000
vt 0.329183 0.329183
vt 0.918434 0.399935
vt 1.000000 0.415929
vt 0.303332 0.302939
vt 0.473706 0.326340
vt 0.699304 0.361824
vt 0.945304 0.342143
vt 1.000000 0.339064
vt 0.415929 0.415929
vt 0.466640 0.405157
vt 0.548174 0.388905
vt 0.702015 0.365341
vt 0.858768 0.348012
vt 0.833031 0.280989
vt 1.000000 0.268477
vt 0.339064 0.339064
vt 0.413214 0.327679
vt 0.617938 0.302587
vt 0.914606 0.182631
vt 1.000000 0.175683
vt 0.268477 0.268477
vt 0.446918 0.239893
vt 0.684162 0.208237
vt 0.801169 0.282393
vt 0.923581 0.310810
vt 1.000000 0.329183
vt 0.175683 0.175683
vt 0.247679 0.184911
vt 0.362698 0.200737
vt 0.579906 0.237829
vt 0.686202 0.181136
vt 0.685298 0.172755
vt 0.698233 0.174228
vt 0.691699 0.189248
vt 0.686770 0.186410
vt 0.727273 0.157461
vt 0.714292 0.179946
vt 0.701310 0.157461
vt 0.704625 0.196688
vt 0.684584 0.157461
vt 0.685298 0.172755
vt 0.727273 0.209720
vt 0.717556 0.204129
vt 0.727273 0.190994
vt 0.737010 0.204156
vt 0.740254 0.179946
vt 0.714292 0.179946
vt 0.749922 0.196690
vt 0.704625 0.196688
vt 0.717556 0.204129
vt 0.767740 0.186387
vt 0.762836 0.189223
vt 0.756314 0.174228
vt 0.769230 0.172758
vt 0.768315 0.181119
vt 0.753236 0.157461
vt 0.740254 0.179946
vt 0.769969 0.157461
vt 0.762836 0.189223
vt 0.749922 0.196690
vt 0.686220 0.133796
vt 0.686788 0.128557
vt 0.691715 0.125710
vt 0.698233 0.140694
vt 0.685310 0.142165
vt 0.714292 0.134976
vt 0.685310 0.142165
vt 0.691715 0.125710
vt 0.704633 0.118247
vt 0.727299 0.105151
vt 0.737013 0.110761
vt 0.727273 0.123928
vt 0.717550 0.110784
vt 0.714292 0.134976
vt 0.740254 0.134976
vt 0.717550 0.110784
vt 0.737013 0.110761
vt 0.749928 0.118221
vt 0.756314 0.140694
vt 0.762844 0.125681
vt 0.767813 0.128551
vt 0.768370 0.133770
vt 0.769269 0.142169
vt 0.740254 0.134976
vt 0.753236 0.157461
vt 0.749928 0.118221
vt 0.762844 0.125681
vt 0.769269 0.142169
vt 0.769968 0.157461
s 0
f 2733/3996/1756 2735/3997/1756 2736/3998/1756 2737/3999/1756 2691/4000/1756 2734/4001/1756
f 2739/4002/1757 2740/4003/1757 2691/4000/1757 2737/4004/1757 2741/4005/1757 2738/4006/1757
f 2743/4007/1758 2744/4008/1758 2691/4000/1758 2740/4009/1758 2745/4010/1758 2746/4011/1758 2747/4012/1758 2742/4013/1758
f 2748/4014/1759 2754/4015/1759 2691/4000/1759 2744/4016/1759 2750/4017/1759 2749/4018/1759
f 2751/4019/1760 2753/4020/1760 2691/4000/1760 2754/4021/1760 2755/4022/1760 2752/4023/1760
f 2756/4024/1761 2758/4025/1761 2734/4026/1761 2691/4000/1761 2753/4027/1761 2759/4028/1761 2760/4029/1761 2757/4030/1761
f 2718/4031/1762 2717/4032/1762 2699/4033/1762 2723/4034/1762 2719/4035/1762
f 2692/4036/1763 2695/4037/1763 2699/4033/1763 2693/4038/1763
f 2723/4034/1764 2699/4033/1764 2695/4037/1764 2722/4039/1764
f 2716/4040/1765 2693/4038/1765 2699/4033/1765 2717/4041/1765
f 2720/4042/1766 2721/4043/1766 2700/4044/1766 2727/4045/1766
f 2692/4036/1767 2696/4046/1767 2700/4044/1767 2695/4047/1767
f 2700/4044/1768 2696/4046/1768 2726/4048/1768 2727/4045/1768
f 2722/4049/1769 2695/4047/1769 2700/4044/1769 2721/4050/1769
f 2725/4051/1770 2724/4052/1770 2701/4053/1770 2729/4054/1770 2728/4055/1770
f 2692/4036/1771 2694/4056/1771 2701/4053/1771 2696/4057/1771
f 2701/4053/1772 2694/4056/1772 2732/4058/1772 2729/4054/1772
f 2696/4057/1773 2701/4053/1773 2724/4059/1773 2726/4060/1773
f 2714/4061/1774 2712/4062/1774 2713/4063/1774 2702/4064/1774 2715/4065/1774
f 2692/4036/1775 2693/4038/1775 2702/4064/1775 2697/4066/1775
f 2715/4067/1776 2702/4064/1776 2693/4038/1776 2716/4040/1776
f 2697/4066/1777 2702/4064/1777 2713/4068/1777 2711/4069/1777
f 2708/4070/1778 2707/4071/1778 2703/4072/1778 2710/4073/1778
f 2692/4036/1779 2697/4074/1779 2703/4072/1779 2698/4075/1779
f 2710/4076/1780 2703/4072/1780 2697/4074/1780 2711/4069/1780
f 2698/4075/1781 2703/4072/1781 2707/4077/1781 2709/4078/1781
f 2704/4079/1782 2705/4080/1782 2706/4081/1782 2730/4082/1782 2731/4083/1782
f 2692/4036/1783 2698/4084/1783 2704/4079/1783 2694/4085/1783
f 2704/4079/1784 2698/4084/1784 2709/4086/1784 2705/4087/1784
f 2694/4085/1785 2704/4079/1785 2731/4088/1785 2732/4089/1785
o Icosphere_cell.021
v -0.081505 1.886345 0.010849
v 0.160620 1.402615 -0.734812
v 0.306756 1.408572 -0.677194
v 0.008527 1.408572 -0.774096
v 0.256516 1.532261 -0.767799
v 0.102427 1.532261 -0.817866
v 0.210262 1.290071 -0.625443
v 0.056174 1.290071 -0.675510
v 0.340929 1.503760 -0.715990
v 0.187822 1.597668 -0.818535
v 0.003684 1.503760 -0.825569
v 0.306513 1.323556 -0.610069
v 0.118874 1.236650 -0.606333
v -0.030731 1.323556 -0.719648
v -0.028595 1.595280 -0.864606
v -0.058668 1.581115 -0.862109
v 0.197773 1.714712 -0.848088
v 0.134996 1.679699 -0.857884
v 0.052086 1.635910 -0.864058
v -0.116960 1.274644 -0.681831
v -0.111659 1.299833 -0.703286
v -0.103369 1.339891 -0.735580
v -0.087892 1.419142 -0.787443
v -0.072354 1.502977 -0.831451
v -0.063937 1.550781 -0.850783
v -0.093209 1.258063 -0.666331
v -0.057122 1.235807 -0.639691
v 0.039458 1.180873 -0.564645
v 0.090602 1.156382 -0.520067
v -0.028023 1.218030 -0.618369
v 0.158553 1.180967 -0.526063
v 0.244762 1.218092 -0.529807
v 0.354551 1.274690 -0.528508
v 0.325751 1.257955 -0.530078
v 0.362796 1.299651 -0.548796
v 0.367428 1.314773 -0.560499
v 0.375120 1.340006 -0.580054
v 0.392942 1.419183 -0.631138
v 0.406107 1.502975 -0.675929
v 0.410601 1.550880 -0.696602
v 0.412944 1.581114 -0.708845
v 0.253853 1.679905 -0.819321
v 0.390026 1.595352 -0.728610
v 0.324486 1.636053 -0.775591
v -0.028595 1.595280 -0.864606
v -0.058668 1.581115 -0.862109
v 0.134996 1.679699 -0.857884
v 0.052086 1.635910 -0.864058
v -0.103369 1.339891 -0.735580
v -0.087892 1.419142 -0.787443
v -0.111659 1.299833 -0.703286
v -0.116960 1.274644 -0.681831
v -0.063937 1.550781 -0.850783
v -0.072354 1.502977 -0.831451
v -0.093209 1.258063 -0.666331
v -0.057122 1.235807 -0.639691
v -0.028023 1.218030 -0.618369
v 0.039458 1.180873 -0.564645
v 0.090602 1.156382 -0.520067
v 0.244762 1.218092 -0.529807
v 0.325751 1.257955 -0.530078
v 0.354551 1.274690 -0.528508
v 0.158553 1.180967 -0.526063
v 0.362796 1.299651 -0.548796
v 0.367428 1.314773 -0.560499
v 0.406107 1.502975 -0.675929
v 0.410601 1.550880 -0.696602
v 0.412944 1.581114 -0.708845
v 0.375120 1.340006 -0.580054
v 0.392942 1.419183 -0.631138
v 0.253853 1.679905 -0.819321
v 0.324486 1.636053 -0.775591
v 0.197773 1.714712 -0.848088
v 0.390026 1.595352 -0.728610
vn -0.4262 0.8504 -0.3085
vn -0.9868 0.1431 -0.0758
vn -0.6909 -0.5240 0.4981
vn -0.6879 -0.5260 0.5002
vn 0.2619 -0.5265 0.8088
vn 0.8428 0.1433 0.5188
vn 0.8431 0.1444 0.5180
vn 0.5268 0.8500 0.0014
vn 0.4735 -0.3716 -0.7986
vn 0.3436 -0.4601 -0.8187
vn 0.4069 -0.3327 -0.8507
vn 0.4588 -0.4727 -0.7524
vn 0.2986 -0.2574 -0.9190
vn 0.2817 -0.4114 -0.8669
vn 0.2258 -0.3013 -0.9264
vn 0.3618 -0.3013 -0.8822
vn 0.0863 -0.3716 -0.9244
vn 0.2033 -0.4601 -0.8643
vn 0.0711 -0.4727 -0.8783
vn 0.1708 -0.3327 -0.9274
vn 0.4215 -0.6440 -0.6384
vn 0.3196 -0.5856 -0.7449
vn 0.4430 -0.5554 -0.7038
vn 0.3392 -0.6874 -0.6422
vn 0.2047 -0.7492 -0.6300
vn 0.2397 -0.6313 -0.7376
vn 0.2827 -0.7157 -0.6386
vn 0.1467 -0.7157 -0.6828
vn 0.0343 -0.6440 -0.7642
vn 0.1793 -0.5856 -0.7905
vn 0.1031 -0.6874 -0.7190
vn 0.0553 -0.5554 -0.8297
vt 1.000000 0.166689
vt 1.000000 1.000000
vt 0.181038 0.179923
vt 0.381253 0.170651
vt 0.646510 0.164787
vt 0.904179 0.164294
vt 0.798303 0.287514
vt 0.921020 0.318349
vt 1.000000 0.338834
vt 0.166689 0.166689
vt 0.238868 0.177505
vt 0.354962 0.195967
vt 0.574529 0.237992
vt 0.338834 0.338834
vt 0.600770 0.353622
vt 1.000000 0.379039
vt 0.379039 0.379039
vt 0.498938 0.362103
vt 0.781601 0.326712
vt 1.000000 0.303392
vt 0.918536 0.399939
vt 1.000000 0.415861
vt 0.304017 0.303474
vt 0.474354 0.326745
vt 0.699712 0.362032
vt 0.415861 0.415861
vt 0.782597 0.439862
vt 1.000000 0.454398
vt 0.941296 0.324824
vt 1.000000 0.313177
vt 0.454399 0.454399
vt 0.509954 0.435773
vt 0.677058 0.387129
vt 0.847385 0.344493
vt 0.827444 0.207510
vt 1.000000 0.179979
vt 0.313177 0.313177
vt 0.390563 0.294279
vt 0.603682 0.249344
vt 0.504400 0.181127
vt 0.503487 0.172756
vt 0.516415 0.174228
vt 0.509903 0.189197
vt 0.504968 0.186336
vt 0.545455 0.157461
vt 0.532474 0.179946
vt 0.519492 0.157461
vt 0.522812 0.196681
vt 0.503487 0.172756
vt 0.502754 0.157461
vt 0.545403 0.209777
vt 0.535715 0.204161
vt 0.545455 0.190994
vt 0.555171 0.204128
vt 0.558436 0.179946
vt 0.568085 0.196658
vt 0.585924 0.186338
vt 0.581002 0.189186
vt 0.574495 0.174228
vt 0.587382 0.172761
vt 0.586485 0.181112
vt 0.571418 0.157461
vt 0.558436 0.179946
vt 0.588091 0.157461
vt 0.587382 0.172761
vt 0.581002 0.189186
vt 0.568085 0.196658
vt 0.504941 0.128486
vt 0.509870 0.125647
vt 0.516415 0.140694
vt 0.503460 0.142169
vt 0.504024 0.136918
vt 0.504366 0.133775
vt 0.532474 0.134976
vt 0.502754 0.157461
vt 0.522792 0.118206
vt 0.545491 0.105136
vt 0.555209 0.110742
vt 0.545455 0.123928
vt 0.535717 0.110764
vt 0.532474 0.134976
vt 0.558436 0.134976
vt 0.568127 0.118192
vt 0.586453 0.133828
vt 0.587360 0.142158
vt 0.574495 0.140694
vt 0.581030 0.125672
vt 0.585873 0.128490
vt 0.558436 0.134976
vt 0.568127 0.118192
vt 0.573881 0.121511
vt 0.588091 0.157461
s 0
f 2806/4090/1786 2761/4091/1786 2833/4092/1786 2807/4093/1786 2808/4094/1786 2805/4095/1786
f 2809/4096/1787 2811/4097/1787 2812/4098/1787 2761/4091/1787 2806/4099/1787 2813/4100/1787 2814/4101/1787 2810/4102/1787
f 2761/4091/1788 2812/4103/1788 2815/4104/1788 2816/4105/1788
f 2761/4091/1789 2816/4106/1789 2817/4107/1789 2818/4108/1789 2819/4109/1789
f 2821/4110/1790 2822/4111/1790 2761/4091/1790 2819/4112/1790 2823/4113/1790 2820/4114/1790
f 2761/4091/1791 2822/4115/1791 2824/4116/1791 2825/4117/1791
f 2827/4118/1792 2828/4119/1792 2761/4091/1792 2825/4120/1792 2829/4121/1792 2830/4122/1792 2826/4123/1792
f 2831/4124/1793 2833/4125/1793 2761/4091/1793 2828/4126/1793 2834/4127/1793 2832/4128/1793
f 2800/4129/1794 2799/4130/1794 2769/4131/1794 2803/4132/1794 2801/4133/1794
f 2762/4134/1795 2765/4135/1795 2769/4131/1795 2763/4136/1795
f 2803/4132/1796 2769/4131/1796 2765/4135/1796 2804/4137/1796
f 2763/4136/1797 2769/4131/1797 2799/4138/1797 2798/4139/1797
f 2777/4140/1798 2802/4141/1798 2770/4142/1798 2778/4143/1798
f 2762/4134/1799 2766/4144/1799 2770/4142/1799 2765/4135/1799
f 2770/4142/1800 2766/4144/1800 2779/4145/1800 2778/4143/1800
f 2765/4135/1801 2770/4142/1801 2802/4141/1801 2804/4137/1801
f 2776/4146/1802 2775/4147/1802 2771/4148/1802 2784/4149/1802 2785/4150/1802
f 2762/4134/1803 2764/4151/1803 2771/4148/1803 2766/4152/1803
f 2771/4148/1804 2764/4151/1804 2783/4153/1804 2784/4154/1804
f 2766/4152/1805 2771/4148/1805 2775/4155/1805 2779/4156/1805
f 2793/4157/1806 2794/4158/1806 2772/4159/1806 2797/4160/1806 2796/4161/1806 2795/4162/1806
f 2762/4134/1807 2763/4136/1807 2772/4159/1807 2767/4163/1807
f 2797/4160/1808 2772/4159/1808 2763/4136/1808 2798/4164/1808
f 2767/4163/1809 2772/4159/1809 2794/4158/1809 2792/4165/1809
f 2789/4166/1810 2788/4167/1810 2773/4168/1810 2791/4169/1810
f 2762/4134/1811 2767/4170/1811 2773/4168/1811 2768/4171/1811
f 2773/4168/1812 2767/4170/1812 2792/4165/1812 2791/4169/1812
f 2790/4172/1813 2768/4171/1813 2773/4168/1813 2788/4167/1813
f 2781/4173/1814 2782/4174/1814 2774/4175/1814 2786/4176/1814 2780/4177/1814
f 2762/4134/1815 2768/4178/1815 2774/4175/1815 2764/4151/1815
f 2786/4176/1816 2774/4175/1816 2768/4178/1816 2790/4179/1816 2787/4180/1816
f 2783/4181/1817 2764/4151/1817 2774/4175/1817 2782/4174/1817
o Icosphere_cell.022
v -0.079119 1.889145 0.014683
v 0.797102 1.888850 0.299211
v 0.760853 1.755476 0.374104
v 0.811797 2.022225 0.217316
v 0.731053 1.894780 0.449858
v 0.757375 2.032603 0.368849
v 0.832215 1.882921 0.138515
v 0.805893 1.745098 0.219523
v 0.776163 1.682341 0.295679
v 0.720478 1.793714 0.467062
v 0.715014 2.000412 0.462337
v 0.778086 2.095359 0.289762
v 0.833772 1.983986 0.118380
v 0.826574 1.777289 0.118992
v 0.663401 1.773077 0.553791
v 0.677001 1.754434 0.529679
v 0.697067 1.725573 0.491318
v 0.726192 1.674026 0.415770
v 0.747393 1.624608 0.336299
v 0.754380 1.599148 0.291232
v 0.758018 1.583267 0.262368
v 0.769622 1.597314 0.234641
v 0.793999 1.637802 0.157688
v 0.813716 1.681447 0.076878
v 0.823747 1.716222 0.014346
v 0.679837 2.096310 0.488866
v 0.711314 2.140112 0.411970
v 0.736747 2.180737 0.335486
v 0.743629 2.194837 0.306268
v 0.757790 2.178793 0.280529
v 0.778688 2.153252 0.239852
v 0.808240 2.103834 0.163128
v 0.829078 2.052288 0.084917
v 0.835407 2.023355 0.041995
v 0.838585 2.004669 0.014439
v 0.659747 1.989862 0.551063
v 0.651472 2.061154 0.545031
v 0.665489 1.805780 0.555295
v 0.665011 1.896107 0.554917
v 0.834040 1.787876 0.014367
v 0.840559 1.881591 0.014397
v 0.841165 1.971892 0.014427
v 0.697067 1.725573 0.491318
v 0.726192 1.674026 0.415770
v 0.677001 1.754434 0.529679
v 0.663401 1.773077 0.553791
v 0.754380 1.599148 0.291232
v 0.758018 1.583267 0.262368
v 0.747393 1.624608 0.336299
v 0.769622 1.597314 0.234641
v 0.793999 1.637802 0.157688
v 0.813716 1.681447 0.076878
v 0.823747 1.716222 0.014346
v 0.679837 2.096310 0.488866
v 0.711314 2.140112 0.411970
v 0.736747 2.180737 0.335486
v 0.743629 2.194837 0.306268
v 0.829078 2.052288 0.084917
v 0.835407 2.023355 0.041995
v 0.838585 2.004669 0.014439
v 0.757790 2.178793 0.280529
v 0.778688 2.153252 0.239852
v 0.808240 2.103834 0.163128
v 0.665489 1.805780 0.555295
v 0.665011 1.896107 0.554917
v 0.659747 1.989862 0.551063
v 0.651472 2.061154 0.545031
v 0.841165 1.971892 0.014427
v 0.840559 1.881591 0.014397
v 0.834040 1.787876 0.014367
vn -0.4164 -0.8177 0.3974
vn -0.1632 -0.8509 -0.4994
vn -0.4262 0.8494 0.3111
vn -0.1031 0.8177 -0.5664
vn -0.5875 0.0003 0.8092
vn -0.0003 0.0003 -1.0000
vn 0.9276 -0.2574 0.2707
vn 0.9533 -0.1015 0.2846
vn 0.9096 -0.1989 0.3647
vn 0.9573 -0.2152 0.1932
vn 0.8434 -0.0890 0.5298
vn 0.9145 -0.0240 0.4039
vn 0.8477 0.0040 0.5305
vn 0.8841 -0.1478 0.4434
vn 0.8345 0.1520 0.5296
vn 0.9091 0.0680 0.4110
vn 0.8675 0.1889 0.4602
vn 0.8443 0.0672 0.5317
vn 0.9096 0.2574 0.3263
vn 0.9385 0.1015 0.3301
vn 0.9503 0.1989 0.2396
vn 0.8880 0.2152 0.4064
vn 0.9938 0.0890 0.0671
vn 0.9772 0.0240 0.2108
vn 0.9976 -0.0040 0.0691
vn 0.9758 0.1478 0.1609
vn 0.9864 -0.1519 0.0620
vn 0.9771 -0.0680 0.2019
vn 0.9723 -0.1889 0.1376
vn 0.9955 -0.0672 0.0661
vt 0.424493 0.202433
vt 0.321273 0.079156
vt 0.255713 0.000000
vt 1.000000 0.000000
vt 1.000000 0.838746
vt 0.930233 0.765365
vt 0.820406 0.648588
vt 0.620609 0.427642
vt 0.850464 0.744987
vt 0.838746 0.838746
vt 0.000000 0.000000
vt 0.905388 0.000000
vt 0.895145 0.211475
vt 0.875136 0.484755
vt 0.760652 0.207069
vt 0.792208 0.476163
vt 0.817706 0.732306
vt 0.824607 0.824607
vt 0.732156 0.000000
vt 0.160834 0.077867
vt 0.079740 0.000000
vt 1.000000 0.824607
vt 0.913036 0.751881
vt 0.777086 0.636947
vt 0.530545 0.420155
vt 0.288533 0.199156
vt 0.732156 0.732156
vt 0.744287 0.000000
vt 0.746366 0.084359
vt 0.745853 0.314872
vt 0.740539 0.552229
vt 1.000000 1.000000
vt 0.079740 0.079740
vt 0.181733 0.077152
vt 0.467383 0.077757
vt 0.767398 0.084292
vt 1.000000 0.094612
vt 0.318183 0.202658
vt 0.310473 0.192236
vt 0.318150 0.188836
vt 0.323005 0.186685
vt 0.327908 0.189510
vt 0.318183 0.236191
vt 0.305201 0.213707
vt 0.331164 0.213706
vt 0.296871 0.199278
vt 0.340833 0.196958
vt 0.327908 0.189510
vt 0.272925 0.221270
vt 0.272924 0.215674
vt 0.277238 0.212514
vt 0.283985 0.207569
vt 0.289142 0.219424
vt 0.292220 0.236191
vt 0.305201 0.213706
vt 0.272929 0.236191
vt 0.283985 0.207569
vt 0.289142 0.252958
vt 0.282605 0.267986
vt 0.272934 0.262315
vt 0.272932 0.251113
vt 0.305201 0.258676
vt 0.292220 0.236191
vt 0.295512 0.275457
vt 0.272929 0.236191
vt 0.313313 0.285759
vt 0.308417 0.282926
vt 0.318183 0.269724
vt 0.325913 0.280175
vt 0.318215 0.283586
vt 0.331164 0.258676
vt 0.339510 0.273132
vt 0.295512 0.275457
vt 0.363477 0.256716
vt 0.359154 0.259884
vt 0.352392 0.264841
vt 0.347223 0.252958
vt 0.363479 0.251108
vt 0.344145 0.236191
vt 0.363484 0.236191
vt 0.352392 0.264841
vt 0.363489 0.221276
vt 0.347223 0.219424
vt 0.353756 0.204405
vt 0.363492 0.210031
vt 0.331164 0.213707
vt 0.344145 0.236191
vt 0.353756 0.204405
vt 0.340833 0.196958
vt 0.363484 0.236191
s 0
f 2877/4182/1818 2879/4183/1818 2880/4184/1818 2835/4185/1818 2882/4186/1818 2881/4187/1818 2883/4188/1818 2878/4189/1818
f 2884/4190/1819 2882/4191/1819 2835/4192/1819 2887/4193/1819 2886/4194/1819 2885/4195/1819
f 2888/4196/1820 2889/4197/1820 2890/4198/1820 2891/4199/1820 2835/4192/1820 2901/4200/1820
f 2893/4201/1821 2894/4202/1821 2835/4185/1821 2891/4203/1821 2895/4204/1821 2896/4205/1821 2897/4206/1821 2892/4207/1821
f 2901/4208/1822 2835/4192/1822 2880/4209/1822 2898/4210/1822 2899/4211/1822 2900/4212/1822
f 2835/4213/1823 2894/4214/1823 2902/4215/1823 2903/4216/1823 2904/4217/1823 2887/4218/1823
f 2843/4219/1824 2853/4220/1824 2854/4221/1824 2855/4222/1824 2856/4223/1824
f 2836/4224/1825 2837/4225/1825 2843/4219/1825 2842/4226/1825
f 2853/4220/1826 2843/4219/1826 2837/4225/1826 2852/4227/1826
f 2857/4228/1827 2842/4226/1827 2843/4219/1827 2856/4229/1827
f 2872/4230/1828 2849/4231/1828 2850/4232/1828 2851/4233/1828 2844/4234/1828
f 2836/4224/1829 2839/4235/1829 2844/4234/1829 2837/4236/1829
f 2844/4234/1830 2839/4235/1830 2873/4237/1830 2872/4230/1830
f 2852/4227/1831 2837/4236/1831 2844/4234/1831 2851/4238/1831
f 2845/4239/1832 2860/4240/1832 2871/4241/1832 2870/4242/1832
f 2836/4224/1833 2840/4243/1833 2845/4239/1833 2839/4244/1833
f 2845/4239/1834 2840/4243/1834 2861/4245/1834 2860/4240/1834
f 2839/4244/1835 2845/4239/1835 2870/4242/1835 2873/4246/1835
f 2863/4247/1836 2862/4248/1836 2846/4249/1836 2865/4250/1836 2864/4251/1836
f 2836/4224/1837 2838/4252/1837 2846/4249/1837 2840/4243/1837
f 2865/4250/1838 2846/4249/1838 2838/4252/1838 2866/4253/1838
f 2840/4243/1839 2846/4249/1839 2862/4248/1839 2861/4254/1839
f 2869/4255/1840 2868/4256/1840 2867/4257/1840 2847/4258/1840 2876/4259/1840
f 2836/4224/1841 2841/4260/1841 2847/4258/1841 2838/4252/1841
f 2876/4259/1842 2847/4258/1842 2841/4260/1842 2875/4261/1842
f 2866/4253/1843 2838/4252/1843 2847/4258/1843 2867/4262/1843
f 2874/4263/1844 2848/4264/1844 2858/4265/1844 2859/4266/1844
f 2836/4224/1845 2842/4267/1845 2848/4264/1845 2841/4268/1845
f 2858/4269/1846 2848/4264/1846 2842/4267/1846 2857/4270/1846
f 2875/4271/1847 2841/4268/1847 2848/4264/1847 2874/4263/1847
o Icosphere_cell.023
v -0.079299 1.888360 0.012877
v 0.797102 1.888850 -0.272381
v 0.811797 2.022224 -0.190485
v 0.760853 1.755476 -0.347273
v 0.757375 2.032603 -0.342018
v 0.731053 1.894780 -0.423027
v 0.832215 1.882921 -0.111684
v 0.805893 1.745098 -0.192693
v 0.720478 1.793714 -0.440231
v 0.778086 2.095359 -0.262931
v 0.715014 2.000412 -0.435506
v 0.833773 1.983986 -0.091550
v 0.826574 1.777289 -0.092161
v 0.776164 1.682341 -0.268849
v 0.794014 1.637937 -0.130935
v 0.758025 1.583427 -0.235672
v 0.769634 1.597473 -0.207925
v 0.813729 1.681546 -0.050091
v 0.823685 1.716037 0.012018
v 0.663373 1.772478 -0.526918
v 0.676751 1.754208 -0.503209
v 0.726122 1.673861 -0.389024
v 0.696958 1.725256 -0.464600
v 0.747375 1.624571 -0.309494
v 0.754389 1.599182 -0.264404
v 0.659826 1.989877 -0.524105
v 0.651565 2.061240 -0.518025
v 0.665508 1.805775 -0.528433
v 0.665060 1.896106 -0.528010
v 0.711522 2.139626 -0.384944
v 0.679999 2.095869 -0.461913
v 0.737001 2.180212 -0.308375
v 0.743946 2.194391 -0.278929
v 0.834024 1.787853 0.012237
v 0.840565 1.881590 0.012524
v 0.841193 1.971845 0.012804
v 0.838591 2.004997 0.012907
v 0.757803 2.178743 -0.253704
v 0.808231 2.104029 -0.136168
v 0.778688 2.153294 -0.212986
v 0.829053 2.052659 -0.057905
v 0.835418 2.023618 -0.014656
v 0.794014 1.637937 -0.130935
v 0.769634 1.597473 -0.207925
v 0.813729 1.681546 -0.050091
v 0.823685 1.716037 0.012018
v 0.758025 1.583427 -0.235672
v 0.754389 1.599182 -0.264404
v 0.663373 1.772478 -0.526918
v 0.676751 1.754208 -0.503209
v 0.696958 1.725256 -0.464600
v 0.726122 1.673861 -0.389024
v 0.747375 1.624571 -0.309494
v 0.665508 1.805775 -0.528433
v 0.665060 1.896106 -0.528010
v 0.659826 1.989877 -0.524105
v 0.737001 2.180212 -0.308375
v 0.743946 2.194391 -0.278929
v 0.711522 2.139626 -0.384944
v 0.679999 2.095869 -0.461913
v 0.651565 2.061240 -0.518025
v 0.840565 1.881590 0.012524
v 0.841193 1.971845 0.012804
v 0.838591 2.004997 0.012907
v 0.834024 1.787853 0.012237
v 0.808231 2.104029 -0.136168
v 0.778688 2.153294 -0.212986
v 0.757803 2.178743 -0.253704
v 0.835418 2.023618 -0.014656
v 0.829053 2.052659 -0.057905
vn -0.1620 -0.8514 0.4988
vn -0.4157 -0.8186 -0.3963
vn -0.5878 0.0009 -0.8090
vn -0.4257 0.8504 -0.3091
vn 0.0004 -0.0031 1.0000
vn -0.1040 0.8185 0.5650
vn 0.8434 -0.0890 -0.5298
vn 0.9145 -0.0240 -0.4039
vn 0.8841 -0.1478 -0.4434
vn 0.8477 0.0040 -0.5305
vn 0.9096 0.2574 -0.3262
vn 0.9385 0.1015 -0.3301
vn 0.8880 0.2152 -0.4064
vn 0.9503 0.1989 -0.2396
vn 0.8345 0.1520 -0.5296
vn 0.9091 0.0680 -0.4110
vn 0.8443 0.0672 -0.5317
vn 0.8675 0.1889 -0.4602
vn 0.9938 0.0890 -0.0671
vn 0.9772 0.0240 -0.2108
vn 0.9758 0.1478 -0.1609
vn 0.9976 -0.0040 -0.0691
vn 0.9864 -0.1520 -0.0620
vn 0.9771 -0.0680 -0.2019
vn 0.9955 -0.0672 -0.0661
vn 0.9723 -0.1889 -0.1376
vn 0.9276 -0.2574 -0.2707
vn 0.9533 -0.1015 -0.2846
vn 0.9573 -0.2152 -0.1932
vn 0.9096 -0.1989 -0.3647
vt 0.609226 0.484093
vt 0.315700 0.210316
vt 0.095412 0.000000
vt 1.000000 0.000000
vt 1.000000 0.838817
vt 0.894391 0.744837
vt 0.838817 0.838817
vt 0.000000 0.000000
vt 0.744486 0.000000
vt 0.757845 0.077889
vt 0.778020 0.202056
vt 0.807107 0.427517
vt 0.828266 0.648793
vt 0.835220 0.765720
vt 0.339249 0.085817
vt 0.255514 0.000000
vt 0.999472 0.731648
vt 0.812785 0.553338
vt 0.570179 0.316140
vt 0.817924 0.085935
vt 0.792334 0.316484
vt 0.760686 0.553879
vt 0.732148 0.732148
vt 0.824904 0.000000
vt 0.183264 0.105510
vt 0.080346 0.000000
vt 0.998214 0.902893
vt 0.767448 0.682427
vt 0.468091 0.389666
vt 0.778814 0.140304
vt 0.914823 0.161218
vt 1.000000 0.175096
vt 1.000000 1.000000
vt 0.080346 0.080346
vt 0.161427 0.083517
vt 0.290041 0.089883
vt 0.532101 0.110724
vt 0.438132 0.219424
vt 0.443313 0.207514
vt 0.450105 0.212474
vt 0.454347 0.215572
vt 0.454343 0.221269
vt 0.409092 0.236191
vt 0.422073 0.213707
vt 0.435054 0.236191
vt 0.443313 0.207514
vt 0.430420 0.199249
vt 0.454331 0.236191
vt 0.454343 0.221269
vt 0.409092 0.269724
vt 0.418798 0.282845
vt 0.413862 0.285695
vt 0.409059 0.283578
vt 0.401355 0.280182
vt 0.422073 0.258676
vt 0.396110 0.258676
vt 0.418798 0.282845
vt 0.431718 0.275381
vt 0.401355 0.280182
vt 0.387744 0.273167
vt 0.444639 0.267917
vt 0.438132 0.252958
vt 0.454319 0.251115
vt 0.454309 0.262329
vt 0.435054 0.236191
vt 0.422073 0.258676
vt 0.431718 0.275381
vt 0.444639 0.267917
vt 0.363733 0.251100
vt 0.380051 0.252958
vt 0.374854 0.264906
vt 0.368040 0.259929
vt 0.363717 0.256773
vt 0.396110 0.258676
vt 0.383129 0.236191
vt 0.387744 0.273167
vt 0.363776 0.236191
vt 0.363733 0.251100
vt 0.363854 0.209986
vt 0.373525 0.204421
vt 0.380051 0.219424
vt 0.363820 0.221272
vt 0.383129 0.236191
vt 0.396110 0.213706
vt 0.363820 0.221272
vt 0.363776 0.236191
vt 0.386453 0.196979
vt 0.373525 0.204421
vt 0.416806 0.192229
vt 0.409092 0.202658
vt 0.399384 0.189535
vt 0.404291 0.186709
vt 0.409124 0.188842
vt 0.396110 0.213707
vt 0.422073 0.213706
vt 0.386453 0.196979
s 0
f 2947/4272/1848 2949/4273/1848 2950/4274/1848 2905/4275/1848 2951/4276/1848 2948/4277/1848
f 2951/4278/1849 2905/4279/1849 2953/4280/1849 2954/4281/1849 2955/4282/1849 2956/4283/1849 2957/4284/1849 2952/4285/1849
f 2958/4286/1850 2953/4287/1850 2905/4275/1850 2965/4288/1850 2960/4289/1850 2959/4290/1850
f 2961/4291/1851 2963/4292/1851 2964/4293/1851 2965/4294/1851 2905/4279/1851 2962/4295/1851
f 2967/4296/1852 2968/4297/1852 2905/4275/1852 2950/4298/1852 2969/4299/1852 2966/4300/1852
f 2971/4301/1853 2972/4302/1853 2962/4303/1853 2905/4304/1853 2968/4305/1853 2973/4306/1853 2974/4307/1853 2970/4308/1853
f 2913/4309/1854 2927/4310/1854 2925/4311/1854 2924/4312/1854 2932/4313/1854
f 2906/4314/1855 2908/4315/1855 2913/4309/1855 2910/4316/1855
f 2927/4317/1856 2913/4309/1856 2908/4315/1856 2926/4318/1856
f 2933/4319/1857 2910/4316/1857 2913/4309/1857 2932/4320/1857
f 2914/4321/1858 2936/4322/1858 2937/4323/1858 2942/4324/1858 2944/4325/1858
f 2906/4314/1859 2909/4326/1859 2914/4321/1859 2907/4327/1859
f 2936/4328/1860 2914/4321/1860 2909/4326/1860 2934/4329/1860
f 2907/4327/1861 2914/4321/1861 2944/4330/1861 2943/4331/1861
f 2935/4332/1862 2915/4333/1862 2930/4334/1862 2931/4335/1862
f 2906/4314/1863 2910/4336/1863 2915/4333/1863 2909/4337/1863
f 2930/4334/1864 2915/4333/1864 2910/4336/1864 2933/4319/1864
f 2934/4338/1865 2909/4337/1865 2915/4333/1865 2935/4339/1865
f 2940/4340/1866 2916/4341/1866 2945/4342/1866 2946/4343/1866 2941/4344/1866
f 2906/4314/1867 2907/4345/1867 2916/4341/1867 2911/4346/1867
f 2916/4341/1868 2907/4345/1868 2943/4347/1868 2945/4342/1868
f 2939/4348/1869 2911/4346/1869 2916/4341/1869 2940/4349/1869
f 2923/4350/1870 2922/4351/1870 2917/4352/1870 2938/4353/1870
f 2906/4314/1871 2911/4354/1871 2917/4352/1871 2912/4355/1871
f 2938/4356/1872 2917/4352/1872 2911/4354/1872 2939/4357/1872
f 2919/4358/1873 2912/4355/1873 2917/4352/1873 2922/4359/1873
f 2928/4360/1874 2918/4361/1874 2921/4362/1874 2920/4363/1874 2929/4364/1874
f 2906/4314/1875 2912/4365/1875 2918/4361/1875 2908/4366/1875
f 2921/4362/1876 2918/4361/1876 2912/4365/1876 2919/4367/1876
f 2926/4318/1877 2908/4366/1877 2918/4361/1877 2928/4360/1877
o Icosphere_cell.024
v -0.082966 1.888699 0.017381
v -0.082498 1.888851 0.938279
v -0.164925 1.755476 0.926948
v -0.000070 2.022226 0.926948
v -0.246181 1.894780 0.922016
v -0.161004 2.032604 0.922015
v 0.081186 1.882921 0.922016
v -0.003991 1.745098 0.922015
v -0.085607 1.682341 0.917274
v -0.265811 1.793714 0.917275
v -0.263007 2.000412 0.910618
v -0.079388 2.095360 0.917274
v 0.100816 1.983987 0.917275
v 0.098011 1.777289 0.910618
v -0.076898 2.178159 0.895287
v -0.032003 2.152928 0.902507
v -0.105723 2.194077 0.889808
v 0.201067 2.005152 0.889716
v 0.174224 2.023494 0.895148
v 0.050289 2.103710 0.906851
v 0.131239 2.052398 0.902446
v -0.216065 2.139756 0.891635
v -0.299045 2.096145 0.885403
v -0.135307 2.180218 0.892241
v -0.367011 1.805815 0.892169
v -0.366781 1.896110 0.891602
v -0.361522 2.061299 0.875656
v -0.364724 1.989836 0.885410
v -0.366222 1.772742 0.889690
v -0.339228 1.754202 0.895145
v -0.215477 1.673679 0.906774
v -0.296288 1.725180 0.902419
v -0.133379 1.624303 0.902386
v -0.088121 1.598719 0.895068
v -0.059805 1.582989 0.889661
v -0.029499 1.597196 0.892156
v 0.196496 1.715935 0.875584
v 0.134149 1.681294 0.885334
v 0.051213 1.637668 0.891556
v 0.201701 1.881592 0.891623
v 0.201880 1.971903 0.892203
v 0.199691 1.787862 0.885419
v 0.050289 2.103710 0.906851
v 0.131239 2.052398 0.902446
v 0.174224 2.023494 0.895148
v 0.201067 2.005152 0.889716
v -0.076898 2.178159 0.895287
v -0.105723 2.194077 0.889808
v -0.032003 2.152928 0.902507
v -0.216065 2.139756 0.891635
v -0.135307 2.180218 0.892241
v -0.299045 2.096145 0.885403
v -0.367011 1.805815 0.892169
v -0.366781 1.896110 0.891602
v -0.364724 1.989836 0.885410
v -0.361522 2.061299 0.875656
v -0.366222 1.772742 0.889690
v -0.215477 1.673679 0.906774
v -0.296288 1.725180 0.902419
v -0.339228 1.754202 0.895145
v -0.088121 1.598719 0.895068
v -0.059805 1.582989 0.889661
v -0.133379 1.624303 0.902386
v -0.029499 1.597196 0.892156
v 0.051213 1.637668 0.891556
v 0.196496 1.715935 0.875584
v 0.134149 1.681294 0.885334
v 0.201880 1.971903 0.892203
v 0.201701 1.881592 0.891623
v 0.199691 1.787862 0.885419
vn 0.5043 0.8191 -0.2735
vn -0.4246 0.8510 -0.3091
vn -0.9511 0.0005 -0.3088
vn -0.5065 -0.8178 -0.2732
vn 0.4244 -0.8509 -0.3095
vn 0.9509 0.0001 -0.3096
vn 0.0292 -0.2574 0.9659
vn 0.0239 -0.1015 0.9945
vn -0.0658 -0.1989 0.9778
vn 0.1121 -0.2152 0.9701
vn -0.2432 -0.0890 0.9659
vn -0.1015 -0.0240 0.9945
vn -0.2426 0.0040 0.9701
vn -0.1485 -0.1478 0.9778
vn -0.2458 0.1519 0.9573
vn -0.1100 0.0680 0.9916
vn -0.1696 0.1889 0.9672
vn -0.2448 0.0672 0.9672
vn -0.0292 0.2574 0.9659
vn -0.0239 0.1015 0.9945
vn 0.0658 0.1989 0.9778
vn -0.1121 0.2152 0.9701
vn 0.2432 0.0890 0.9659
vn 0.1015 0.0240 0.9945
vn 0.2426 -0.0040 0.9701
vn 0.1485 0.1478 0.9778
vn 0.2459 -0.1520 0.9573
vn 0.1100 -0.0680 0.9916
vn 0.1696 -0.1889 0.9672
vn 0.2448 -0.0672 0.9672
vt 0.354761 0.201000
vt 0.238394 0.077745
vt 0.165787 0.000000
vt 1.000000 0.000000
vt 1.000000 0.833687
vt 0.921233 0.760214
vt 0.798643 0.644613
vt 0.574565 0.424852
vt 0.836046 0.741497
vt 0.833686 0.833686
vt 0.000000 0.000000
vt 0.820439 0.000000
vt 0.829705 0.210157
vt 0.835562 0.482307
vt 0.835757 0.353571
vt 0.829810 0.619280
vt 0.820439 0.820439
vt 0.833966 0.000000
vt 0.836326 0.095535
vt 0.846211 0.644550
vt 0.839210 0.760891
vt 0.833966 0.833966
vt 0.834250 0.000000
vt 0.839393 0.077458
vt 0.846345 0.201164
vt 0.850458 0.424923
vt 0.260063 0.096691
vt 0.165750 0.000000
vt 1.000000 0.820707
vt 0.790476 0.620528
vt 0.518785 0.354813
vt 0.820707 0.820707
vt 0.834213 0.000000
vt 0.836592 0.095919
vt 0.836041 0.353653
vt 0.830111 0.619012
vt 0.136364 0.202658
vt 0.128614 0.192181
vt 0.136332 0.188765
vt 0.141143 0.186634
vt 0.146104 0.189492
vt 0.136364 0.236191
vt 0.123383 0.213707
vt 0.149346 0.213706
vt 0.128614 0.192181
vt 0.115018 0.199217
vt 0.159027 0.196937
vt 0.146104 0.189492
vt 0.102138 0.207501
vt 0.107324 0.219424
vt 0.091060 0.221275
vt 0.091058 0.215616
vt 0.095349 0.212473
vt 0.110402 0.236191
vt 0.123383 0.213706
vt 0.091066 0.236191
vt 0.091060 0.221275
vt 0.115018 0.199217
vt 0.102138 0.207501
vt 0.107324 0.252958
vt 0.100798 0.267960
vt 0.091078 0.262337
vt 0.091073 0.251108
vt 0.123383 0.258676
vt 0.110402 0.236191
vt 0.113726 0.275401
vt 0.091066 0.236191
vt 0.136364 0.269724
vt 0.144052 0.280116
vt 0.136397 0.283480
vt 0.131501 0.285633
vt 0.126658 0.282845
vt 0.149346 0.258676
vt 0.157679 0.273110
vt 0.126658 0.282845
vt 0.113726 0.275401
vt 0.181646 0.256798
vt 0.177378 0.259908
vt 0.170582 0.264860
vt 0.165405 0.252958
vt 0.181647 0.251109
vt 0.162327 0.236191
vt 0.181649 0.236191
vt 0.170582 0.264860
vt 0.165405 0.219424
vt 0.171948 0.204381
vt 0.181650 0.210045
vt 0.181650 0.221273
vt 0.149346 0.213707
vt 0.162327 0.236191
vt 0.171948 0.204381
vt 0.181649 0.236191
s 0
f 3018/4368/1878 3019/4369/1878 3020/4370/1878 2975/4371/1878 3022/4372/1878 3021/4373/1878 3023/4374/1878 3017/4375/1878
f 3025/4376/1879 3022/4377/1879 2975/4378/1879 3030/4379/1879 3026/4380/1879 3024/4381/1879
f 3028/4382/1880 3029/4383/1880 3030/4384/1880 2975/4378/1880 3031/4385/1880 3027/4386/1880
f 3033/4387/1881 3034/4388/1881 3031/4389/1881 2975/4378/1881 3036/4390/1881 3035/4391/1881 3037/4392/1881 3032/4393/1881
f 3038/4394/1882 3036/4395/1882 2975/4371/1882 3040/4396/1882 3041/4397/1882 3039/4398/1882
f 3040/4399/1883 2975/4378/1883 3020/4400/1883 3042/4401/1883 3043/4402/1883 3044/4403/1883
f 2983/4404/1884 3007/4405/1884 3008/4406/1884 3009/4407/1884 3010/4408/1884
f 2976/4409/1885 2977/4410/1885 2983/4404/1885 2982/4411/1885
f 3007/4412/1886 2983/4404/1886 2977/4410/1886 3005/4413/1886
f 3013/4414/1887 2982/4411/1887 2983/4404/1887 3010/4415/1887
f 3006/4416/1888 2984/4417/1888 2999/4418/1888 3003/4419/1888 3004/4420/1888
f 2976/4409/1889 2979/4421/1889 2984/4417/1889 2977/4422/1889
f 2984/4417/1890 2979/4421/1890 3000/4423/1890 2999/4424/1890
f 3005/4425/1891 2977/4422/1891 2984/4417/1891 3006/4426/1891
f 2985/4427/1892 2997/4428/1892 3001/4429/1892 3002/4430/1892
f 2976/4409/1893 2980/4431/1893 2985/4427/1893 2979/4432/1893
f 2985/4427/1894 2980/4431/1894 2996/4433/1894 2997/4428/1894
f 2979/4432/1895 2985/4427/1895 3002/4430/1895 3000/4434/1895
f 2986/4435/1896 2990/4436/1896 2989/4437/1896 2991/4438/1896 2998/4439/1896
f 2976/4409/1897 2978/4440/1897 2986/4435/1897 2980/4431/1897
f 2990/4436/1898 2986/4435/1898 2978/4440/1898 2994/4441/1898
f 2980/4431/1899 2986/4435/1899 2998/4442/1899 2996/4443/1899
f 2992/4444/1900 2993/4445/1900 2995/4446/1900 2987/4447/1900 3015/4448/1900
f 2976/4409/1901 2981/4449/1901 2987/4447/1901 2978/4440/1901
f 3015/4448/1902 2987/4447/1902 2981/4449/1902 3014/4450/1902
f 2994/4441/1903 2978/4440/1903 2987/4447/1903 2995/4451/1903
f 2988/4452/1904 3012/4453/1904 3011/4454/1904 3016/4455/1904
f 2976/4409/1905 2982/4456/1905 2988/4452/1905 2981/4457/1905
f 3012/4458/1906 2988/4452/1906 2982/4456/1906 3013/4414/1906
f 2981/4457/1907 2988/4452/1907 3016/4455/1907 3014/4459/1907
o Icosphere_cell.025
v -0.080627 1.888385 0.016881
v 0.461124 1.888851 0.761645
v 0.387777 2.022226 0.800929
v 0.521151 1.755476 0.704027
v 0.515077 2.032604 0.702343
v 0.583988 1.894780 0.652276
v 0.319142 1.882921 0.844699
v 0.388054 1.745098 0.794631
v 0.597083 1.793714 0.636902
v 0.446260 2.095360 0.746481
v 0.590900 2.000412 0.633166
v 0.300473 1.983987 0.852402
v 0.298832 1.777289 0.845367
v 0.451296 1.682341 0.742822
v 0.550207 1.673634 0.657965
v 0.538594 1.665327 0.665505
v 0.643562 1.754125 0.575725
v 0.613033 1.725075 0.606923
v 0.661994 1.772444 0.555661
v 0.413790 1.583178 0.735975
v 0.440327 1.599083 0.723464
v 0.481123 1.624442 0.702793
v 0.254771 1.681368 0.846152
v 0.198218 1.716287 0.875112
v 0.391125 1.597173 0.755484
v 0.325505 1.637692 0.802435
v 0.203364 1.881588 0.891115
v 0.203527 1.971847 0.891704
v 0.201376 1.787904 0.884903
v 0.202710 2.005057 0.889222
v 0.227878 2.023603 0.877719
v 0.267044 2.052603 0.858306
v 0.451264 2.194355 0.708810
v 0.431260 2.178498 0.730090
v 0.335082 2.103925 0.814306
v 0.399062 2.153150 0.762448
v 0.476838 2.180365 0.693269
v 0.541791 2.139862 0.645345
v 0.605243 2.096198 0.591562
v 0.650073 2.061438 0.546913
v 0.658388 1.989833 0.552969
v 0.664125 1.805802 0.557195
v 0.663649 1.896109 0.556819
v 0.643562 1.754125 0.575725
v 0.613033 1.725075 0.606923
v 0.550207 1.673634 0.657965
v 0.538594 1.665327 0.665505
v 0.661994 1.772444 0.555661
v 0.440327 1.599083 0.723464
v 0.481123 1.624442 0.702793
v 0.413790 1.583178 0.735975
v 0.391125 1.597173 0.755484
v 0.325505 1.637692 0.802435
v 0.254771 1.681368 0.846152
v 0.198218 1.716287 0.875112
v 0.201376 1.787904 0.884903
v 0.203364 1.881588 0.891115
v 0.203527 1.971847 0.891704
v 0.202710 2.005057 0.889222
v 0.335082 2.103925 0.814306
v 0.399062 2.153150 0.762448
v 0.431260 2.178498 0.730090
v 0.451264 2.194355 0.708810
v 0.227878 2.023603 0.877719
v 0.267044 2.052603 0.858306
v 0.541791 2.139862 0.645345
v 0.605243 2.096198 0.591562
v 0.650073 2.061438 0.546913
v 0.476838 2.180365 0.693269
v 0.664125 1.805802 0.557195
v 0.663649 1.896109 0.556819
v 0.658388 1.989833 0.552969
vn 0.2485 -0.8181 -0.5186
vn 0.2470 -0.8192 -0.5175
vn -0.5254 -0.8509 0.0001
vn -0.9511 -0.0003 0.3090
vn -0.5690 0.8189 0.0753
vn 0.1614 0.8507 -0.5002
vn 0.5872 -0.0003 -0.8094
vn 0.7645 -0.0890 0.6384
vn 0.6667 -0.0240 0.7449
vn 0.6949 -0.1478 0.7038
vn 0.7665 0.0040 0.6423
vn 0.5914 0.2574 0.7642
vn 0.6039 0.1015 0.7905
vn 0.6609 0.2152 0.7190
vn 0.5215 0.1989 0.8297
vn 0.7616 0.1519 0.6300
vn 0.6718 0.0680 0.7376
vn 0.7666 0.0672 0.6386
vn 0.7057 0.1889 0.6828
vn 0.3709 0.0890 0.9244
vn 0.5025 0.0240 0.8643
vn 0.4546 0.1478 0.8783
vn 0.3740 -0.0040 0.9274
vn 0.3638 -0.1519 0.9190
vn 0.4939 -0.0680 0.8669
vn 0.3705 -0.0672 0.9264
vn 0.4313 -0.1889 0.8822
vn 0.5441 -0.2574 0.7986
vn 0.5652 -0.1015 0.8187
vn 0.4795 -0.2152 0.8507
vn 0.6280 -0.1989 0.7524
vt 0.575627 0.305846
vt 0.938765 0.368613
vt 1.000000 0.380217
vt 1.000000 1.000000
vt 0.256943 0.256943
vt 0.379298 0.275353
vt 0.874297 0.324728
vt 1.000000 0.312746
vt 0.380217 0.380217
vt 0.677521 0.344522
vt 1.000000 0.179798
vt 0.312746 0.312746
vt 0.389182 0.294104
vt 0.602319 0.249240
vt 0.826165 0.207468
vt 0.179798 0.179798
vt 0.380807 0.170469
vt 0.646275 0.164569
vt 0.904102 0.164040
vt 1.000000 0.166425
vt 0.798873 0.287510
vt 0.921726 0.318419
vt 1.000000 0.338747
vt 0.166425 0.166425
vt 0.239637 0.177410
vt 0.356069 0.195950
vt 0.575338 0.237975
vt 0.833303 0.281341
vt 1.000000 0.269064
vt 0.338747 0.338747
vt 0.412391 0.327554
vt 0.617694 0.302690
vt 0.914236 0.254834
vt 1.000000 0.256943
vt 0.269320 0.269051
vt 0.448040 0.260698
vt 0.684535 0.255370
vt 0.256314 0.219424
vt 0.261508 0.207482
vt 0.268312 0.212460
vt 0.272558 0.215566
vt 0.272560 0.221273
vt 0.227274 0.236191
vt 0.240255 0.213707
vt 0.253236 0.236191
vt 0.248625 0.199209
vt 0.272564 0.236191
vt 0.236997 0.282868
vt 0.232115 0.285682
vt 0.227241 0.283537
vt 0.219556 0.280156
vt 0.227274 0.269724
vt 0.240255 0.258676
vt 0.214292 0.258676
vt 0.249921 0.275418
vt 0.205937 0.273148
vt 0.272570 0.262359
vt 0.262843 0.267968
vt 0.256314 0.252958
vt 0.272568 0.251108
vt 0.253236 0.236191
vt 0.240255 0.258676
vt 0.272568 0.251108
vt 0.249921 0.275418
vt 0.262843 0.267968
vt 0.181916 0.251101
vt 0.198233 0.252958
vt 0.193041 0.264896
vt 0.186227 0.259927
vt 0.181915 0.256783
vt 0.214292 0.258676
vt 0.201311 0.236191
vt 0.205937 0.273148
vt 0.181920 0.236191
vt 0.181942 0.210019
vt 0.191695 0.204393
vt 0.198233 0.219424
vt 0.181924 0.221281
vt 0.201311 0.236191
vt 0.214292 0.213706
vt 0.181920 0.236191
vt 0.181924 0.221281
vt 0.204613 0.196941
vt 0.191695 0.204393
vt 0.217532 0.189489
vt 0.222410 0.186674
vt 0.227306 0.188825
vt 0.235005 0.192206
vt 0.227274 0.202658
vt 0.214292 0.213707
vt 0.240255 0.213706
vt 0.217532 0.189489
vt 0.204613 0.196941
vt 0.246336 0.198026
vt 0.248625 0.199209
s 0
f 3089/4460/1908 3090/4461/1908 3091/4462/1908 3045/4463/1908 3092/4464/1908 3088/4465/1908
f 3093/4466/1909 3095/4467/1909 3045/4463/1909 3091/4468/1909 3094/4469/1909
f 3099/4470/1910 3045/4463/1910 3095/4471/1910 3096/4472/1910 3097/4473/1910 3098/4474/1910
f 3045/4463/1911 3099/4475/1911 3100/4476/1911 3101/4477/1911 3102/4478/1911 3103/4479/1911
f 3105/4480/1912 3106/4481/1912 3107/4482/1912 3045/4463/1912 3103/4483/1912 3108/4484/1912 3109/4485/1912 3104/4486/1912
f 3111/4487/1913 3112/4488/1913 3045/4463/1913 3107/4489/1913 3113/4490/1913 3110/4491/1913
f 3114/4492/1914 3092/4493/1914 3045/4463/1914 3112/4494/1914 3116/4495/1914 3115/4496/1914
f 3053/4497/1915 3062/4498/1915 3061/4499/1915 3063/4500/1915 3086/4501/1915
f 3046/4502/1916 3048/4503/1916 3053/4497/1916 3050/4504/1916
f 3062/4498/1917 3053/4497/1917 3048/4503/1917 3059/4505/1917
f 3050/4504/1918 3053/4497/1918 3086/4501/1918 3087/4506/1918
f 3081/4507/1919 3077/4508/1919 3078/4509/1919 3080/4510/1919 3054/4511/1919
f 3046/4502/1920 3049/4512/1920 3054/4511/1920 3047/4513/1920
f 3081/4507/1921 3054/4511/1921 3049/4512/1921 3082/4514/1921
f 3047/4513/1922 3054/4511/1922 3080/4510/1922 3079/4515/1922
f 3084/4516/1923 3083/4517/1923 3055/4518/1923 3085/4519/1923
f 3046/4502/1924 3050/4520/1924 3055/4518/1924 3049/4521/1924
f 3085/4522/1925 3055/4518/1925 3050/4520/1925 3087/4506/1925
f 3082/4523/1926 3049/4521/1926 3055/4518/1926 3083/4524/1926
f 3072/4525/1927 3056/4526/1927 3076/4527/1927 3075/4528/1927 3074/4529/1927
f 3046/4502/1928 3047/4530/1928 3056/4526/1928 3051/4531/1928
f 3056/4526/1929 3047/4530/1929 3079/4532/1929 3076/4527/1929
f 3071/4533/1930 3051/4531/1930 3056/4526/1930 3072/4525/1930
f 3068/4534/1931 3067/4535/1931 3057/4536/1931 3073/4537/1931
f 3046/4502/1932 3051/4538/1932 3057/4536/1932 3052/4539/1932
f 3057/4536/1933 3051/4538/1933 3071/4540/1933 3073/4541/1933
f 3070/4542/1934 3052/4539/1934 3057/4536/1934 3067/4543/1934
f 3069/4544/1935 3064/4545/1935 3065/4546/1935 3066/4547/1935 3058/4548/1935
f 3046/4502/1936 3052/4549/1936 3058/4548/1936 3048/4550/1936
f 3069/4551/1937 3058/4548/1937 3052/4549/1937 3070/4552/1937
f 3060/4553/1938 3059/4554/1938 3048/4550/1938 3058/4548/1938 3066/4547/1938
o Icosphere_cell.026
v -0.086303 1.888850 0.014537
v -0.962097 1.888851 0.299211
v -0.976792 1.755477 0.217316
v -0.925848 2.022225 0.374104
v -0.997211 1.894781 0.138515
v -0.970888 2.032604 0.219523
v -0.896048 1.882921 0.449858
v -0.922370 1.745098 0.368849
v -0.943081 1.682342 0.289762
v -0.998768 1.793715 0.118380
v -0.991569 2.000412 0.118992
v -0.941159 2.095360 0.295679
v -0.885473 1.983987 0.467062
v -0.880009 1.777290 0.462337
v -1.000410 1.754155 0.041624
v -0.994058 1.725182 0.084804
v -1.003563 1.772647 0.014230
v -0.922859 1.599210 0.280563
v -0.908953 1.583513 0.305882
v -0.943682 1.624571 0.239957
v -0.973233 1.673826 0.163101
v -0.902034 1.597567 0.335164
v -0.816293 1.716432 0.545271
v -0.844939 1.681682 0.488786
v -0.876506 1.638048 0.411786
v -0.978676 2.096516 0.076763
v -0.934610 2.180482 0.234573
v -0.922998 2.194516 0.262341
v -0.958975 2.140071 0.157589
v -1.006175 1.805835 0.014215
v -1.005569 1.896113 0.014175
v -0.988751 2.061523 0.014109
v -0.999051 1.989802 0.014137
v -0.919352 2.178642 0.291228
v -0.912347 2.153177 0.336357
v -0.841862 2.023389 0.529872
v -0.828327 2.004854 0.553867
v -0.861997 2.052315 0.491385
v -0.891131 2.103807 0.415838
v -0.829905 1.881592 0.555079
v -0.830416 1.971907 0.555403
v -0.824609 1.787865 0.551278
v -1.000410 1.754155 0.041624
v -0.994058 1.725182 0.084804
v -1.003563 1.772647 0.014230
v -0.922859 1.599210 0.280563
v -0.908953 1.583513 0.305882
v -0.943682 1.624571 0.239957
v -0.973233 1.673826 0.163101
v -0.902034 1.597567 0.335164
v -0.844939 1.681682 0.488786
v -0.876506 1.638048 0.411786
v -0.934610 2.180482 0.234573
v -0.958975 2.140071 0.157589
v -0.922998 2.194516 0.262341
v -0.978676 2.096516 0.076763
v -1.006175 1.805835 0.014215
v -1.005569 1.896113 0.014175
v -0.999051 1.989802 0.014137
v -0.988751 2.061523 0.014109
v -0.861997 2.052315 0.491385
v -0.891131 2.103807 0.415838
v -0.841862 2.023389 0.529872
v -0.828327 2.004854 0.553867
v -0.919352 2.178642 0.291228
v -0.912347 2.153177 0.336357
v -0.829905 1.881592 0.555079
v -0.824609 1.787865 0.551278
v -0.816293 1.716432 0.545271
v -0.830416 1.971907 0.555403
vn 0.1039 -0.8188 -0.5647
vn 0.4250 -0.8511 0.3081
vn 0.1632 0.8510 -0.4992
vn 0.0004 -0.0004 -1.0000
vn 0.4164 0.8180 0.3969
vn 0.5880 0.0004 0.8089
vn -0.9096 -0.2574 0.3262
vn -0.9385 -0.1015 0.3301
vn -0.9503 -0.1989 0.2396
vn -0.8880 -0.2152 0.4064
vn -0.9938 -0.0890 0.0671
vn -0.9772 -0.0240 0.2108
vn -0.9976 0.0040 0.0691
vn -0.9758 -0.1478 0.1609
vn -0.9864 0.1519 0.0620
vn -0.9771 0.0680 0.2019
vn -0.9723 0.1889 0.1376
vn -0.9955 0.0672 0.0661
vn -0.9276 0.2574 0.2707
vn -0.9533 0.1015 0.2846
vn -0.9096 0.1989 0.3647
vn -0.9573 0.2152 0.1932
vn -0.8434 0.0890 0.5298
vn -0.9145 0.0240 0.4039
vn -0.8477 -0.0040 0.5305
vn -0.8841 0.1478 0.4434
vn -0.8345 -0.1519 0.5296
vn -0.9091 -0.0680 0.4110
vn -0.8675 -0.1889 0.4602
vn -0.8443 -0.0672 0.5317
vt 0.160598 0.077495
vt 0.079924 0.000000
vt 1.000000 0.000000
vt 1.000000 0.825005
vt 0.914421 0.753389
vt 0.778656 0.638535
vt 0.531565 0.421132
vt 0.289145 0.199646
vt 0.825005 0.825005
vt 0.000000 0.000000
vt 0.731852 0.000166
vt 0.760617 0.207926
vt 0.792356 0.476737
vt 0.818037 0.732724
vt 0.255174 0.105489
vt 0.161368 0.000000
vt 1.000000 0.904884
vt 0.788319 0.683047
vt 0.515253 0.390111
vt 0.904884 0.904884
vt 0.920076 0.000000
vt 0.922661 0.105598
vt 0.921960 0.389777
vt 0.915326 0.682343
vt 0.797624 0.222534
vt 0.921258 0.242721
vt 1.000000 0.256290
vt 1.000000 1.000000
vt 0.161368 0.161368
vt 0.234766 0.165026
vt 0.351647 0.172052
vt 0.572516 0.193325
vt 0.812590 0.259882
vt 1.000000 0.268172
vt 0.256290 0.256290
vt 0.339158 0.254175
vt 0.570073 0.254631
vt 0.863604 0.188846
vt 0.868425 0.186722
vt 0.873334 0.189549
vt 0.863637 0.202658
vt 0.855922 0.192229
vt 0.863637 0.236191
vt 0.850655 0.213707
vt 0.876618 0.213706
vt 0.842305 0.199243
vt 0.855922 0.192229
vt 0.886265 0.196997
vt 0.873334 0.189549
vt 0.822607 0.212465
vt 0.829410 0.207501
vt 0.834596 0.219424
vt 0.818307 0.221278
vt 0.818310 0.215600
vt 0.837674 0.236191
vt 0.850655 0.213706
vt 0.818307 0.221278
vt 0.818301 0.236191
vt 0.829410 0.207501
vt 0.842305 0.199243
vt 0.834596 0.252958
vt 0.828045 0.268018
vt 0.818290 0.262372
vt 0.818294 0.251102
vt 0.850655 0.258676
vt 0.837674 0.236191
vt 0.840970 0.275451
vt 0.818294 0.251102
vt 0.818301 0.236191
vt 0.853900 0.282886
vt 0.863637 0.269724
vt 0.871357 0.280161
vt 0.863669 0.283561
vt 0.858810 0.285710
vt 0.876618 0.258676
vt 0.850655 0.258676
vt 0.884961 0.273127
vt 0.871357 0.280161
vt 0.840970 0.275451
vt 0.908911 0.256747
vt 0.904618 0.259889
vt 0.897848 0.264846
vt 0.892677 0.252958
vt 0.908914 0.251110
vt 0.889599 0.236191
vt 0.908914 0.251110
vt 0.908920 0.236191
vt 0.897848 0.264846
vt 0.884961 0.273127
vt 0.908930 0.210049
vt 0.908926 0.221274
vt 0.892677 0.219424
vt 0.899194 0.204442
vt 0.876618 0.213707
vt 0.889599 0.236191
vt 0.886265 0.196997
vt 0.908920 0.236191
s 0
f 3159/4555/1939 3161/4556/1939 3117/4557/1939 3163/4558/1939 3162/4559/1939 3164/4560/1939 3165/4561/1939 3160/4562/1939
f 3163/4563/1940 3117/4564/1940 3185/4565/1940 3167/4566/1940 3168/4567/1940 3166/4568/1940
f 3169/4569/1941 3171/4570/1941 3117/4557/1941 3176/4571/1941 3172/4572/1941 3170/4573/1941
f 3176/4574/1942 3117/4564/1942 3161/4575/1942 3173/4576/1942 3174/4577/1942 3175/4578/1942
f 3177/4579/1943 3179/4580/1943 3180/4581/1943 3117/4582/1943 3171/4583/1943 3181/4584/1943 3182/4585/1943 3178/4586/1943
f 3184/4587/1944 3185/4588/1944 3117/4582/1944 3180/4589/1944 3186/4590/1944 3183/4591/1944
f 3134/4592/1945 3135/4593/1945 3138/4594/1945 3125/4595/1945 3136/4596/1945
f 3118/4597/1946 3119/4598/1946 3125/4595/1946 3124/4599/1946
f 3125/4595/1947 3119/4598/1947 3137/4600/1947 3136/4601/1947
f 3141/4602/1948 3124/4599/1948 3125/4595/1948 3138/4603/1948
f 3131/4604/1949 3132/4605/1949 3126/4606/1949 3146/4607/1949 3133/4608/1949
f 3118/4597/1950 3121/4609/1950 3126/4606/1950 3119/4610/1950
f 3146/4611/1951 3126/4606/1951 3121/4609/1951 3147/4612/1951
f 3119/4610/1952 3126/4606/1952 3132/4613/1952 3137/4614/1952
f 3127/4615/1953 3142/4616/1953 3148/4617/1953 3149/4618/1953
f 3118/4597/1954 3122/4619/1954 3127/4615/1954 3121/4620/1954
f 3142/4616/1955 3127/4615/1955 3122/4619/1955 3145/4621/1955
f 3121/4620/1956 3127/4615/1956 3149/4622/1956 3147/4623/1956
f 3143/4624/1957 3128/4625/1957 3151/4626/1957 3150/4627/1957 3144/4628/1957
f 3118/4597/1958 3120/4629/1958 3128/4625/1958 3122/4630/1958
f 3128/4625/1959 3120/4629/1959 3155/4631/1959 3151/4632/1959
f 3122/4630/1960 3128/4625/1960 3143/4624/1960 3145/4633/1960
f 3153/4634/1961 3152/4635/1961 3154/4636/1961 3129/4637/1961 3157/4638/1961
f 3118/4597/1962 3123/4639/1962 3129/4637/1962 3120/4629/1962
f 3157/4640/1963 3129/4637/1963 3123/4639/1963 3156/4641/1963
f 3120/4629/1964 3129/4637/1964 3154/4642/1964 3155/4643/1964
f 3139/4644/1965 3158/4645/1965 3130/4646/1965 3140/4647/1965
f 3118/4597/1966 3124/4648/1966 3130/4646/1966 3123/4649/1966
f 3140/4647/1967 3130/4646/1967 3124/4648/1967 3141/4650/1967
f 3156/4651/1968 3123/4649/1968 3130/4646/1968 3158/4645/1968
o Icosphere_cell.027
v -0.085235 1.888614 0.016125
v -0.626119 1.888851 0.761645
v -0.686146 2.022226 0.704027
v -0.552772 1.755476 0.800929
v -0.553049 2.032604 0.794631
v -0.484137 1.894780 0.844699
v -0.748983 1.882921 0.652276
v -0.680072 1.745098 0.702343
v -0.465468 1.793714 0.852402
v -0.616291 2.095360 0.742822
v -0.463827 2.000412 0.845367
v -0.762078 1.983987 0.636902
v -0.755895 1.777289 0.633166
v -0.611255 1.682341 0.746481
v -0.815239 1.716341 0.546725
v -0.706831 1.637659 0.645250
v -0.693940 1.629601 0.654757
v -0.770254 1.681395 0.591515
v -0.641861 1.597258 0.693220
v -0.616334 1.583349 0.708752
v -0.827192 2.005049 0.555441
v -0.808521 2.023545 0.575773
v -0.777999 2.052498 0.606979
v -0.605356 2.178366 0.723522
v -0.579016 2.194176 0.735933
v -0.646013 2.153057 0.702933
v -0.715116 2.103825 0.658102
v -0.828818 1.881589 0.556611
v -0.829305 1.971866 0.556974
v -0.823548 1.787894 0.552772
v -0.490618 2.139808 0.802421
v -0.556332 2.180229 0.755439
v -0.419808 2.096241 0.846152
v -0.368630 1.805841 0.891660
v -0.368561 1.896112 0.891034
v -0.363606 2.061281 0.874979
v -0.366674 1.989831 0.884780
v -0.367783 1.772686 0.889195
v -0.596265 1.599261 0.730102
v -0.500113 1.673831 0.814297
v -0.564093 1.624595 0.762436
v -0.432071 1.725166 0.858300
v -0.392948 1.754139 0.877693
v -0.706831 1.637659 0.645250
v -0.770254 1.681395 0.591515
v -0.693940 1.629601 0.654757
v -0.641861 1.597258 0.693220
v -0.616334 1.583349 0.708752
v -0.646013 2.153057 0.702933
v -0.715116 2.103825 0.658102
v -0.605356 2.178366 0.723522
v -0.579016 2.194176 0.735933
v -0.827192 2.005049 0.555441
v -0.808521 2.023545 0.575773
v -0.777999 2.052498 0.606979
v -0.828818 1.881589 0.556611
v -0.829305 1.971866 0.556974
v -0.815239 1.716341 0.546725
v -0.823548 1.787894 0.552772
v -0.490618 2.139808 0.802421
v -0.419808 2.096241 0.846152
v -0.556332 2.180229 0.755439
v -0.368630 1.805841 0.891660
v -0.367783 1.772686 0.889195
v -0.363606 2.061281 0.874979
v -0.366674 1.989831 0.884780
v -0.368561 1.896112 0.891034
v -0.500113 1.673831 0.814297
v -0.564093 1.624595 0.762436
v -0.596265 1.599261 0.730102
v -0.392948 1.754139 0.877693
v -0.432071 1.725166 0.858300
vn -0.1628 -0.8505 -0.5001
vn -0.1607 -0.8518 -0.4986
vn -0.2477 0.8190 -0.5176
vn -0.5880 0.0001 -0.8089
vn 0.5255 0.8508 -0.0010
vn 0.9514 0.0014 0.3081
vn 0.5690 -0.8189 0.0754
vn -0.3709 -0.0890 0.9244
vn -0.5025 -0.0240 0.8643
vn -0.4546 -0.1478 0.8783
vn -0.3740 0.0040 0.9274
vn -0.5441 0.2574 0.7986
vn -0.5652 0.1015 0.8187
vn -0.4795 0.2152 0.8507
vn -0.6280 0.1989 0.7524
vn -0.3638 0.1519 0.9190
vn -0.4939 0.0680 0.8669
vn -0.3705 0.0672 0.9264
vn -0.4313 0.1889 0.8822
vn -0.7645 0.0890 0.6384
vn -0.6667 0.0240 0.7449
vn -0.6949 0.1478 0.7038
vn -0.7665 -0.0040 0.6423
vn -0.7616 -0.1519 0.6300
vn -0.6718 -0.0680 0.7376
vn -0.7666 -0.0672 0.6386
vn -0.7057 -0.1889 0.6828
vn -0.5914 -0.2574 0.7642
vn -0.6039 -0.1015 0.7905
vn -0.6609 -0.2152 0.7190
vn -0.5215 -0.1989 0.8297
vt 0.554483 0.240749
vt 0.268518 0.000000
vt 1.000000 0.000000
vt 1.000000 0.609581
vt 0.928398 0.550931
vt 0.609581 0.609581
vt 0.000000 0.000000
vt 0.661219 0.000000
vt 0.646362 0.191756
vt 0.468317 0.179117
vt 0.372825 0.069647
vt 0.312728 0.000000
vt 1.000000 0.743342
vt 0.935435 0.678162
vt 0.833756 0.574393
vt 0.649351 0.378658
vt 0.745473 0.660004
vt 0.743342 0.743342
vt 0.731482 0.000000
vt 0.739779 0.187445
vt 0.745021 0.429520
vt 0.827059 0.207392
vt 1.000000 0.179889
vt 1.000000 1.000000
vt 0.312728 0.312728
vt 0.389262 0.294088
vt 0.602827 0.249189
vt 1.000000 0.166498
vt 0.180895 0.179835
vt 0.381306 0.170536
vt 0.646683 0.164642
vt 0.904342 0.164117
vt 0.798784 0.287526
vt 0.921501 0.318398
vt 1.000000 0.338781
vt 0.166498 0.166498
vt 0.239710 0.177480
vt 0.356025 0.195997
vt 0.575288 0.238011
vt 0.090794 0.221281
vt 0.074338 0.219698
vt 0.079650 0.207556
vt 0.086467 0.212500
vt 0.090801 0.215608
vt 0.045455 0.236191
vt 0.056819 0.216509
vt 0.071378 0.236259
vt 0.066555 0.199645
vt 0.090794 0.221281
vt 0.090775 0.236192
vt 0.055165 0.282844
vt 0.050283 0.285651
vt 0.045445 0.283476
vt 0.037784 0.280080
vt 0.045613 0.269451
vt 0.058476 0.258607
vt 0.034091 0.255874
vt 0.055165 0.282844
vt 0.068098 0.275409
vt 0.037784 0.280080
vt 0.024360 0.272728
vt 0.090737 0.262391
vt 0.081027 0.267975
vt 0.074495 0.252958
vt 0.090754 0.251107
vt 0.071378 0.236259
vt 0.058476 0.258607
vt 0.090754 0.251107
vt 0.090775 0.236192
vt 0.068098 0.275409
vt 0.081027 0.267975
vt 0.913539 0.259879
vt 0.909216 0.256780
vt 0.909216 0.251102
vt 0.925663 0.252684
vt 0.920354 0.264819
vt 0.954545 0.236191
vt 0.943182 0.255874
vt 0.928622 0.236123
vt 0.933451 0.272728
vt 0.920354 0.264819
vt 0.909213 0.236191
vt 0.909226 0.210026
vt 0.918969 0.204397
vt 0.925505 0.219424
vt 0.909211 0.221279
vt 0.928622 0.236123
vt 0.941525 0.213775
vt 0.909213 0.236191
vt 0.918969 0.204397
vt 0.931882 0.196936
vt 0.954388 0.202931
vt 0.944812 0.189504
vt 0.949687 0.186704
vt 0.954556 0.188893
vt 0.962223 0.192293
vt 0.941525 0.213775
vt 0.965909 0.216509
vt 0.944812 0.189504
vt 0.931882 0.196936
vt 0.934446 0.195455
vt 0.975645 0.199645
s 0
f 3231/4652/1969 3244/4653/1969 3187/4654/1969 3232/4655/1969 3230/4656/1969
f 3232/4657/1970 3187/4658/1970 3234/4659/1970 3233/4660/1970
f 3235/4661/1971 3237/4662/1971 3238/4663/1971 3187/4654/1971 3239/4664/1971 3240/4665/1971 3241/4666/1971 3236/4667/1971
f 3243/4668/1972 3239/4669/1972 3187/4658/1972 3244/4670/1972 3245/4671/1972 3242/4672/1972
f 3247/4673/1973 3251/4674/1973 3187/4675/1973 3238/4676/1973 3248/4677/1973 3246/4678/1973
f 3250/4679/1974 3187/4675/1974 3251/4680/1974 3252/4681/1974 3253/4682/1974 3249/4683/1974
f 3255/4684/1975 3256/4685/1975 3234/4686/1975 3187/4675/1975 3250/4687/1975 3257/4688/1975 3258/4689/1975 3254/4690/1975
f 3220/4691/1976 3195/4692/1976 3228/4693/1976 3229/4694/1976 3224/4695/1976
f 3188/4696/1977 3190/4697/1977 3195/4692/1977 3192/4698/1977
f 3228/4693/1978 3195/4692/1978 3190/4697/1978 3226/4699/1978
f 3192/4698/1979 3195/4692/1979 3220/4700/1979 3221/4701/1979
f 3218/4702/1980 3211/4703/1980 3210/4704/1980 3212/4705/1980 3196/4706/1980
f 3188/4696/1981 3191/4707/1981 3196/4706/1981 3189/4708/1981
f 3218/4709/1982 3196/4706/1982 3191/4707/1982 3217/4710/1982
f 3189/4708/1983 3196/4706/1983 3212/4711/1983 3213/4712/1983
f 3222/4713/1984 3219/4714/1984 3197/4715/1984 3223/4716/1984
f 3188/4696/1985 3192/4717/1985 3197/4715/1985 3191/4718/1985
f 3223/4719/1986 3197/4715/1986 3192/4717/1986 3221/4720/1986
f 3217/4721/1987 3191/4718/1987 3197/4715/1987 3219/4722/1987
f 3208/4723/1988 3207/4724/1988 3215/4725/1988 3198/4726/1988 3209/4727/1988
f 3188/4728/1989 3189/4729/1989 3198/4726/1989 3193/4730/1989
f 3198/4726/1990 3189/4729/1990 3213/4731/1990 3209/4732/1990
f 3214/4733/1991 3193/4730/1991 3198/4726/1991 3215/4725/1991
f 3201/4734/1992 3204/4735/1992 3199/4736/1992 3216/4737/1992
f 3188/4728/1993 3193/4738/1993 3199/4736/1993 3194/4739/1993
f 3216/4737/1994 3199/4736/1994 3193/4738/1994 3214/4740/1994
f 3194/4739/1995 3199/4736/1995 3204/4741/1995 3202/4742/1995
f 3200/4743/1996 3205/4744/1996 3206/4745/1996 3225/4746/1996 3227/4747/1996
f 3188/4728/1997 3194/4748/1997 3200/4743/1997 3190/4749/1997
f 3205/4750/1998 3200/4743/1998 3194/4748/1998 3202/4751/1998 3203/4752/1998
f 3190/4749/1999 3200/4743/1999 3227/4747/1999 3226/4753/1999
o Icosphere_cell.028
v -0.084826 1.889370 0.010095
v -0.626119 1.888851 -0.734814
v -0.552772 1.755476 -0.774099
v -0.686146 2.022226 -0.677196
v -0.484137 1.894781 -0.817868
v -0.553049 2.032604 -0.767801
v -0.748983 1.882921 -0.625446
v -0.680072 1.745098 -0.675513
v -0.611255 1.682341 -0.719650
v -0.465468 1.793714 -0.825571
v -0.463827 2.000412 -0.818536
v -0.616291 2.095360 -0.715991
v -0.762078 1.983987 -0.610071
v -0.755895 1.777289 -0.606336
v -0.815206 1.716702 -0.520017
v -0.693748 1.629787 -0.628159
v -0.706764 1.637928 -0.618562
v -0.770207 1.681710 -0.564821
v -0.828719 1.881591 -0.529899
v -0.829190 1.971887 -0.530281
v -0.823463 1.787881 -0.526042
v -0.827083 2.004857 -0.528766
v -0.808439 2.023476 -0.549050
v -0.703924 2.112349 -0.638401
v -0.715251 2.104206 -0.631057
v -0.778014 2.052565 -0.580118
v -0.578857 2.194790 -0.709011
v -0.605281 2.178932 -0.696560
v -0.646217 2.153453 -0.675829
v -0.616269 1.583451 -0.682007
v -0.641805 1.597414 -0.666487
v -0.596285 1.599367 -0.703292
v -0.564209 1.624737 -0.735566
v -0.500302 1.674124 -0.787419
v -0.432299 1.725634 -0.831429
v -0.368373 1.773063 -0.862163
v -0.393528 1.754455 -0.850660
v -0.366741 1.989838 -0.857922
v -0.369135 1.805778 -0.864625
v -0.368853 1.896108 -0.864086
v -0.556048 2.180630 -0.728668
v -0.490527 2.139964 -0.775601
v -0.419866 2.096115 -0.819320
v -0.363665 2.061245 -0.848131
v -0.693748 1.629787 -0.628159
v -0.706764 1.637928 -0.618562
v -0.770207 1.681710 -0.564821
v -0.829190 1.971887 -0.530281
v -0.827083 2.004857 -0.528766
v -0.828719 1.881591 -0.529899
v -0.823463 1.787881 -0.526042
v -0.815206 1.716702 -0.520017
v -0.715251 2.104206 -0.631057
v -0.778014 2.052565 -0.580118
v -0.808439 2.023476 -0.549050
v -0.703924 2.112349 -0.638401
v -0.578857 2.194790 -0.709011
v -0.605281 2.178932 -0.696560
v -0.646217 2.153453 -0.675829
v -0.641805 1.597414 -0.666487
v -0.616269 1.583451 -0.682007
v -0.368373 1.773063 -0.862163
v -0.393528 1.754455 -0.850660
v -0.596285 1.599367 -0.703292
v -0.564209 1.624737 -0.735566
v -0.500302 1.674124 -0.787419
v -0.432299 1.725634 -0.831429
v -0.369135 1.805778 -0.864625
v -0.368853 1.896108 -0.864086
v -0.366741 1.989838 -0.857922
v -0.556048 2.180630 -0.728668
v -0.490527 2.139964 -0.775601
v -0.419866 2.096115 -0.819320
v -0.363665 2.061245 -0.848131
vn -0.1625 -0.8502 0.5008
vn -0.5874 0.0004 0.8093
vn -0.2502 0.8168 0.5198
vn -0.2475 0.8189 0.5178
vn -0.1614 -0.8509 0.5000
vn 0.5702 -0.8180 -0.0763
vn 0.9511 -0.0005 -0.3089
vn 0.5269 0.8500 -0.0010
vn -0.5914 -0.2574 -0.7642
vn -0.6039 -0.1015 -0.7905
vn -0.5215 -0.1989 -0.8297
vn -0.6609 -0.2152 -0.7190
vn -0.3709 -0.0890 -0.9244
vn -0.5025 -0.0240 -0.8643
vn -0.3740 0.0040 -0.9274
vn -0.4546 -0.1478 -0.8783
vn -0.3638 0.1519 -0.9190
vn -0.4939 0.0680 -0.8669
vn -0.4313 0.1889 -0.8822
vn -0.3705 0.0672 -0.9264
vn -0.5441 0.2574 -0.7986
vn -0.5652 0.1015 -0.8187
vn -0.6280 0.1989 -0.7524
vn -0.4795 0.2152 -0.8507
vn -0.7645 0.0890 -0.6384
vn -0.6667 0.0240 -0.7449
vn -0.7665 -0.0040 -0.6423
vn -0.6949 0.1478 -0.7038
vn -0.7616 -0.1519 -0.6300
vn -0.6718 -0.0680 -0.7376
vn -0.7057 -0.1889 -0.6828
vn -0.7666 -0.0672 -0.6386
vt 0.390390 0.000000
vt 1.000000 0.000000
vt 0.998612 0.729303
vt 0.759431 0.445427
vt 0.449533 0.072148
vt 0.745499 0.085009
vt 0.744832 0.315349
vt 0.739366 0.552504
vt 0.730943 0.730943
vt 0.000000 0.000000
vt 0.743461 0.000000
vt 0.576648 0.270820
vt 0.380573 0.105305
vt 0.256539 0.000000
vt 1.000000 0.619781
vt 0.940154 0.571306
vt 0.675306 0.124895
vt 0.655515 0.321920
vt 0.619781 0.619781
vt 0.687191 0.000000
vt 0.545837 0.192144
vt 0.338829 0.000000
vt 1.000000 0.609610
vt 1.000000 0.166908
vt 1.000000 1.000000
vt 0.338829 0.338829
vt 0.396873 0.318513
vt 0.488708 0.287709
vt 0.662951 0.238222
vt 0.840529 0.196227
vt 0.937664 0.177881
vt 1.000000 0.179725
vt 0.166908 0.166908
vt 0.259195 0.164498
vt 0.518220 0.164853
vt 0.790206 0.170574
vt 0.904218 0.294017
vt 1.000000 0.312809
vt 0.180300 0.179801
vt 0.380748 0.207349
vt 0.646349 0.249147
vt 0.691533 0.189526
vt 0.681819 0.202658
vt 0.674126 0.192260
vt 0.681786 0.188872
vt 0.686658 0.186717
vt 0.681819 0.236191
vt 0.668837 0.213707
vt 0.694800 0.213706
vt 0.660517 0.199296
vt 0.704458 0.196978
vt 0.701869 0.195481
vt 0.636564 0.221270
vt 0.636570 0.215672
vt 0.640881 0.212517
vt 0.647626 0.207579
vt 0.652778 0.219424
vt 0.655856 0.236191
vt 0.668837 0.213706
vt 0.636564 0.221270
vt 0.636548 0.236191
vt 0.636518 0.262313
vt 0.636531 0.251109
vt 0.652778 0.252958
vt 0.646255 0.267955
vt 0.668837 0.258676
vt 0.655856 0.236191
vt 0.646255 0.267955
vt 0.659162 0.275434
vt 0.636548 0.236191
vt 0.681851 0.283609
vt 0.676976 0.285754
vt 0.672065 0.282909
vt 0.681819 0.269724
vt 0.689576 0.280211
vt 0.694800 0.258676
vt 0.668837 0.258676
vt 0.703184 0.273198
vt 0.700952 0.274358
vt 0.689576 0.280211
vt 0.659162 0.275434
vt 0.710859 0.252958
vt 0.727122 0.251107
vt 0.727119 0.256748
vt 0.722826 0.259905
vt 0.716049 0.264889
vt 0.707781 0.236191
vt 0.694800 0.258676
vt 0.727127 0.236191
vt 0.727122 0.251107
vt 0.716049 0.264889
vt 0.703184 0.273198
vt 0.710859 0.219424
vt 0.717374 0.204446
vt 0.727136 0.210092
vt 0.727133 0.221276
vt 0.694800 0.213707
vt 0.707781 0.236191
vt 0.717374 0.204446
vt 0.704458 0.196978
vt 0.727127 0.236191
s 0
f 3303/4754/2000 3259/4755/2000 3310/4756/2000 3305/4757/2000 3304/4758/2000
f 3306/4759/2001 3308/4760/2001 3309/4761/2001 3310/4762/2001 3259/4763/2001 3307/4764/2001
f 3312/4765/2002 3313/4766/2002 3307/4767/2002 3259/4755/2002 3314/4768/2002 3311/4769/2002
f 3316/4770/2003 3317/4771/2003 3314/4772/2003 3259/4763/2003 3315/4773/2003
f 3318/4774/2004 3319/4775/2004 3259/4755/2004 3303/4776/2004
f 3320/4777/2005 3259/4778/2005 3319/4779/2005 3322/4780/2005 3323/4781/2005 3324/4782/2005 3325/4783/2005 3321/4784/2005
f 3332/4785/2006 3259/4778/2006 3320/4786/2006 3326/4787/2006 3327/4788/2006 3328/4789/2006
f 3329/4790/2007 3315/4791/2007 3259/4778/2007 3332/4792/2007 3331/4793/2007 3330/4794/2007
f 3289/4795/2008 3267/4796/2008 3291/4797/2008 3290/4798/2008 3288/4799/2008
f 3260/4800/2009 3261/4801/2009 3267/4796/2009 3266/4802/2009
f 3267/4796/2010 3261/4801/2010 3292/4803/2010 3291/4797/2010
f 3275/4804/2011 3266/4802/2011 3267/4796/2011 3289/4795/2011 3274/4805/2011
f 3297/4806/2012 3294/4807/2012 3295/4808/2012 3293/4809/2012 3268/4810/2012
f 3260/4800/2013 3263/4811/2013 3268/4810/2013 3261/4812/2013
f 3297/4813/2014 3268/4810/2014 3263/4811/2014 3298/4814/2014
f 3261/4812/2015 3268/4810/2015 3293/4809/2015 3292/4803/2015
f 3302/4815/2016 3296/4816/2016 3269/4817/2016 3301/4818/2016
f 3260/4800/2017 3264/4819/2017 3269/4817/2017 3263/4820/2017
f 3301/4821/2018 3269/4817/2018 3264/4819/2018 3300/4822/2018
f 3263/4820/2019 3269/4817/2019 3296/4816/2019 3298/4823/2019
f 3286/4824/2020 3285/4825/2020 3299/4826/2020 3270/4827/2020 3287/4828/2020
f 3260/4800/2021 3262/4829/2021 3270/4827/2021 3264/4830/2021
f 3270/4827/2022 3262/4829/2022 3283/4831/2022 3282/4832/2022 3287/4833/2022
f 3264/4830/2023 3270/4827/2023 3299/4826/2023 3300/4834/2023
f 3271/4835/2024 3278/4836/2024 3280/4837/2024 3281/4838/2024 3284/4839/2024
f 3260/4800/2025 3265/4840/2025 3271/4835/2025 3262/4841/2025
f 3271/4835/2026 3265/4840/2026 3277/4842/2026 3278/4843/2026
f 3262/4841/2027 3271/4835/2027 3284/4844/2027 3283/4845/2027
f 3272/4846/2028 3276/4847/2028 3273/4848/2028 3279/4849/2028
f 3260/4800/2029 3266/4850/2029 3272/4846/2029 3265/4851/2029
f 3276/4852/2030 3272/4846/2030 3266/4850/2030 3275/4853/2030
f 3265/4851/2031 3272/4846/2031 3279/4849/2031 3277/4854/2031
o Icosphere_cell.029
v -0.086477 1.888450 0.012539
v -0.962097 1.888851 -0.272381
v -0.925848 2.022226 -0.347273
v -0.976792 1.755477 -0.190485
v -0.970888 2.032604 -0.192693
v -0.997211 1.894781 -0.111684
v -0.896048 1.882921 -0.423027
v -0.922370 1.745098 -0.342018
v -0.998768 1.793715 -0.091550
v -0.941159 2.095360 -0.268849
v -0.991569 2.000412 -0.092161
v -0.885473 1.983987 -0.440231
v -0.880009 1.777290 -0.435506
v -0.943081 1.682342 -0.262931
v -0.994039 1.724913 -0.057841
v -1.000417 1.754002 -0.014496
v -1.003552 1.772395 0.012746
v -0.908587 1.582838 -0.279518
v -0.922772 1.598854 -0.253693
v -0.973222 1.673571 -0.136100
v -0.943684 1.624329 -0.212918
v -0.901713 1.596905 -0.308687
v -0.876273 1.637505 -0.385173
v -0.816260 1.716089 -0.518388
v -0.844792 1.681282 -0.462066
v -0.829884 1.881592 -0.528281
v -0.830380 1.971899 -0.528631
v -0.824606 1.787865 -0.524451
v -0.828289 2.004789 -0.527106
v -0.912305 2.153262 -0.309586
v -0.919315 2.178783 -0.264389
v -0.922975 2.194742 -0.235368
v -0.841858 2.023392 -0.503047
v -0.891105 2.103869 -0.389039
v -0.861987 2.052345 -0.464565
v -0.988770 2.061304 0.012497
v -0.978714 2.096234 -0.050056
v -0.958981 2.140020 -0.130787
v -0.934599 2.180629 -0.207637
v -1.006182 1.805846 0.012718
v -1.005568 1.896113 0.012640
v -0.999042 1.989816 0.012559
v -0.973222 1.673571 -0.136100
v -0.943684 1.624329 -0.212918
v -0.922772 1.598854 -0.253693
v -0.908587 1.582838 -0.279518
v -1.000417 1.754002 -0.014496
v -1.003552 1.772395 0.012746
v -0.994039 1.724913 -0.057841
v -0.901713 1.596905 -0.308687
v -0.876273 1.637505 -0.385173
v -0.844792 1.681282 -0.462066
v -0.816260 1.716089 -0.518388
v -0.829884 1.881592 -0.528281
v -0.824606 1.787865 -0.524451
v -0.830380 1.971899 -0.528631
v -0.828289 2.004789 -0.527106
v -0.912305 2.153262 -0.309586
v -0.891105 2.103869 -0.389039
v -0.919315 2.178783 -0.264389
v -0.922975 2.194742 -0.235368
v -0.841858 2.023392 -0.503047
v -0.861987 2.052345 -0.464565
v -0.978714 2.096234 -0.050056
v -0.958981 2.140020 -0.130787
v -0.934599 2.180629 -0.207637
v -1.006182 1.805846 0.012718
v -1.005568 1.896113 0.012640
v -0.988770 2.061304 0.012497
v -0.999042 1.989816 0.012559
vn 0.1037 -0.8187 0.5647
vn 0.4260 -0.8501 -0.3096
vn 0.5883 0.0001 -0.8087
vn 0.4170 0.8176 -0.3970
vn 0.1628 0.8501 0.5009
vn 0.0001 0.0009 1.0000
vn -0.9938 -0.0890 -0.0671
vn -0.9772 -0.0240 -0.2108
vn -0.9758 -0.1478 -0.1609
vn -0.9976 0.0040 -0.0691
vn -0.9276 0.2574 -0.2707
vn -0.9533 0.1015 -0.2846
vn -0.9573 0.2152 -0.1932
vn -0.9096 0.1989 -0.3647
vn -0.9864 0.1519 -0.0620
vn -0.9771 0.0680 -0.2019
vn -0.9955 0.0672 -0.0661
vn -0.9723 0.1889 -0.1376
vn -0.8434 0.0890 -0.5298
vn -0.9145 0.0240 -0.4039
vn -0.8841 0.1478 -0.4434
vn -0.8477 -0.0040 -0.5305
vn -0.8345 -0.1520 -0.5296
vn -0.9091 -0.0680 -0.4110
vn -0.8443 -0.0672 -0.5317
vn -0.8675 -0.1889 -0.4602
vn -0.9096 -0.2574 -0.3263
vn -0.9385 -0.1015 -0.3301
vn -0.8880 -0.2152 -0.4064
vn -0.9503 -0.1989 -0.2396
vt 0.859892 0.636785
vt 0.838929 0.751839
vt 0.824708 0.824708
vt 0.000000 0.000000
vt 0.919874 0.000000
vt 0.916737 0.076876
vt 0.910353 0.199190
vt 0.889497 0.420025
vt 1.000000 0.000000
vt 1.000000 0.824708
vt 0.914841 0.732626
vt 0.684451 0.476640
vt 0.447181 0.207712
vt 0.268149 0.000000
vt 1.000000 1.000000
vt 0.268897 0.268109
vt 0.447959 0.259734
vt 0.685005 0.254382
vt 0.915240 0.253828
vt 1.000000 0.255905
vt 0.819955 0.171818
vt 0.929950 0.164820
vt 1.000000 0.161169
vt 0.255905 0.255905
vt 0.321242 0.242317
vt 0.424661 0.222161
vt 0.620469 0.193019
vt 0.788306 0.105220
vt 1.000000 0.095118
vt 0.161169 0.161169
vt 0.255018 0.149505
vt 0.515095 0.125032
vt 0.893496 0.077507
vt 1.000000 0.080126
vt 0.095118 0.095118
vt 0.316384 0.084775
vt 0.609178 0.078175
vt 0.818073 0.221280
vt 0.801768 0.219424
vt 0.806975 0.207454
vt 0.813804 0.212438
vt 0.818077 0.215557
vt 0.772728 0.236191
vt 0.785709 0.213707
vt 0.798690 0.236191
vt 0.806975 0.207454
vt 0.794086 0.199197
vt 0.818061 0.236191
vt 0.777577 0.285745
vt 0.772695 0.283584
vt 0.764996 0.280176
vt 0.772728 0.269724
vt 0.782481 0.282909
vt 0.785709 0.258676
vt 0.759746 0.258676
vt 0.795389 0.275443
vt 0.782481 0.282909
vt 0.751396 0.273138
vt 0.818027 0.262345
vt 0.808299 0.267974
vt 0.801768 0.252958
vt 0.818049 0.251105
vt 0.798690 0.236191
vt 0.785709 0.258676
vt 0.818061 0.236191
vt 0.727440 0.251109
vt 0.743687 0.252958
vt 0.738514 0.264851
vt 0.731745 0.259890
vt 0.727441 0.256736
vt 0.759746 0.258676
vt 0.746765 0.236191
vt 0.738514 0.264851
vt 0.751396 0.273138
vt 0.727438 0.236191
vt 0.727437 0.209995
vt 0.737143 0.204379
vt 0.743687 0.219424
vt 0.727437 0.221274
vt 0.746765 0.236191
vt 0.759746 0.213706
vt 0.727438 0.236191
vt 0.737143 0.204379
vt 0.750050 0.196912
vt 0.767843 0.186620
vt 0.772760 0.188787
vt 0.780475 0.192186
vt 0.772728 0.202658
vt 0.762955 0.189447
vt 0.759746 0.213707
vt 0.785709 0.213706
vt 0.750050 0.196912
vt 0.762955 0.189447
vt 0.794086 0.199197
s 0
f 3376/4855/2032 3377/4856/2032 3378/4857/2032 3333/4858/2032 3380/4859/2032 3379/4860/2032 3381/4861/2032 3375/4862/2032
f 3333/4863/2033 3378/4864/2033 3382/4865/2033 3383/4866/2033 3384/4867/2033 3385/4868/2033
f 3333/4869/2034 3385/4870/2034 3387/4871/2034 3386/4872/2034 3388/4873/2034 3389/4874/2034
f 3390/4875/2035 3392/4876/2035 3393/4877/2035 3333/4869/2035 3389/4878/2035 3394/4879/2035 3395/4880/2035 3391/4881/2035
f 3396/4882/2036 3401/4883/2036 3333/4869/2036 3393/4884/2036 3398/4885/2036 3397/4886/2036
f 3399/4887/2037 3380/4888/2037 3333/4869/2037 3401/4889/2037 3402/4890/2037 3400/4891/2037
f 3372/4892/2038 3341/4893/2038 3347/4894/2038 3348/4895/2038 3349/4896/2038
f 3334/4897/2039 3336/4898/2039 3341/4893/2039 3338/4899/2039
f 3347/4900/2040 3341/4893/2040 3336/4898/2040 3352/4901/2040
f 3373/4902/2041 3338/4899/2041 3341/4893/2041 3372/4892/2041
f 3364/4903/2042 3363/4904/2042 3362/4905/2042 3342/4906/2042 3371/4907/2042
f 3334/4897/2043 3337/4908/2043 3342/4906/2043 3335/4909/2043
f 3342/4906/2044 3337/4908/2044 3370/4910/2044 3371/4911/2044
f 3335/4909/2045 3342/4906/2045 3362/4905/2045 3366/4912/2045
f 3368/4913/2046 3369/4914/2046 3343/4915/2046 3374/4916/2046
f 3334/4897/2047 3338/4917/2047 3343/4915/2047 3337/4918/2047
f 3343/4915/2048 3338/4917/2048 3373/4919/2048 3374/4916/2048
f 3337/4918/2049 3343/4915/2049 3369/4914/2049 3370/4910/2049
f 3359/4920/2050 3344/4921/2050 3367/4922/2050 3365/4923/2050 3361/4924/2050
f 3334/4897/2051 3335/4925/2051 3344/4921/2051 3339/4926/2051
f 3367/4927/2052 3344/4921/2052 3335/4925/2052 3366/4928/2052
f 3339/4926/2053 3344/4921/2053 3359/4920/2053 3358/4929/2053
f 3356/4930/2054 3357/4931/2054 3345/4932/2054 3360/4933/2054
f 3334/4897/2055 3339/4934/2055 3345/4932/2055 3340/4935/2055
f 3360/4933/2056 3345/4932/2056 3339/4934/2056 3358/4936/2056
f 3340/4935/2057 3345/4932/2057 3357/4937/2057 3355/4938/2057
f 3350/4939/2058 3351/4940/2058 3353/4941/2058 3346/4942/2058 3354/4943/2058
f 3334/4897/2059 3340/4944/2059 3346/4942/2059 3336/4945/2059
f 3346/4942/2060 3340/4944/2060 3355/4946/2060 3354/4947/2060
f 3352/4948/2061 3336/4945/2061 3346/4942/2061 3353/4941/2061
o Icosphere_cell.030
v -0.080727 1.888468 0.011017
v 0.461124 1.888851 -0.734814
v 0.521151 1.755476 -0.677196
v 0.387777 2.022225 -0.774099
v 0.583988 1.894780 -0.625446
v 0.515077 2.032604 -0.675513
v 0.319142 1.882921 -0.817868
v 0.388054 1.745098 -0.767801
v 0.451296 1.682341 -0.715991
v 0.597083 1.793714 -0.610071
v 0.590900 2.000412 -0.606336
v 0.446260 2.095360 -0.719650
v 0.300473 1.983987 -0.825571
v 0.298832 1.777289 -0.818536
v 0.541780 2.139817 -0.618539
v 0.450934 2.194373 -0.682236
v 0.476797 2.180253 -0.666508
v 0.605248 2.096235 -0.564715
v 0.650203 2.061455 -0.519924
v 0.203131 2.005239 -0.862210
v 0.227950 2.023564 -0.850863
v 0.267056 2.052577 -0.831473
v 0.431222 2.178711 -0.703218
v 0.398971 2.153262 -0.735648
v 0.335051 2.103975 -0.787484
v 0.198299 1.716126 -0.848222
v 0.201548 1.787885 -0.858002
v 0.203646 1.881591 -0.864171
v 0.203913 1.971895 -0.864717
v 0.254707 1.681231 -0.819323
v 0.390959 1.596938 -0.728688
v 0.413609 1.582925 -0.709184
v 0.325394 1.637501 -0.775619
v 0.440314 1.598984 -0.696610
v 0.550179 1.673714 -0.631180
v 0.481127 1.624434 -0.675957
v 0.643573 1.754116 -0.548881
v 0.662007 1.772406 -0.528810
v 0.613028 1.725097 -0.580101
v 0.658496 1.989816 -0.526009
v 0.664153 1.805806 -0.530331
v 0.663715 1.896111 -0.529909
v 0.605248 2.096235 -0.564715
v 0.650203 2.061455 -0.519924
v 0.541780 2.139817 -0.618539
v 0.476797 2.180253 -0.666508
v 0.450934 2.194373 -0.682236
v 0.267056 2.052577 -0.831473
v 0.335051 2.103975 -0.787484
v 0.227950 2.023564 -0.850863
v 0.203131 2.005239 -0.862210
v 0.431222 2.178711 -0.703218
v 0.398971 2.153262 -0.735648
v 0.203913 1.971895 -0.864717
v 0.203646 1.881591 -0.864171
v 0.201548 1.787885 -0.858002
v 0.390959 1.596938 -0.728688
v 0.413609 1.582925 -0.709184
v 0.198299 1.716126 -0.848222
v 0.254707 1.681231 -0.819323
v 0.325394 1.637501 -0.775619
v 0.550179 1.673714 -0.631180
v 0.613028 1.725097 -0.580101
v 0.643573 1.754116 -0.548881
v 0.662007 1.772406 -0.528810
v 0.440314 1.598984 -0.696610
v 0.481127 1.624434 -0.675957
v 0.664153 1.805806 -0.530331
v 0.663715 1.896111 -0.529909
v 0.658496 1.989816 -0.526009
vn 0.1612 0.8513 0.4993
vn -0.5696 0.8184 -0.0757
vn -0.9511 0.0009 -0.3090
vn -0.5260 -0.8505 -0.0002
vn 0.2484 -0.8186 0.5178
vn 0.5878 -0.0009 0.8090
vn 0.5441 -0.2574 -0.7986
vn 0.5652 -0.1015 -0.8187
vn 0.6280 -0.1989 -0.7524
vn 0.4795 -0.2152 -0.8507
vn 0.7645 -0.0890 -0.6384
vn 0.6667 -0.0240 -0.7449
vn 0.7665 0.0040 -0.6423
vn 0.6949 -0.1478 -0.7038
vn 0.7616 0.1519 -0.6300
vn 0.6718 0.0680 -0.7376
vn 0.7057 0.1889 -0.6828
vn 0.7666 0.0672 -0.6386
vn 0.5913 0.2574 -0.7643
vn 0.6039 0.1015 -0.7905
vn 0.5215 0.1989 -0.8297
vn 0.6609 0.2152 -0.7190
vn 0.3709 0.0890 -0.9244
vn 0.5025 0.0240 -0.8643
vn 0.3740 -0.0040 -0.9274
vn 0.4546 0.1478 -0.8783
vn 0.3638 -0.1520 -0.9190
vn 0.4939 -0.0680 -0.8669
vn 0.4313 -0.1889 -0.8822
vn 0.3705 -0.0672 -0.9264
vt 0.447837 0.280967
vt 0.684445 0.302333
vt 0.914333 0.327219
vt 1.000000 0.338543
vt 1.000000 1.000000
vt 0.268696 0.268646
vt 0.840381 0.195749
vt 0.938439 0.177176
vt 1.000000 0.166304
vt 0.338543 0.338543
vt 0.395840 0.318475
vt 0.488250 0.287456
vt 0.662670 0.237858
vt 0.166304 0.166304
vt 0.260096 0.163920
vt 0.518311 0.164466
vt 0.789460 0.170380
vt 1.000000 0.179736
vt 1.000000 0.312811
vt 0.179736 0.179736
vt 0.380997 0.207411
vt 0.646773 0.249245
vt 0.904874 0.294153
vt 0.834560 0.259683
vt 0.936276 0.257661
vt 1.000000 0.257096
vt 0.312811 0.312811
vt 0.373710 0.303180
vt 0.469513 0.289228
vt 0.650330 0.270875
vt 1.000000 0.268642
vt 0.257096 0.257096
vt 0.340830 0.254920
vt 0.570980 0.255280
vt 0.812669 0.260420
vt 0.509769 0.189452
vt 0.500001 0.202658
vt 0.492268 0.192205
vt 0.499968 0.188809
vt 0.504894 0.186635
vt 0.500001 0.236191
vt 0.487019 0.213707
vt 0.512982 0.213706
vt 0.478657 0.199223
vt 0.492268 0.192205
vt 0.522678 0.196911
vt 0.509769 0.189452
vt 0.458960 0.212458
vt 0.465767 0.207486
vt 0.470960 0.219424
vt 0.454708 0.221274
vt 0.454713 0.215559
vt 0.474038 0.236191
vt 0.487019 0.213706
vt 0.454708 0.221274
vt 0.454694 0.236191
vt 0.465767 0.207486
vt 0.478657 0.199223
vt 0.454680 0.251105
vt 0.470960 0.252958
vt 0.464429 0.267974
vt 0.454669 0.262360
vt 0.487019 0.258676
vt 0.474038 0.236191
vt 0.477357 0.275411
vt 0.464429 0.267974
vt 0.454694 0.236191
vt 0.454680 0.251105
vt 0.490290 0.282851
vt 0.500001 0.269724
vt 0.507733 0.280176
vt 0.500033 0.283572
vt 0.495229 0.285692
vt 0.512982 0.258676
vt 0.521343 0.273157
vt 0.477357 0.275411
vt 0.545293 0.251108
vt 0.545288 0.256813
vt 0.541035 0.259920
vt 0.534232 0.264891
vt 0.529041 0.252958
vt 0.525963 0.236191
vt 0.512982 0.258676
vt 0.545307 0.236191
vt 0.545293 0.251108
vt 0.534232 0.264891
vt 0.521343 0.273157
vt 0.545332 0.210019
vt 0.545321 0.221277
vt 0.529041 0.219424
vt 0.535589 0.204371
vt 0.512982 0.213707
vt 0.525963 0.236191
vt 0.522678 0.196911
vt 0.545321 0.221277
vt 0.545307 0.236191
s 0
f 3445/4949/2062 3447/4950/2062 3448/4951/2062 3449/4952/2062 3403/4953/2062 3446/4954/2062
f 3450/4955/2063 3452/4956/2063 3453/4957/2063 3403/4953/2063 3449/4958/2063 3454/4959/2063 3455/4960/2063 3451/4961/2063
f 3403/4953/2064 3453/4962/2064 3456/4963/2064 3457/4964/2064 3458/4965/2064 3461/4966/2064
f 3460/4967/2065 3403/4953/2065 3461/4968/2065 3462/4969/2065 3463/4970/2065 3459/4971/2065
f 3465/4972/2066 3466/4973/2066 3467/4974/2066 3403/4953/2066 3460/4975/2066 3468/4976/2066 3469/4977/2066 3464/4978/2066
f 3446/4979/2067 3403/4953/2067 3467/4980/2067 3470/4981/2067 3471/4982/2067 3472/4983/2067
f 3433/4984/2068 3411/4985/2068 3438/4986/2068 3436/4987/2068 3434/4988/2068
f 3404/4989/2069 3405/4990/2069 3411/4985/2069 3410/4991/2069
f 3411/4985/2070 3405/4990/2070 3437/4992/2070 3438/4993/2070
f 3435/4994/2071 3410/4991/2071 3411/4985/2071 3433/4995/2071
f 3439/4996/2072 3441/4997/2072 3412/4998/2072 3443/4999/2072 3440/5000/2072
f 3404/4989/2073 3407/5001/2073 3412/4998/2073 3405/5002/2073
f 3443/5003/2074 3412/4998/2074 3407/5001/2074 3444/5004/2074
f 3405/5002/2075 3412/4998/2075 3441/5005/2075 3437/5006/2075
f 3442/5007/2076 3413/5008/2076 3420/5009/2076 3421/5010/2076
f 3404/4989/2077 3408/5011/2077 3413/5008/2077 3407/5012/2077
f 3413/5008/2078 3408/5011/2078 3417/5013/2078 3420/5014/2078
f 3444/5015/2079 3407/5012/2079 3413/5008/2079 3442/5016/2079
f 3419/5017/2080 3414/5018/2080 3426/5019/2080 3425/5020/2080 3418/5021/2080
f 3404/4989/2081 3406/5022/2081 3414/5018/2081 3408/5011/2081
f 3414/5018/2082 3406/5022/2082 3427/5023/2082 3426/5019/2082
f 3408/5011/2083 3414/5018/2083 3419/5017/2083 3417/5024/2083
f 3431/5025/2084 3422/5026/2084 3423/5027/2084 3424/5028/2084 3415/5029/2084
f 3404/4989/2085 3409/5030/2085 3415/5029/2085 3406/5031/2085
f 3415/5029/2086 3409/5030/2086 3430/5032/2086 3431/5033/2086
f 3406/5031/2087 3415/5029/2087 3424/5034/2087 3427/5035/2087
f 3428/5036/2088 3429/5037/2088 3416/5038/2088 3432/5039/2088
f 3404/4989/2089 3410/5040/2089 3416/5038/2089 3409/5041/2089
f 3432/5039/2090 3416/5038/2090 3410/5040/2090 3435/5042/2090
f 3409/5041/2091 3416/5038/2091 3429/5043/2091 3430/5044/2091
o Icosphere_cell.031
v -0.082852 1.888875 0.009935
v -0.082498 1.888851 -0.911448
v -0.000070 2.022226 -0.900117
v -0.164925 1.755476 -0.900117
v -0.161004 2.032604 -0.895184
v -0.246181 1.894780 -0.895185
v 0.081186 1.882921 -0.895185
v -0.003991 1.745098 -0.895184
v -0.265811 1.793714 -0.890444
v -0.079388 2.095360 -0.890443
v -0.263007 2.000412 -0.883787
v 0.100816 1.983987 -0.890444
v 0.098011 1.777289 -0.883787
v -0.085607 1.682341 -0.890443
v -0.031848 2.153117 -0.875627
v -0.076890 2.178451 -0.868379
v -0.105802 2.194431 -0.862879
v 0.174383 2.023580 -0.868269
v 0.201317 2.005164 -0.862820
v 0.131311 2.052562 -0.875580
v 0.050399 2.103888 -0.879976
v -0.299012 2.096057 -0.858596
v -0.361817 2.061023 -0.848788
v -0.216111 2.139845 -0.864779
v -0.135466 2.180459 -0.865339
v -0.364894 1.989818 -0.858537
v -0.366887 1.805800 -0.865369
v -0.366802 1.896110 -0.864766
v -0.366044 1.772644 -0.862898
v -0.339190 1.754222 -0.868326
v -0.296261 1.725242 -0.875602
v -0.215414 1.673781 -0.879968
v -0.133269 1.624436 -0.875589
v -0.088115 1.598943 -0.868297
v -0.059751 1.583206 -0.862886
v -0.029625 1.597387 -0.865382
v 0.196317 1.716533 -0.848900
v 0.133969 1.681772 -0.858629
v 0.051046 1.637993 -0.864818
v 0.199848 1.787878 -0.858550
v 0.201898 1.881590 -0.864743
v 0.202117 1.971874 -0.865314
v -0.031848 2.153117 -0.875627
v 0.050399 2.103888 -0.879976
v -0.076890 2.178451 -0.868379
v -0.105802 2.194431 -0.862879
v 0.174383 2.023580 -0.868269
v 0.201317 2.005164 -0.862820
v 0.131311 2.052562 -0.875580
v -0.299012 2.096057 -0.858596
v -0.216111 2.139845 -0.864779
v -0.135466 2.180459 -0.865339
v -0.361817 2.061023 -0.848788
v -0.364894 1.989818 -0.858537
v -0.366802 1.896110 -0.864766
v -0.366887 1.805800 -0.865369
v -0.366044 1.772644 -0.862898
v -0.339190 1.754222 -0.868326
v -0.296261 1.725242 -0.875602
v -0.215414 1.673781 -0.879968
v -0.133269 1.624436 -0.875589
v -0.088115 1.598943 -0.868297
v -0.059751 1.583206 -0.862886
v 0.133969 1.681772 -0.858629
v 0.051046 1.637993 -0.864818
v 0.196317 1.716533 -0.848900
v -0.029625 1.597387 -0.865382
v 0.201898 1.881590 -0.864743
v 0.202117 1.971874 -0.865314
v 0.199848 1.787878 -0.858550
vn 0.5046 0.8189 0.2734
vn -0.4261 0.8503 0.3089
vn -0.9511 -0.0012 0.3088
vn -0.5060 -0.8181 0.2731
vn 0.4259 -0.8504 0.3091
vn 0.9508 -0.0015 0.3097
vn -0.2432 -0.0890 -0.9659
vn -0.1015 -0.0240 -0.9945
vn -0.1485 -0.1478 -0.9778
vn -0.2426 0.0040 -0.9701
vn -0.0292 0.2574 -0.9659
vn -0.0239 0.1015 -0.9945
vn -0.1121 0.2152 -0.9701
vn 0.0658 0.1989 -0.9778
vn -0.2459 0.1519 -0.9573
vn -0.1100 0.0680 -0.9916
vn -0.2448 0.0672 -0.9672
vn -0.1696 0.1889 -0.9672
vn 0.2432 0.0890 -0.9659
vn 0.1015 0.0240 -0.9945
vn 0.1485 0.1478 -0.9778
vn 0.2426 -0.0040 -0.9701
vn 0.2458 -0.1519 -0.9573
vn 0.1100 -0.0680 -0.9916
vn 0.2448 -0.0672 -0.9672
vn 0.1696 -0.1889 -0.9672
vn 0.0292 -0.2574 -0.9659
vn 0.0239 -0.1015 -0.9945
vn 0.1121 -0.2152 -0.9701
vn -0.0658 -0.1989 -0.9778
vt 0.846383 0.644706
vt 0.839530 0.760647
vt 0.834321 0.834321
vt 0.000000 0.000000
vt 0.833751 0.000000
vt 0.839005 0.077984
vt 0.846065 0.201452
vt 0.850403 0.425134
vt 0.381526 0.211277
vt 0.179778 0.000000
vt 1.000000 0.000000
vt 1.000000 0.834321
vt 0.905307 0.741907
vt 0.647262 0.483129
vt 1.000000 1.000000
vt 0.179778 0.179778
vt 0.379916 0.170438
vt 0.645816 0.164450
vt 0.904135 0.163838
vt 1.000000 0.166186
vt 0.166186 0.166186
vt 0.238899 0.161000
vt 0.355239 0.154049
vt 0.575011 0.149879
vt 0.798948 0.154063
vt 0.922396 0.161029
vt 1.000000 0.166199
vt 0.789529 0.170194
vt 1.000000 0.179524
vt 0.166199 0.166199
vt 0.259851 0.163804
vt 0.518166 0.164313
vt 0.903739 0.163857
vt 1.000000 0.166249
vt 0.179524 0.179524
vt 0.379528 0.170267
vt 0.645468 0.164377
vt 0.636188 0.215600
vt 0.636194 0.221273
vt 0.619950 0.219424
vt 0.625132 0.207511
vt 0.631918 0.212477
vt 0.590910 0.236191
vt 0.603891 0.213707
vt 0.616872 0.236191
vt 0.625132 0.207511
vt 0.612246 0.199235
vt 0.636211 0.236191
vt 0.595788 0.285691
vt 0.590877 0.283529
vt 0.583197 0.280150
vt 0.590910 0.269724
vt 0.600644 0.282883
vt 0.603891 0.258676
vt 0.577928 0.258676
vt 0.613556 0.275415
vt 0.583197 0.280150
vt 0.569576 0.273141
vt 0.636181 0.262329
vt 0.626469 0.267946
vt 0.619950 0.252958
vt 0.636228 0.251105
vt 0.616872 0.236191
vt 0.636211 0.236191
vt 0.626469 0.267946
vt 0.549870 0.259923
vt 0.545588 0.256801
vt 0.545589 0.251105
vt 0.561869 0.252958
vt 0.556680 0.264889
vt 0.577928 0.258676
vt 0.564947 0.236191
vt 0.556680 0.264889
vt 0.569576 0.273141
vt 0.545594 0.236191
vt 0.545658 0.210065
vt 0.555358 0.204456
vt 0.561869 0.219424
vt 0.545599 0.221276
vt 0.564947 0.236191
vt 0.577928 0.213706
vt 0.545594 0.236191
vt 0.555358 0.204456
vt 0.568276 0.196988
vt 0.586123 0.186671
vt 0.590942 0.188802
vt 0.598642 0.192205
vt 0.590910 0.202658
vt 0.581192 0.189522
vt 0.577928 0.213707
vt 0.603891 0.213706
vt 0.568276 0.196988
vt 0.581192 0.189522
vt 0.612246 0.199235
s 0
f 3515/5045/2092 3517/5046/2092 3518/5047/2092 3473/5048/2092 3520/5049/2092 3519/5050/2092 3521/5051/2092 3516/5052/2092
f 3522/5053/2093 3525/5054/2093 3473/5055/2093 3518/5056/2093 3524/5057/2093 3523/5058/2093
f 3473/5059/2094 3525/5060/2094 3526/5061/2094 3527/5062/2094 3528/5063/2094 3529/5064/2094
f 3473/5059/2095 3529/5065/2095 3530/5066/2095 3531/5067/2095 3532/5068/2095 3533/5069/2095 3534/5070/2095 3535/5071/2095
f 3536/5072/2096 3538/5073/2096 3473/5059/2096 3535/5074/2096 3539/5075/2096 3537/5076/2096
f 3541/5077/2097 3520/5078/2097 3473/5059/2097 3538/5079/2097 3542/5080/2097 3540/5081/2097
f 3501/5082/2098 3499/5083/2098 3481/5084/2098 3503/5085/2098 3502/5086/2098
f 3474/5087/2099 3476/5088/2099 3481/5084/2099 3478/5089/2099
f 3503/5090/2100 3481/5084/2100 3476/5088/2100 3504/5091/2100
f 3500/5092/2101 3478/5089/2101 3481/5084/2101 3499/5083/2101
f 3489/5093/2102 3488/5094/2102 3487/5095/2102 3482/5096/2102 3497/5097/2102
f 3474/5087/2103 3477/5098/2103 3482/5096/2103 3475/5099/2103
f 3482/5096/2104 3477/5098/2104 3496/5100/2104 3497/5097/2104
f 3475/5099/2105 3482/5096/2105 3487/5101/2105 3493/5102/2105
f 3495/5103/2106 3494/5104/2106 3483/5105/2106 3498/5106/2106
f 3474/5087/2107 3478/5107/2107 3483/5105/2107 3477/5098/2107
f 3483/5105/2108 3478/5107/2108 3500/5108/2108 3498/5106/2108
f 3477/5098/2109 3483/5105/2109 3494/5109/2109 3496/5100/2109
f 3490/5110/2110 3491/5111/2110 3514/5112/2110 3484/5113/2110 3492/5114/2110
f 3474/5087/2111 3475/5115/2111 3484/5113/2111 3479/5116/2111
f 3492/5117/2112 3484/5113/2112 3475/5115/2112 3493/5118/2112
f 3479/5116/2113 3484/5113/2113 3514/5112/2113 3513/5119/2113
f 3509/5120/2114 3510/5121/2114 3485/5122/2114 3512/5123/2114
f 3474/5087/2115 3479/5124/2115 3485/5122/2115 3480/5125/2115
f 3512/5123/2116 3485/5122/2116 3479/5124/2116 3513/5126/2116
f 3480/5125/2117 3485/5122/2117 3510/5127/2117 3511/5128/2117
f 3507/5129/2118 3506/5130/2118 3505/5131/2118 3486/5132/2118 3508/5133/2118
f 3474/5087/2119 3480/5134/2119 3486/5132/2119 3476/5135/2119
f 3486/5132/2120 3480/5134/2120 3511/5136/2120 3508/5137/2120
f 3504/5138/2121 3476/5135/2121 3486/5132/2121 3505/5131/2121
o Icosphere_cell.032
v -0.080403 1.890267 0.015490
v 0.553984 2.375085 0.475845
v 0.454027 2.369128 0.597025
v 0.638346 2.369127 0.343335
v 0.434628 2.487629 0.489261
v 0.529861 2.487629 0.358186
v 0.555724 2.245440 0.577242
v 0.650956 2.245439 0.446166
v 0.390263 2.454144 0.576051
v 0.444694 2.541051 0.396441
v 0.598694 2.454143 0.289173
v 0.480365 2.273941 0.641514
v 0.625203 2.180033 0.527588
v 0.688796 2.273940 0.354635
v 0.298066 2.502758 0.596640
v 0.311510 2.482794 0.607885
v 0.422079 2.274727 0.691159
v 0.440339 2.226755 0.701870
v 0.451404 2.196054 0.707996
v 0.314724 2.478009 0.610587
v 0.383614 2.358521 0.664740
v 0.340590 2.437720 0.631942
v 0.501608 2.559485 0.260704
v 0.429606 2.596759 0.308138
v 0.567383 2.519448 0.213495
v 0.589706 2.502714 0.195435
v 0.308462 2.519570 0.569647
v 0.356162 2.596689 0.409363
v 0.371340 2.621224 0.343147
v 0.333161 2.559503 0.492516
v 0.542098 2.141407 0.644448
v 0.650252 2.063091 0.546116
v 0.605536 2.097756 0.590661
v 0.477180 2.181932 0.692338
v 0.608161 2.477917 0.206974
v 0.680801 2.358566 0.255827
v 0.636332 2.437791 0.224947
v 0.717798 2.274720 0.284352
v 0.733485 2.227114 0.298351
v 0.742743 2.196324 0.307039
v 0.678934 2.098029 0.489519
v 0.710445 2.141786 0.412561
v 0.735917 2.182379 0.335991
v 0.298066 2.502758 0.596640
v 0.311510 2.482794 0.607885
v 0.383614 2.358521 0.664740
v 0.340590 2.437720 0.631942
v 0.314724 2.478009 0.610587
v 0.440339 2.226755 0.701870
v 0.451404 2.196054 0.707996
v 0.422079 2.274727 0.691159
v 0.501608 2.559485 0.260704
v 0.429606 2.596759 0.308138
v 0.567383 2.519448 0.213495
v 0.589706 2.502714 0.195435
v 0.308462 2.519570 0.569647
v 0.333161 2.559503 0.492516
v 0.356162 2.596689 0.409363
v 0.371340 2.621224 0.343147
v 0.650252 2.063091 0.546116
v 0.605536 2.097756 0.590661
v 0.542098 2.141407 0.644448
v 0.477180 2.181932 0.692338
v 0.733485 2.227114 0.298351
v 0.742743 2.196324 0.307039
v 0.608161 2.477917 0.206974
v 0.636332 2.437791 0.224947
v 0.680801 2.358566 0.255827
v 0.717798 2.274720 0.284352
v 0.735917 2.182379 0.335991
v 0.710445 2.141786 0.412561
v 0.678934 2.098029 0.489519
vn -0.7524 -0.1448 0.6426
vn -0.7533 -0.1434 0.6418
vn -0.2627 0.5250 -0.8096
vn -0.8506 0.5258 -0.0002
vn 0.3777 -0.1445 -0.9146
vn 0.4257 -0.8504 -0.3092
vn 0.4769 0.6440 0.5982
vn 0.6097 0.5856 0.5342
vn 0.5060 0.6874 0.5211
vn 0.5325 0.5554 0.6388
vn 0.5359 0.7491 0.3894
vn 0.6274 0.6313 0.4559
vn 0.6041 0.7157 0.3505
vn 0.5200 0.7157 0.4662
vn 0.7162 0.6440 0.2688
vn 0.6964 0.5856 0.4148
vn 0.7720 0.5554 0.3090
vn 0.6519 0.6874 0.3202
vn 0.6132 0.3716 0.6971
vn 0.6724 0.4601 0.5797
vn 0.5738 0.4727 0.6688
vn 0.6833 0.3327 0.6499
vn 0.7817 0.2574 0.5680
vn 0.7374 0.4114 0.5357
vn 0.7272 0.3013 0.6167
vn 0.8113 0.3013 0.5010
vn 0.8525 0.3716 0.3677
vn 0.7592 0.4601 0.4604
vn 0.8293 0.3327 0.4491
vn 0.8134 0.4727 0.3390
vn -0.1619 -0.8508 0.4999
vt 0.415849 0.000000
vt 1.000000 0.000000
vt 1.000000 0.565072
vt 0.588083 0.469972
vt 0.567657 0.554865
vt 0.565072 0.565072
vt 0.000000 0.000000
vt 0.660921 0.000000
vt 0.655043 0.057038
vt 0.644773 0.147022
vt 0.619471 0.310016
vt 0.612716 0.300752
vt 0.404573 0.081352
vt 0.329463 0.000000
vt 1.000000 0.696913
vt 0.831252 0.526568
vt 0.696913 0.696913
vt 0.584151 0.000000
vt 0.600148 0.081714
vt 0.638135 0.300574
vt 0.673499 0.525931
vt 1.000000 0.175959
vt 1.000000 1.000000
vt 0.329463 0.329463
vt 0.387897 0.310961
vt 0.481292 0.282718
vt 0.658038 0.238121
vt 0.838183 0.201004
vt 0.936815 0.185256
vt 1.000000 0.268374
vt 0.175959 0.175959
vt 0.267202 0.182772
vt 0.523009 0.208216
vt 0.791663 0.239704
vt 0.231769 0.339611
vt 0.231659 0.338595
vt 0.230752 0.330216
vt 0.243688 0.331688
vt 0.237160 0.346695
vt 0.232218 0.343841
vt 0.272728 0.314921
vt 0.259747 0.337406
vt 0.246765 0.314921
vt 0.250079 0.354151
vt 0.237160 0.346695
vt 0.230032 0.314921
vt 0.230752 0.330216
vt 0.272728 0.348454
vt 0.282471 0.361624
vt 0.272728 0.367223
vt 0.262998 0.361608
vt 0.285709 0.337406
vt 0.295375 0.354147
vt 0.262998 0.361608
vt 0.250079 0.354151
vt 0.313752 0.338569
vt 0.313189 0.343825
vt 0.308284 0.346667
vt 0.301768 0.331688
vt 0.314647 0.330222
vt 0.298691 0.314921
vt 0.285709 0.337406
vt 0.314647 0.330222
vt 0.315351 0.314921
vt 0.295375 0.354147
vt 0.237147 0.283116
vt 0.243688 0.298155
vt 0.230750 0.299627
vt 0.231656 0.291246
vt 0.232227 0.285956
vt 0.259747 0.292437
vt 0.230032 0.314921
vt 0.250062 0.275663
vt 0.237147 0.283116
vt 0.282441 0.268258
vt 0.272728 0.281388
vt 0.262983 0.268215
vt 0.272728 0.262645
vt 0.259747 0.292437
vt 0.285709 0.292437
vt 0.295358 0.275724
vt 0.282441 0.268258
vt 0.313130 0.285994
vt 0.313708 0.291299
vt 0.314616 0.299617
vt 0.301768 0.298154
vt 0.308278 0.283190
vt 0.285709 0.292437
vt 0.295358 0.275724
vt 1.000000 0.339079
vt 0.268374 0.268374
vt 0.551585 0.313158
vt 0.924247 0.376693
vt 0.804801 0.354124
s 0
f 3586/5139/2122 3543/5140/2122 3587/5141/2122
f 3589/5142/2123 3590/5143/2123 3587/5144/2123 3543/5145/2123 3592/5146/2123 3591/5147/2123 3593/5148/2123 3588/5149/2123
f 3594/5150/2124 3596/5151/2124 3597/5152/2124 3543/5140/2124 3601/5153/2124 3595/5154/2124
f 3601/5155/2125 3543/5145/2125 3586/5156/2125 3598/5157/2125 3599/5158/2125 3600/5159/2125
f 3607/5160/2126 3543/5161/2126 3597/5162/2126 3608/5163/2126 3609/5164/2126 3610/5165/2126 3611/5166/2126 3606/5167/2126
f 3574/5168/2127 3543/5161/2127 3607/5169/2127 3612/5170/2127 3613/5171/2127 3614/5172/2127
f 3558/5173/2128 3562/5174/2128 3564/5175/2128 3551/5176/2128 3569/5177/2128 3557/5178/2128
f 3544/5179/2129 3547/5180/2129 3551/5176/2129 3545/5181/2129
f 3551/5176/2130 3547/5180/2130 3572/5182/2130 3569/5183/2130
f 3563/5184/2131 3545/5181/2131 3551/5176/2131 3564/5185/2131
f 3552/5186/2132 3566/5187/2132 3571/5188/2132 3570/5189/2132
f 3544/5179/2133 3548/5190/2133 3552/5186/2133 3547/5180/2133
f 3552/5186/2134 3548/5190/2134 3565/5191/2134 3566/5187/2134
f 3547/5180/2135 3552/5186/2135 3570/5192/2135 3572/5193/2135
f 3577/5194/2136 3568/5195/2136 3567/5196/2136 3553/5197/2136 3579/5198/2136
f 3544/5179/2137 3546/5199/2137 3553/5197/2137 3548/5200/2137
f 3579/5201/2138 3553/5197/2138 3546/5199/2138 3578/5202/2138
f 3548/5200/2139 3553/5197/2139 3567/5196/2139 3565/5203/2139
f 3605/5204/2140 3554/5205/2140 3559/5206/2140 3560/5207/2140 3561/5208/2140
f 3544/5179/2141 3545/5181/2141 3554/5205/2141 3549/5209/2141
f 3559/5206/2142 3554/5205/2142 3545/5181/2142 3563/5210/2142
f 3604/5211/2143 3549/5209/2143 3554/5205/2143 3605/5212/2143
f 3583/5213/2144 3555/5214/2144 3603/5215/2144 3602/5216/2144
f 3544/5179/2145 3549/5217/2145 3555/5214/2145 3550/5218/2145
f 3603/5215/2146 3555/5214/2146 3549/5217/2146 3604/5211/2146
f 3584/5219/2147 3550/5218/2147 3555/5214/2147 3583/5220/2147
f 3582/5221/2148 3581/5222/2148 3580/5223/2148 3556/5224/2148 3585/5225/2148
f 3544/5179/2149 3550/5226/2149 3556/5224/2149 3546/5199/2149
f 3585/5225/2150 3556/5224/2150 3550/5226/2150 3584/5227/2150
f 3546/5199/2151 3556/5224/2151 3580/5223/2151 3578/5202/2151
f 3592/5228/2152 3543/5161/2152 3574/5229/2152 3575/5230/2152 3573/5231/2152 3576/5232/2152
o Icosphere_cell.033
v -0.083933 1.890835 0.016183
v -0.325615 2.375086 0.761642
v -0.471752 2.369129 0.704024
v -0.173522 2.369129 0.800927
v -0.375257 2.487630 0.652273
v -0.221169 2.487630 0.702340
v -0.421511 2.245440 0.794630
v -0.267422 2.245440 0.844697
v -0.471508 2.454145 0.636899
v -0.283870 2.541052 0.633163
v -0.134264 2.454145 0.746478
v -0.505924 2.273941 0.742821
v -0.352817 2.180034 0.845366
v -0.168679 2.273941 0.852400
v -0.108051 2.541750 0.666635
v -0.048204 2.503075 0.708639
v -0.071881 2.519539 0.693243
v -0.137112 2.559552 0.645295
v -0.204526 2.596777 0.591514
v -0.490708 2.519616 0.557068
v -0.519667 2.502759 0.555518
v -0.323548 2.596735 0.552892
v -0.255826 2.621295 0.546857
v -0.409728 2.559549 0.556718
v -0.577956 2.196105 0.735884
v -0.575572 2.226838 0.723439
v -0.571075 2.274726 0.702776
v -0.527788 2.478049 0.575630
v -0.557907 2.358522 0.657984
v -0.540084 2.437703 0.606898
v -0.489505 2.141612 0.802424
v -0.555171 2.182070 0.755479
v -0.418699 2.097982 0.846150
v -0.362428 2.063302 0.874946
v -0.216983 2.141588 0.890979
v -0.299888 2.097844 0.884791
v -0.136313 2.182174 0.891543
v -0.106180 2.196352 0.889046
v -0.092532 2.274725 0.858290
v -0.100918 2.226823 0.877666
v -0.053482 2.477825 0.730146
v -0.077089 2.358558 0.814276
v -0.061705 2.437828 0.762394
v -0.108051 2.541750 0.666635
v -0.071881 2.519539 0.693243
v -0.048204 2.503075 0.708639
v -0.137112 2.559552 0.645295
v -0.204526 2.596777 0.591514
v -0.490708 2.519616 0.557068
v -0.409728 2.559549 0.556718
v -0.323548 2.596735 0.552892
v -0.255826 2.621295 0.546857
v -0.519667 2.502759 0.555518
v -0.527788 2.478049 0.575630
v -0.577956 2.196105 0.735884
v -0.575572 2.226838 0.723439
v -0.571075 2.274726 0.702776
v -0.557907 2.358522 0.657984
v -0.540084 2.437703 0.606898
v -0.489505 2.141612 0.802424
v -0.555171 2.182070 0.755479
v -0.418699 2.097982 0.846150
v -0.362428 2.063302 0.874946
v -0.216983 2.141588 0.890979
v -0.136313 2.182174 0.891543
v -0.299888 2.097844 0.884791
v -0.106180 2.196352 0.889046
v -0.092532 2.274725 0.858290
v -0.077089 2.358558 0.814276
v -0.100918 2.226823 0.877666
v -0.053482 2.477825 0.730146
v -0.061705 2.437828 0.762394
vn 0.6895 0.5246 -0.4994
vn 0.6883 0.5253 -0.5003
vn -0.2628 0.5259 -0.8090
vn -0.8433 -0.1442 -0.5177
vn -0.5249 -0.8512 0.0007
vn 0.4249 -0.8511 0.3085
vn 0.9870 -0.1424 0.0750
vn -0.4215 0.6440 0.6384
vn -0.3196 0.5856 0.7449
vn -0.3392 0.6874 0.6422
vn -0.4430 0.5554 0.7038
vn -0.2047 0.7491 0.6300
vn -0.2397 0.6313 0.7376
vn -0.1467 0.7157 0.6828
vn -0.2827 0.7157 0.6386
vn -0.0343 0.6440 0.7642
vn -0.1793 0.5856 0.7905
vn -0.0553 0.5554 0.8297
vn -0.1031 0.6874 0.7190
vn -0.4735 0.3716 0.7986
vn -0.3436 0.4601 0.8187
vn -0.4588 0.4727 0.7524
vn -0.4069 0.3327 0.8507
vn -0.2986 0.2575 0.9190
vn -0.2817 0.4114 0.8669
vn -0.3618 0.3013 0.8822
vn -0.2258 0.3013 0.9264
vn -0.0863 0.3716 0.9244
vn -0.2033 0.4601 0.8643
vn -0.1708 0.3327 0.9274
vn -0.0711 0.4727 0.8783
vt 0.599713 0.246296
vt 0.338493 0.000000
vt 1.000000 0.000000
vt 1.000000 0.620837
vt 0.637824 0.501042
vt 0.620837 0.620837
vt 0.000000 0.000000
vt 0.696790 0.000000
vt 0.673345 0.218533
vt 0.637989 0.300727
vt 0.673378 0.526022
vt 0.696790 0.696790
vt 0.583924 0.000000
vt 0.599975 0.081918
vt 0.583924 0.583924
vt 0.687412 0.000000
vt 0.681991 0.054880
vt 0.672425 0.141218
vt 0.648097 0.297874
vt 0.617407 0.451568
vt 0.597166 0.533266
vt 0.706108 0.610647
vt 0.687412 0.687412
vt 0.820063 0.000791
vt 0.792601 0.173648
vt 0.750893 0.397545
vt 0.835224 0.354360
vt 0.829399 0.620124
vt 0.820183 0.820183
vt 0.833268 0.000000
vt 0.835681 0.096209
vt 0.804019 0.644597
vt 0.822448 0.760828
vt 0.833268 0.833268
vt 0.661507 0.000000
vt 0.681998 0.079113
vt 0.712718 0.201555
vt 0.762125 0.425214
vt 0.049820 0.338607
vt 0.048920 0.330214
vt 0.061869 0.331688
vt 0.055337 0.346705
vt 0.050382 0.343844
vt 0.090910 0.314921
vt 0.077928 0.337406
vt 0.064947 0.314921
vt 0.068254 0.354162
vt 0.055337 0.346705
vt 0.048214 0.314921
vt 0.048920 0.330214
vt 0.090910 0.348454
vt 0.100655 0.361628
vt 0.090910 0.367239
vt 0.081172 0.361618
vt 0.103891 0.337406
vt 0.077928 0.337406
vt 0.100655 0.361628
vt 0.113565 0.354162
vt 0.081172 0.361618
vt 0.068254 0.354162
vt 0.131886 0.338541
vt 0.131299 0.343891
vt 0.126474 0.346687
vt 0.119950 0.331688
vt 0.132801 0.330225
vt 0.116872 0.314921
vt 0.103891 0.337406
vt 0.132801 0.330225
vt 0.133548 0.314921
vt 0.113565 0.354162
vt 0.126474 0.346687
vt 0.119315 0.350837
vt 0.055338 0.283139
vt 0.061869 0.298154
vt 0.048947 0.299625
vt 0.049859 0.291258
vt 0.050435 0.285963
vt 0.077928 0.292437
vt 0.048214 0.314921
vt 0.068263 0.275695
vt 0.055338 0.283139
vt 0.100644 0.268229
vt 0.090910 0.281388
vt 0.081191 0.268251
vt 0.090954 0.262629
vt 0.077928 0.292437
vt 0.103891 0.292437
vt 0.113559 0.275692
vt 0.100644 0.268229
vt 0.119950 0.298154
vt 0.126474 0.283156
vt 0.131406 0.286007
vt 0.131964 0.291255
vt 0.132856 0.299623
vt 0.103891 0.292437
vt 0.113559 0.275692
vt 0.133548 0.314921
s 0
f 3659/5233/2153 3660/5234/2153 3615/5235/2153 3658/5236/2153
f 3661/5237/2154 3658/5238/2154 3615/5239/2154 3666/5240/2154 3662/5241/2154
f 3664/5242/2155 3665/5243/2155 3666/5244/2155 3615/5239/2155 3667/5245/2155 3663/5246/2155
f 3667/5247/2156 3615/5239/2156 3669/5248/2156 3670/5249/2156 3671/5250/2156 3672/5251/2156 3673/5252/2156 3668/5253/2156
f 3675/5254/2157 3669/5255/2157 3615/5239/2157 3677/5256/2157 3676/5257/2157 3674/5258/2157
f 3678/5259/2158 3680/5260/2158 3677/5261/2158 3615/5239/2158 3681/5262/2158 3679/5263/2158
f 3682/5264/2159 3684/5265/2159 3681/5266/2159 3615/5239/2159 3660/5267/2159 3685/5268/2159 3686/5269/2159 3683/5270/2159
f 3642/5271/2160 3644/5272/2160 3623/5273/2160 3634/5274/2160 3635/5275/2160
f 3616/5276/2161 3619/5277/2161 3623/5273/2161 3617/5278/2161
f 3623/5273/2162 3619/5277/2162 3638/5279/2162 3634/5280/2162
f 3643/5281/2163 3617/5278/2163 3623/5273/2163 3644/5282/2163
f 3624/5283/2164 3633/5284/2164 3637/5285/2164 3636/5286/2164
f 3616/5276/2165 3620/5287/2165 3624/5283/2165 3619/5288/2165
f 3633/5289/2166 3624/5283/2166 3620/5287/2166 3632/5290/2166
f 3619/5288/2167 3624/5283/2167 3636/5291/2167 3638/5292/2167
f 3655/5293/2168 3630/5294/2168 3631/5295/2168 3625/5296/2168 3657/5297/2168
f 3616/5276/2169 3618/5298/2169 3625/5296/2169 3620/5299/2169
f 3657/5300/2170 3625/5296/2170 3618/5298/2170 3656/5301/2170
f 3632/5302/2171 3620/5299/2171 3625/5296/2171 3631/5303/2171 3629/5304/2171
f 3646/5305/2172 3626/5306/2172 3641/5307/2172 3640/5308/2172 3639/5309/2172
f 3616/5276/2173 3617/5278/2173 3626/5306/2173 3621/5310/2173
f 3626/5306/2174 3617/5278/2174 3643/5311/2174 3641/5307/2174
f 3645/5312/2175 3621/5310/2175 3626/5306/2175 3646/5313/2175
f 3650/5314/2176 3627/5315/2176 3647/5316/2176 3648/5317/2176
f 3616/5276/2177 3621/5318/2177 3627/5315/2177 3622/5319/2177
f 3647/5316/2178 3627/5315/2178 3621/5318/2178 3645/5312/2178
f 3649/5320/2179 3622/5319/2179 3627/5315/2179 3650/5321/2179
f 3628/5322/2180 3651/5323/2180 3652/5324/2180 3654/5325/2180 3653/5326/2180
f 3616/5276/2181 3622/5327/2181 3628/5322/2181 3618/5298/2181
f 3651/5323/2182 3628/5322/2182 3622/5327/2182 3649/5328/2182
f 3618/5298/2183 3628/5322/2183 3653/5326/2183 3656/5329/2183
o Icosphere_cell.034
v -0.086080 1.890216 0.013465
v -0.869233 2.375085 0.013415
v -0.859594 2.369128 -0.143372
v -0.859594 2.369128 0.170203
v -0.780557 2.487629 -0.067593
v -0.780557 2.487629 0.094424
v -0.930239 2.245440 -0.067593
v -0.930239 2.245440 0.094424
v -0.795679 2.454144 -0.163883
v -0.734142 2.541051 0.013415
v -0.795680 2.454144 0.190714
v -0.907052 2.273941 -0.163883
v -0.957264 2.180033 0.013415
v -0.907052 2.273941 0.190714
v -0.978460 2.097626 -0.049270
v -0.958718 2.141412 -0.129970
v -0.922665 2.196188 -0.234602
v -0.934316 2.182041 -0.206821
v -0.889114 2.274725 -0.238161
v -0.910142 2.226827 -0.236128
v -0.733107 2.502973 -0.234341
v -0.755037 2.477910 -0.235922
v -0.842468 2.358543 -0.239335
v -0.788373 2.437780 -0.238024
v -0.670295 2.596531 -0.048898
v -0.643687 2.621031 0.013699
v -0.725780 2.519531 -0.206757
v -0.700495 2.559402 -0.129778
v -0.725764 2.519545 0.233597
v -0.733252 2.502655 0.261684
v -0.700421 2.559469 0.156667
v -0.670166 2.596644 0.075855
v -0.889065 2.274727 0.265194
v -0.910148 2.226735 0.263099
v -0.922544 2.196428 0.261554
v -0.754784 2.478059 0.263203
v -0.842413 2.358510 0.266472
v -0.788332 2.437690 0.265264
v -0.978443 2.097693 0.076049
v -0.988533 2.062678 0.013415
v -0.934277 2.182176 0.233589
v -0.958690 2.141513 0.156740
v -0.978460 2.097626 -0.049270
v -0.958718 2.141412 -0.129970
v -0.934316 2.182041 -0.206821
v -0.922665 2.196188 -0.234602
v -0.842468 2.358543 -0.239335
v -0.788373 2.437780 -0.238024
v -0.755037 2.477910 -0.235922
v -0.733107 2.502973 -0.234341
v -0.910142 2.226827 -0.236128
v -0.889114 2.274725 -0.238161
v -0.725780 2.519531 -0.206757
v -0.700495 2.559402 -0.129778
v -0.670295 2.596531 -0.048898
v -0.725764 2.519545 0.233597
v -0.700421 2.559469 0.156667
v -0.733252 2.502655 0.261684
v -0.643687 2.621031 0.013699
v -0.670166 2.596644 0.075855
v -0.889065 2.274727 0.265194
v -0.842413 2.358510 0.266472
v -0.910148 2.226735 0.263099
v -0.922544 2.196428 0.261554
v -0.754784 2.478059 0.263203
v -0.788332 2.437690 0.265264
v -0.978443 2.097693 0.076049
v -0.988533 2.062678 0.013415
v -0.934277 2.182176 0.233589
v -0.958690 2.141513 0.156740
vn -0.1624 -0.8502 -0.5008
vn 0.2329 -0.1431 -0.9619
vn 0.6890 0.5259 -0.4987
vn 0.6888 0.5254 0.4996
vn 0.2325 -0.1441 0.9619
vn -0.1624 -0.8499 0.5013
vn -0.7374 0.6440 -0.2036
vn -0.8072 0.5856 -0.0738
vn -0.7156 0.6874 -0.1241
vn -0.8062 0.5554 -0.2038
vn -0.6624 0.7492 -0.0000
vn -0.7756 0.6313 -0.0000
vn -0.6947 0.7157 0.0715
vn -0.6947 0.7157 -0.0715
vn -0.7374 0.6440 0.2036
vn -0.8072 0.5856 0.0738
vn -0.8062 0.5554 0.2038
vn -0.7156 0.6874 0.1241
vn -0.9058 0.3716 -0.2036
vn -0.8848 0.4601 -0.0738
vn -0.8573 0.4727 -0.2038
vn -0.9348 0.3327 -0.1241
vn -0.9663 0.2575 -0.0000
vn -0.9115 0.4114 -0.0000
vn -0.9508 0.3013 -0.0715
vn -0.9508 0.3013 0.0715
vn -0.9058 0.3716 0.2036
vn -0.8848 0.4601 0.0738
vn -0.9348 0.3327 0.1241
vn -0.8573 0.4727 0.2038
vt 1.000000 1.000000
vt 0.095230 0.095230
vt 0.317169 0.105366
vt 0.609929 0.125197
vt 0.894347 0.149697
vt 1.000000 0.161391
vt 0.797322 0.295715
vt 0.920965 0.329078
vt 1.000000 0.351028
vt 0.161391 0.161391
vt 0.234678 0.173909
vt 0.351618 0.194932
vt 0.572338 0.241589
vt 0.351028 0.351028
vt 0.423195 0.342416
vt 0.624601 0.324427
vt 0.836215 0.310069
vt 1.000000 0.302999
vt 0.917734 0.342170
vt 1.000000 0.350919
vt 0.302999 0.302999
vt 0.472656 0.309971
vt 0.698452 0.324251
vt 0.843479 0.194939
vt 0.939772 0.173848
vt 1.000000 0.161449
vt 0.350919 0.350919
vt 0.407058 0.329358
vt 0.498063 0.295767
vt 0.669143 0.241629
vt 1.000000 0.095230
vt 0.161449 0.161449
vt 0.255928 0.149680
vt 0.515566 0.125187
vt 0.788184 0.105367
vt 0.777163 0.338566
vt 0.776253 0.330221
vt 0.789142 0.331688
vt 0.782618 0.346686
vt 0.777740 0.343877
vt 0.818182 0.314921
vt 0.805201 0.337406
vt 0.792219 0.314921
vt 0.782618 0.346686
vt 0.795547 0.354128
vt 0.775522 0.314921
vt 0.776253 0.330221
vt 0.818182 0.367153
vt 0.808479 0.361570
vt 0.818182 0.348454
vt 0.827904 0.361597
vt 0.831163 0.337406
vt 0.827904 0.361597
vt 0.840827 0.354143
vt 0.795546 0.354127
vt 0.808480 0.361570
vt 0.858714 0.343823
vt 0.853747 0.346689
vt 0.847222 0.331688
vt 0.860182 0.330213
vt 0.859276 0.338610
vt 0.844145 0.314921
vt 0.831163 0.337406
vt 0.860896 0.314921
vt 0.860182 0.330213
vt 0.840827 0.354143
vt 0.777695 0.285978
vt 0.782609 0.283134
vt 0.789142 0.298155
vt 0.776230 0.299624
vt 0.777129 0.291256
vt 0.792219 0.314921
vt 0.805201 0.292437
vt 0.775522 0.314921
vt 0.795517 0.275663
vt 0.818182 0.262555
vt 0.827934 0.268205
vt 0.818182 0.281388
vt 0.808421 0.268194
vt 0.805201 0.292437
vt 0.831163 0.292437
vt 0.795517 0.275663
vt 0.840838 0.275680
vt 0.859259 0.291243
vt 0.860170 0.299628
vt 0.847223 0.298154
vt 0.853746 0.283156
vt 0.858692 0.286021
vt 0.844145 0.314921
vt 0.853746 0.283156
vt 0.840838 0.275680
vt 0.860896 0.314921
s 0
f 3687/5330/2184 3754/5331/2184 3729/5332/2184 3730/5333/2184 3731/5334/2184 3732/5335/2184
f 3734/5336/2185 3735/5337/2185 3736/5338/2185 3687/5330/2185 3732/5339/2185 3737/5340/2185 3738/5341/2185 3733/5342/2185
f 3687/5330/2186 3736/5343/2186 3739/5344/2186 3740/5345/2186 3741/5346/2186 3745/5347/2186
f 3742/5348/2187 3744/5349/2187 3687/5330/2187 3745/5350/2187 3746/5351/2187 3743/5352/2187
f 3747/5353/2188 3749/5354/2188 3750/5355/2188 3687/5330/2188 3744/5356/2188 3751/5357/2188 3752/5358/2188 3748/5359/2188
f 3754/5360/2189 3687/5330/2189 3750/5361/2189 3755/5362/2189 3756/5363/2189 3753/5364/2189
f 3708/5365/2190 3710/5366/2190 3695/5367/2190 3713/5368/2190 3707/5369/2190
f 3688/5370/2191 3691/5371/2191 3695/5367/2191 3689/5372/2191
f 3713/5373/2192 3695/5367/2192 3691/5371/2192 3714/5374/2192
f 3709/5375/2193 3689/5372/2193 3695/5367/2193 3710/5376/2193
f 3712/5377/2194 3711/5378/2194 3696/5379/2194 3718/5380/2194
f 3688/5370/2195 3692/5381/2195 3696/5379/2195 3691/5371/2195
f 3718/5382/2196 3696/5379/2196 3692/5381/2196 3717/5383/2196
f 3714/5384/2197 3691/5371/2197 3696/5379/2197 3711/5385/2197
f 3716/5386/2198 3715/5387/2198 3697/5388/2198 3724/5389/2198 3722/5390/2198
f 3688/5370/2199 3690/5391/2199 3697/5388/2199 3692/5392/2199
f 3697/5388/2200 3690/5391/2200 3723/5393/2200 3724/5394/2200
f 3692/5392/2201 3697/5388/2201 3715/5387/2201 3717/5395/2201
f 3703/5396/2202 3704/5397/2202 3698/5398/2202 3705/5399/2202 3706/5400/2202
f 3688/5370/2203 3689/5401/2203 3698/5398/2203 3693/5402/2203
f 3705/5399/2204 3698/5398/2204 3689/5401/2204 3709/5403/2204
f 3693/5402/2205 3698/5398/2205 3704/5397/2205 3702/5404/2205
f 3726/5405/2206 3725/5406/2206 3699/5407/2206 3701/5408/2206
f 3688/5370/2207 3693/5409/2207 3699/5407/2207 3694/5410/2207
f 3699/5407/2208 3693/5409/2208 3702/5411/2208 3701/5408/2208
f 3728/5412/2209 3694/5410/2209 3699/5407/2209 3725/5406/2209
f 3720/5413/2210 3719/5414/2210 3700/5415/2210 3727/5416/2210 3721/5417/2210
f 3688/5370/2211 3694/5410/2211 3700/5415/2211 3690/5418/2211
f 3727/5419/2212 3700/5415/2212 3694/5410/2212 3728/5420/2212
f 3723/5421/2213 3690/5418/2213 3700/5415/2213 3719/5414/2213
o Icosphere_cell.035
v -0.083675 1.890152 0.010025
v -0.325615 2.375086 -0.734812
v -0.173522 2.369129 -0.774096
v -0.471752 2.369129 -0.677194
v -0.221169 2.487630 -0.675510
v -0.375257 2.487630 -0.625443
v -0.267422 2.245440 -0.817866
v -0.421511 2.245440 -0.767799
v -0.134264 2.454145 -0.719648
v -0.283870 2.541052 -0.606333
v -0.471508 2.454145 -0.610069
v -0.168679 2.273941 -0.825569
v -0.352817 2.180034 -0.818535
v -0.505924 2.273941 -0.715990
v -0.299753 2.097634 -0.858061
v -0.216879 2.141375 -0.864244
v -0.106666 2.195869 -0.862355
v -0.136236 2.181955 -0.864805
v -0.048093 2.502793 -0.682057
v -0.053360 2.477861 -0.703291
v -0.077213 2.358572 -0.787428
v -0.061678 2.437822 -0.735569
v -0.092809 2.274722 -0.831438
v -0.101233 2.227042 -0.850718
v -0.072017 2.519396 -0.666528
v -0.204814 2.596575 -0.564835
v -0.137319 2.559374 -0.618605
v -0.490607 2.519274 -0.530655
v -0.519442 2.502478 -0.529124
v -0.323373 2.596489 -0.526416
v -0.255942 2.620963 -0.520383
v -0.409589 2.559258 -0.530274
v -0.527592 2.477966 -0.549012
v -0.532376 2.462460 -0.560990
v -0.557830 2.358531 -0.631195
v -0.539933 2.437739 -0.580133
v -0.577992 2.196227 -0.708977
v -0.575597 2.226821 -0.696601
v -0.571065 2.274726 -0.675951
v -0.555154 2.182101 -0.728644
v -0.489562 2.141525 -0.775600
v -0.418857 2.097785 -0.819321
v -0.362461 2.062895 -0.848219
v -0.216879 2.141375 -0.864244
v -0.136236 2.181955 -0.864805
v -0.106666 2.195869 -0.862355
v -0.299753 2.097634 -0.858061
v -0.077213 2.358572 -0.787428
v -0.061678 2.437822 -0.735569
v -0.053360 2.477861 -0.703291
v -0.048093 2.502793 -0.682057
v -0.101233 2.227042 -0.850718
v -0.092809 2.274722 -0.831438
v -0.362461 2.062895 -0.848219
v -0.072017 2.519396 -0.666528
v -0.204814 2.596575 -0.564835
v -0.137319 2.559374 -0.618605
v -0.490607 2.519274 -0.530655
v -0.409589 2.559258 -0.530274
v -0.519442 2.502478 -0.529124
v -0.323373 2.596489 -0.526416
v -0.255942 2.620963 -0.520383
v -0.527592 2.477966 -0.549012
v -0.532376 2.462460 -0.560990
v -0.577992 2.196227 -0.708977
v -0.575597 2.226821 -0.696601
v -0.539933 2.437739 -0.580133
v -0.557830 2.358531 -0.631195
v -0.571065 2.274726 -0.675951
v -0.555154 2.182101 -0.728644
v -0.489562 2.141525 -0.775600
v -0.418857 2.097785 -0.819321
vn 0.4251 -0.8507 -0.3091
vn 0.9867 -0.1435 -0.0763
vn -0.2631 0.5253 0.8092
vn -0.8424 -0.1417 0.5199
vn -0.8430 -0.1437 0.5184
vn -0.5262 -0.8504 -0.0002
vn -0.0343 0.6440 -0.7642
vn -0.1793 0.5856 -0.7905
vn -0.1031 0.6874 -0.7190
vn -0.0553 0.5554 -0.8297
vn -0.2047 0.7491 -0.6300
vn -0.2397 0.6313 -0.7376
vn -0.2827 0.7157 -0.6386
vn -0.1467 0.7157 -0.6828
vn -0.4215 0.6440 -0.6384
vn -0.3196 0.5856 -0.7449
vn -0.4430 0.5554 -0.7038
vn -0.3392 0.6874 -0.6422
vn -0.0863 0.3715 -0.9244
vn -0.2033 0.4601 -0.8643
vn -0.0711 0.4727 -0.8783
vn -0.1708 0.3327 -0.9274
vn -0.2986 0.2575 -0.9190
vn -0.2817 0.4114 -0.8669
vn -0.2258 0.3013 -0.9264
vn -0.3618 0.3013 -0.8822
vn -0.4735 0.3716 -0.7986
vn -0.3436 0.4601 -0.8187
vn -0.4069 0.3327 -0.8507
vn -0.4588 0.4727 -0.7524
vn 0.6881 0.5253 0.5006
vt 0.905475 0.163849
vt 1.000000 0.166150
vt 1.000000 1.000000
vt 0.179933 0.179933
vt 0.381062 0.170522
vt 0.647079 0.164498
vt 0.799207 0.287355
vt 0.921842 0.318211
vt 1.000000 0.338509
vt 0.166150 0.166150
vt 0.240278 0.177275
vt 0.356005 0.195707
vt 0.575507 0.237780
vt 0.918287 0.399822
vt 1.000000 0.415837
vt 0.303193 0.302885
vt 0.473172 0.326213
vt 0.698972 0.361703
vt 0.776660 0.439478
vt 1.000000 0.454430
vt 0.415837 0.415837
vt 1.000000 0.312759
vt 0.454430 0.454430
vt 0.508899 0.436110
vt 0.676176 0.387236
vt 0.846622 0.344388
vt 0.940574 0.324612
vt 1.000000 0.179933
vt 0.312760 0.312760
vt 0.389721 0.294002
vt 0.602615 0.249230
vt 0.826207 0.207553
vt 0.595370 0.338552
vt 0.594468 0.330225
vt 0.607324 0.331688
vt 0.600814 0.346654
vt 0.595941 0.343835
vt 0.636364 0.314921
vt 0.623383 0.337406
vt 0.610401 0.314921
vt 0.613732 0.354121
vt 0.593747 0.314921
vt 0.636344 0.367173
vt 0.626654 0.361581
vt 0.636364 0.348454
vt 0.646059 0.361560
vt 0.649345 0.337406
vt 0.623383 0.337406
vt 0.646059 0.361560
vt 0.658980 0.354094
vt 0.626654 0.361580
vt 0.613732 0.354121
vt 0.677411 0.338582
vt 0.676836 0.343775
vt 0.671902 0.346627
vt 0.665404 0.331688
vt 0.678325 0.330217
vt 0.677768 0.335361
vt 0.662327 0.314921
vt 0.679045 0.314921
vt 0.678325 0.330217
vt 0.658980 0.354094
vt 0.595945 0.285918
vt 0.600784 0.283120
vt 0.607324 0.298155
vt 0.594465 0.299618
vt 0.595365 0.291288
vt 0.610401 0.314921
vt 0.623383 0.292437
vt 0.593747 0.314921
vt 0.613695 0.275657
vt 0.636364 0.262590
vt 0.646106 0.268219
vt 0.636364 0.281388
vt 0.626604 0.268195
vt 0.623383 0.292437
vt 0.649345 0.292437
vt 0.613695 0.275657
vt 0.626604 0.268195
vt 0.659019 0.275681
vt 0.677419 0.291255
vt 0.678325 0.299625
vt 0.665404 0.298154
vt 0.671933 0.283144
vt 0.676849 0.285984
vt 0.662327 0.314921
vt 0.671933 0.283144
vt 0.659019 0.275681
vt 0.679044 0.314921
vt 0.678325 0.299625
vt 0.782419 0.326225
vt 1.000000 0.302839
vt 0.338509 0.338509
vt 0.602380 0.353514
vt 0.499888 0.361810
s 0
f 3801/5422/2214 3802/5423/2214 3757/5424/2214 3810/5425/2214 3803/5426/2214 3800/5427/2214
f 3805/5428/2215 3806/5429/2215 3807/5430/2215 3757/5424/2215 3802/5431/2215 3808/5432/2215 3809/5433/2215 3804/5434/2215
f 3814/5435/2216 3816/5436/2216 3757/5424/2216 3818/5437/2216 3817/5438/2216 3815/5439/2216
f 3819/5440/2217 3820/5441/2217 3757/5424/2217 3816/5442/2217
f 3821/5443/2218 3757/5424/2218 3820/5444/2218 3823/5445/2218 3824/5446/2218 3825/5447/2218 3822/5448/2218
f 3810/5449/2219 3757/5424/2219 3821/5450/2219 3826/5451/2219 3827/5452/2219 3828/5453/2219
f 3776/5454/2220 3778/5455/2220 3765/5456/2220 3811/5457/2220 3775/5458/2220
f 3758/5459/2221 3761/5460/2221 3765/5456/2221 3759/5461/2221
f 3811/5457/2222 3765/5456/2222 3761/5460/2222 3813/5462/2222
f 3759/5461/2223 3765/5456/2223 3778/5455/2223 3777/5463/2223
f 3787/5464/2224 3812/5465/2224 3766/5466/2224 3786/5467/2224
f 3758/5459/2225 3762/5468/2225 3766/5466/2225 3761/5469/2225
f 3786/5470/2226 3766/5466/2226 3762/5468/2226 3788/5471/2226
f 3761/5469/2227 3766/5466/2227 3812/5472/2227 3813/5473/2227
f 3789/5474/2228 3785/5475/2228 3784/5476/2228 3767/5477/2228 3792/5478/2228 3790/5479/2228
f 3758/5459/2229 3760/5480/2229 3767/5477/2229 3762/5468/2229
f 3767/5477/2230 3760/5480/2230 3791/5481/2230 3792/5482/2230
f 3788/5483/2231 3762/5468/2231 3767/5477/2231 3784/5476/2231
f 3773/5484/2232 3774/5485/2232 3768/5486/2232 3779/5487/2232 3780/5488/2232
f 3758/5459/2233 3759/5489/2233 3768/5486/2233 3763/5490/2233
f 3779/5487/2234 3768/5486/2234 3759/5489/2234 3777/5491/2234
f 3763/5490/2235 3768/5486/2235 3774/5485/2235 3772/5492/2235
f 3799/5493/2236 3798/5494/2236 3769/5495/2236 3771/5496/2236
f 3758/5459/2237 3763/5497/2237 3769/5495/2237 3764/5498/2237
f 3769/5495/2238 3763/5497/2238 3772/5499/2238 3771/5500/2238
f 3797/5501/2239 3764/5498/2239 3769/5495/2239 3798/5494/2239
f 3794/5502/2240 3795/5503/2240 3770/5504/2240 3796/5505/2240 3793/5506/2240
f 3758/5459/2241 3764/5498/2241 3770/5504/2241 3760/5507/2241
f 3796/5508/2242 3770/5504/2242 3764/5498/2242 3797/5509/2242
f 3791/5510/2243 3760/5507/2243 3770/5504/2243 3795/5511/2243
f 3782/5512/2244 3818/5513/2244 3757/5424/2244 3807/5514/2244 3781/5515/2244 3783/5516/2244
o Icosphere_cell.036
v -0.080036 1.890495 0.011496
v 0.553984 2.375085 -0.449014
v 0.638346 2.369127 -0.316504
v 0.454027 2.369128 -0.570194
v 0.529861 2.487628 -0.331355
v 0.434628 2.487629 -0.462430
v 0.650956 2.245439 -0.419335
v 0.555724 2.245440 -0.550411
v 0.598694 2.454143 -0.262342
v 0.444694 2.541050 -0.369610
v 0.390263 2.454144 -0.549220
v 0.688796 2.273940 -0.327804
v 0.625203 2.180033 -0.500757
v 0.480365 2.273941 -0.614683
v 0.710567 2.141575 -0.385662
v 0.679133 2.097724 -0.462547
v 0.735973 2.182272 -0.309139
v 0.742901 2.196516 -0.279663
v 0.589888 2.502545 -0.168536
v 0.608185 2.477977 -0.179936
v 0.680951 2.358528 -0.228687
v 0.636454 2.437737 -0.197907
v 0.717970 2.274724 -0.257105
v 0.733781 2.226804 -0.271147
v 0.567362 2.519493 -0.186613
v 0.536584 2.538313 -0.208525
v 0.429599 2.596784 -0.281267
v 0.501565 2.559594 -0.233725
v 0.356263 2.596624 -0.382517
v 0.371387 2.621172 -0.316351
v 0.333316 2.559393 -0.465680
v 0.298355 2.502691 -0.569649
v 0.308665 2.519408 -0.542832
v 0.315002 2.477921 -0.583629
v 0.383792 2.358548 -0.637738
v 0.340765 2.437778 -0.604914
v 0.422256 2.274724 -0.664178
v 0.440455 2.226892 -0.674864
v 0.451631 2.195874 -0.681057
v 0.542092 2.141359 -0.617649
v 0.477178 2.181880 -0.665536
v 0.605517 2.097674 -0.563894
v 0.650476 2.062789 -0.519119
v 0.710567 2.141575 -0.385662
v 0.679133 2.097724 -0.462547
v 0.735973 2.182272 -0.309139
v 0.742901 2.196516 -0.279663
v 0.680951 2.358528 -0.228687
v 0.636454 2.437737 -0.197907
v 0.608185 2.477977 -0.179936
v 0.589888 2.502545 -0.168536
v 0.733781 2.226804 -0.271147
v 0.717970 2.274724 -0.257105
v 0.567362 2.519493 -0.186613
v 0.536584 2.538313 -0.208525
v 0.429599 2.596784 -0.281267
v 0.501565 2.559594 -0.233725
v 0.298355 2.502691 -0.569649
v 0.308665 2.519408 -0.542832
v 0.356263 2.596624 -0.382517
v 0.371387 2.621172 -0.316351
v 0.333316 2.559393 -0.465680
v 0.650476 2.062789 -0.519119
v 0.440455 2.226892 -0.674864
v 0.451631 2.195874 -0.681057
v 0.315002 2.477921 -0.583629
v 0.340765 2.437778 -0.604914
v 0.383792 2.358548 -0.637738
v 0.422256 2.274724 -0.664178
v 0.477178 2.181880 -0.665536
v 0.542092 2.141359 -0.617649
v 0.605517 2.097674 -0.563894
vn 0.4258 -0.8499 0.3103
vn 0.3771 -0.1437 0.9149
vn -0.2589 0.5224 0.8124
vn -0.2641 0.5257 0.8086
vn -0.8508 0.5254 -0.0005
vn -0.1624 -0.8508 -0.4998
vn 0.7163 0.6440 -0.2688
vn 0.6964 0.5856 -0.4148
vn 0.6519 0.6874 -0.3202
vn 0.7720 0.5554 -0.3090
vn 0.5359 0.7491 -0.3893
vn 0.6274 0.6313 -0.4559
vn 0.5200 0.7157 -0.4662
vn 0.6041 0.7157 -0.3505
vn 0.4769 0.6440 -0.5981
vn 0.6097 0.5856 -0.5342
vn 0.5324 0.5554 -0.6388
vn 0.5060 0.6874 -0.5211
vn 0.8525 0.3716 -0.3677
vn 0.7592 0.4601 -0.4604
vn 0.8134 0.4727 -0.3390
vn 0.8293 0.3327 -0.4491
vn 0.7817 0.2575 -0.5680
vn 0.7374 0.4114 -0.5357
vn 0.8113 0.3013 -0.5010
vn 0.7272 0.3013 -0.6167
vn 0.6132 0.3715 -0.6971
vn 0.6724 0.4601 -0.5797
vn 0.6833 0.3327 -0.6499
vn 0.5738 0.4727 -0.6688
vn -0.7535 -0.1434 -0.6417
vt 0.684180 0.208246
vt 0.914141 0.182820
vt 1.000000 0.175887
vt 1.000000 1.000000
vt 0.268334 0.268334
vt 0.447511 0.239708
vt 0.801560 0.282754
vt 0.923686 0.311112
vt 1.000000 0.329465
vt 0.175887 0.175887
vt 0.247279 0.185053
vt 0.362562 0.200938
vt 0.579992 0.238102
vt 1.000000 0.382348
vt 0.329465 0.329465
vt 0.626216 0.351802
vt 0.790833 0.326401
vt 1.000000 0.302956
vt 0.382348 0.382348
vt 0.519831 0.361991
vt 1.000000 0.415905
vt 0.303667 0.303049
vt 0.473994 0.326425
vt 0.699598 0.361886
vt 0.918736 0.399977
vt 1.000000 0.268334
vt 0.339250 0.339250
vt 0.412718 0.327928
vt 0.617614 0.302699
vt 0.832833 0.280964
vt 0.414056 0.343793
vt 0.413492 0.338586
vt 0.412585 0.330217
vt 0.425506 0.331688
vt 0.418986 0.346677
vt 0.454546 0.314921
vt 0.441565 0.337406
vt 0.428583 0.314921
vt 0.418986 0.346677
vt 0.431884 0.354172
vt 0.425003 0.350198
vt 0.411864 0.314921
vt 0.454505 0.367235
vt 0.444799 0.361630
vt 0.454546 0.348454
vt 0.464265 0.361592
vt 0.467527 0.337406
vt 0.477180 0.354125
vt 0.431884 0.354172
vt 0.490098 0.346657
vt 0.483586 0.331688
vt 0.496476 0.330221
vt 0.495571 0.338570
vt 0.495006 0.343819
vt 0.480509 0.314921
vt 0.497200 0.314921
vt 0.477180 0.354125
vt 0.490098 0.346657
vt 0.413487 0.291253
vt 0.414051 0.286035
vt 0.418989 0.283172
vt 0.425506 0.298155
vt 0.412582 0.299625
vt 0.441565 0.292437
vt 0.412582 0.299625
vt 0.431896 0.275690
vt 0.454546 0.281388
vt 0.444797 0.268210
vt 0.454546 0.262573
vt 0.464301 0.268201
vt 0.441565 0.292437
vt 0.467527 0.292437
vt 0.444797 0.268210
vt 0.431896 0.275690
vt 0.464301 0.268201
vt 0.477216 0.275655
vt 0.495583 0.291266
vt 0.496485 0.299622
vt 0.483586 0.298154
vt 0.490131 0.283108
vt 0.495007 0.285922
vt 0.467527 0.292437
vt 0.480509 0.314921
vt 0.477216 0.275655
vt 0.497200 0.314921
vt 1.000000 0.339250
vt 0.415905 0.415905
vt 0.445148 0.432151
vt 0.529704 0.411852
vt 0.689674 0.380550
vt 0.852681 0.355339
vt 0.942383 0.345153
s 0
f 3872/5517/2245 3874/5518/2245 3875/5519/2245 3829/5520/2245 3891/5521/2245 3873/5522/2245
f 3877/5523/2246 3878/5524/2246 3879/5525/2246 3829/5520/2246 3875/5526/2246 3880/5527/2246 3881/5528/2246 3876/5529/2246
f 3883/5530/2247 3829/5520/2247 3879/5531/2247 3882/5532/2247
f 3884/5533/2248 3889/5534/2248 3829/5520/2248 3883/5535/2248 3885/5536/2248
f 3886/5537/2249 3829/5520/2249 3889/5538/2249 3888/5539/2249 3890/5540/2249 3887/5541/2249
f 3891/5542/2250 3829/5520/2250 3867/5543/2250 3898/5544/2250 3899/5545/2250 3900/5546/2250
f 3847/5547/2251 3848/5548/2251 3850/5549/2251 3837/5550/2251 3853/5551/2251
f 3830/5552/2252 3833/5553/2252 3837/5550/2252 3831/5554/2252
f 3853/5555/2253 3837/5550/2253 3833/5553/2253 3856/5556/2253 3854/5557/2253
f 3849/5558/2254 3831/5554/2254 3837/5550/2254 3850/5549/2254
f 3858/5559/2255 3855/5560/2255 3838/5561/2255 3857/5562/2255
f 3830/5552/2256 3834/5563/2256 3838/5561/2256 3833/5553/2256
f 3857/5562/2257 3838/5561/2257 3834/5563/2257 3859/5564/2257
f 3856/5565/2258 3833/5553/2258 3838/5561/2258 3855/5560/2258
f 3861/5566/2259 3839/5567/2259 3895/5568/2259 3894/5569/2259 3860/5570/2259
f 3830/5552/2260 3832/5571/2260 3839/5567/2260 3834/5563/2260
f 3895/5568/2261 3839/5567/2261 3832/5571/2261 3896/5572/2261
f 3859/5573/2262 3834/5563/2262 3839/5567/2262 3861/5574/2262
f 3852/5575/2263 3846/5576/2263 3845/5577/2263 3840/5578/2263 3851/5579/2263
f 3830/5552/2264 3831/5554/2264 3840/5578/2264 3835/5580/2264
f 3851/5581/2265 3840/5578/2265 3831/5554/2265 3849/5558/2265
f 3843/5582/2266 3835/5580/2266 3840/5578/2266 3845/5577/2266
f 3841/5583/2267 3844/5584/2267 3871/5585/2267 3870/5586/2267
f 3830/5552/2268 3835/5587/2268 3841/5583/2268 3836/5588/2268
f 3844/5589/2269 3841/5583/2269 3835/5587/2269 3843/5590/2269
f 3836/5588/2270 3841/5583/2270 3870/5591/2270 3868/5592/2270
f 3892/5593/2271 3897/5594/2271 3842/5595/2271 3869/5596/2271 3893/5597/2271
f 3830/5552/2272 3836/5598/2272 3842/5595/2272 3832/5599/2272
f 3869/5596/2273 3842/5595/2273 3836/5598/2273 3868/5600/2273
f 3896/5601/2274 3832/5599/2274 3842/5595/2274 3897/5594/2274
f 3867/5602/2275 3829/5520/2275 3886/5603/2275 3862/5604/2275 3864/5605/2275 3863/5606/2275 3865/5607/2275 3866/5608/2275
o Icosphere_cell.037
v -0.082212 1.891961 0.015738
v 0.067753 2.675591 0.475844
v 0.107126 2.583524 0.597024
v 0.024698 2.748381 0.343334
v -0.091571 2.704346 0.446164
v -0.048983 2.619168 0.577240
v 0.179204 2.704345 0.358185
v 0.221793 2.619168 0.489260
v 0.211683 2.564512 0.576050
v -0.083001 2.750936 0.354634
v -0.138555 2.652062 0.527586
v 0.010210 2.564512 0.641512
v 0.118471 2.750935 0.289172
v 0.265074 2.652061 0.396441
v -0.106051 2.541931 0.666655
v -0.136132 2.560326 0.644596
v -0.254630 2.621977 0.546326
v -0.203565 2.597495 0.590868
v -0.046403 2.503910 0.707851
v -0.070647 2.520524 0.692327
v 0.036933 2.512820 0.691074
v -0.014045 2.507725 0.701746
v 0.296399 2.503826 0.596594
v 0.266794 2.507638 0.610577
v 0.129108 2.515860 0.664680
v 0.219202 2.512768 0.631910
v 0.306753 2.520622 0.569649
v 0.369356 2.622264 0.343485
v 0.354316 2.597828 0.409346
v 0.331384 2.560595 0.492513
v 0.190930 2.752136 0.213448
v 0.166077 2.764603 0.195342
v 0.321400 2.663429 0.308526
v 0.255990 2.711199 0.260855
v -0.177045 2.764675 0.306473
v -0.145410 2.770133 0.297856
v -0.095365 2.777422 0.283822
v 0.135525 2.770060 0.206862
v 0.086929 2.777358 0.224772
v -0.003847 2.781762 0.255480
v -0.236222 2.663480 0.489402
v -0.211327 2.711225 0.412435
v -0.186561 2.752142 0.335883
v -0.136132 2.560326 0.644596
v -0.203565 2.597495 0.590868
v -0.254630 2.621977 0.546326
v -0.106051 2.541931 0.666655
v -0.070647 2.520524 0.692327
v -0.046403 2.503910 0.707851
v 0.296399 2.503826 0.596594
v 0.266794 2.507638 0.610577
v 0.219202 2.512768 0.631910
v 0.129108 2.515860 0.664680
v 0.036933 2.512820 0.691074
v -0.014045 2.507725 0.701746
v 0.306753 2.520622 0.569649
v 0.331384 2.560595 0.492513
v 0.369356 2.622264 0.343485
v 0.354316 2.597828 0.409346
v 0.190930 2.752136 0.213448
v 0.255990 2.711199 0.260855
v 0.321400 2.663429 0.308526
v 0.166077 2.764603 0.195342
v 0.086929 2.777358 0.224772
v -0.003847 2.781762 0.255480
v 0.135525 2.770060 0.206862
v -0.177045 2.764675 0.306473
v -0.145410 2.770133 0.297856
v -0.095365 2.777422 0.283822
v -0.186561 2.752142 0.335883
v -0.236222 2.663480 0.489402
v -0.211327 2.711225 0.412435
vn -0.6882 -0.5259 0.4999
vn -0.6841 -0.5285 0.5027
vn 0.2081 -0.7381 0.6418
vn 0.8507 -0.5257 -0.0008
vn 0.5885 -0.0010 -0.8085
vn -0.2964 0.2727 -0.9153
vn -0.9513 -0.0007 -0.3082
vn 0.3627 0.7146 0.5982
vn 0.2511 0.8072 0.5342
vn 0.2587 0.7246 0.6388
vn 0.3885 0.7600 0.5211
vn -0.0489 0.9286 0.3677
vn 0.0721 0.8848 0.4604
vn 0.0591 0.9389 0.3390
vn -0.0733 0.8905 0.4491
vn -0.1194 0.8143 0.5680
vn 0.0382 0.8435 0.5357
vn -0.0933 0.8604 0.5010
vn -0.0557 0.7852 0.6167
vn 0.0581 0.7146 0.6971
vn 0.1108 0.8072 0.5797
vn -0.0080 0.7600 0.6499
vn 0.1662 0.7246 0.6688
vn 0.2557 0.9287 0.2688
vn 0.2123 0.8848 0.4148
vn 0.3232 0.8905 0.3202
vn 0.1515 0.9389 0.3090
vn 0.4304 0.8143 0.3894
vn 0.2840 0.8435 0.4559
vn 0.4076 0.7852 0.4662
vn 0.3700 0.8604 0.3505
vt 0.542657 0.216861
vt 0.302350 0.000000
vt 1.000000 0.000000
vt 1.000000 0.621009
vt 0.859141 0.497758
vt 0.621009 0.621009
vt 0.000000 0.000000
vt 0.660764 0.000000
vt 0.645770 0.253088
vt 0.584548 0.000000
vt 0.595287 0.061601
vt 0.611462 0.159441
vt 0.634848 0.336761
vt 0.651994 0.510781
vt 0.657748 0.602952
vt 0.660764 0.660764
vt 0.600578 0.518733
vt 0.584548 0.584548
vt 0.697564 0.000000
vt 0.674252 0.146637
vt 0.638725 0.337267
vt 0.782396 0.300761
vt 0.736833 0.526822
vt 0.697564 0.697564
vt 0.833321 0.000000
vt 0.821435 0.081265
vt 0.845608 0.644459
vt 0.838574 0.760560
vt 0.833321 0.833321
vt 0.833836 0.000000
vt 0.839009 0.078271
vt 0.845907 0.201739
vt 0.849934 0.425155
vt 0.833836 0.833836
vt 0.697951 0.001560
vt 0.737266 0.211364
vt 0.782834 0.482384
vt 0.821880 0.740353
vt 0.227431 0.360392
vt 0.219569 0.349716
vt 0.227263 0.346289
vt 0.232072 0.344117
vt 0.237004 0.346969
vt 0.227273 0.393651
vt 0.215910 0.373969
vt 0.240294 0.371235
vt 0.219569 0.349716
vt 0.206163 0.357086
vt 0.237004 0.346969
vt 0.249917 0.354433
vt 0.107482 0.410145
vt 0.102161 0.422307
vt 0.095334 0.417353
vt 0.091011 0.414251
vt 0.091017 0.408561
vt 0.136365 0.393651
vt 0.125001 0.413334
vt 0.110441 0.393583
vt 0.115249 0.430224
vt 0.102161 0.422307
vt 0.091017 0.408561
vt 0.091032 0.393651
vt 0.091061 0.367412
vt 0.100766 0.361809
vt 0.107324 0.376885
vt 0.091048 0.378737
vt 0.110441 0.393583
vt 0.123344 0.371235
vt 0.113677 0.354356
vt 0.100766 0.361809
vt 0.144061 0.349726
vt 0.136207 0.360392
vt 0.126612 0.346939
vt 0.131537 0.344130
vt 0.136375 0.346310
vt 0.123344 0.371235
vt 0.147728 0.373969
vt 0.126612 0.346939
vt 0.113677 0.354356
vt 0.119626 0.350921
vt 0.157475 0.357086
vt 0.144061 0.349726
vt 0.256156 0.410145
vt 0.272552 0.408567
vt 0.272559 0.414228
vt 0.268259 0.417327
vt 0.261464 0.422278
vt 0.253197 0.393583
vt 0.238637 0.413334
vt 0.272552 0.408567
vt 0.272537 0.393651
vt 0.248389 0.430224
vt 0.272519 0.378729
vt 0.256314 0.376885
vt 0.262831 0.361901
vt 0.272504 0.367537
vt 0.253197 0.393583
vt 0.262831 0.361901
vt 0.249917 0.354433
s 0
f 3945/5609/2276 3946/5610/2276 3901/5611/2276 3947/5612/2276 3944/5613/2276
f 3947/5614/2277 3901/5615/2277 3949/5616/2277 3948/5617/2277
f 3901/5615/2278 3950/5618/2278 3951/5619/2278 3952/5620/2278 3953/5621/2278 3954/5622/2278 3955/5623/2278 3949/5624/2278
f 3956/5625/2279 3950/5626/2279 3901/5615/2279 3958/5627/2279 3959/5628/2279 3957/5629/2279
f 3961/5630/2280 3962/5631/2280 3958/5632/2280 3901/5615/2280 3963/5633/2280 3960/5634/2280
f 3964/5635/2281 3966/5636/2281 3963/5637/2281 3901/5615/2281 3967/5638/2281 3968/5639/2281 3969/5640/2281 3965/5641/2281
f 3967/5642/2282 3901/5615/2282 3946/5643/2282 3971/5644/2282 3972/5645/2282 3970/5646/2282
f 3909/5647/2283 3926/5648/2283 3924/5649/2283 3923/5650/2283 3927/5651/2283
f 3902/5652/2284 3903/5653/2284 3909/5647/2284 3908/5654/2284
f 3926/5655/2285 3909/5647/2285 3903/5653/2285 3925/5656/2285
f 3908/5654/2286 3909/5647/2286 3927/5657/2286 3930/5658/2286
f 3910/5659/2287 3937/5660/2287 3936/5661/2287 3935/5662/2287 3943/5663/2287
f 3902/5664/2288 3904/5665/2288 3910/5659/2288 3905/5666/2288
f 3910/5659/2289 3904/5665/2289 3940/5667/2289 3937/5668/2289
f 3905/5666/2290 3910/5659/2290 3943/5669/2290 3942/5670/2290
f 3917/5671/2291 3918/5672/2291 3911/5673/2291 3941/5674/2291
f 3902/5664/2292 3905/5675/2292 3911/5673/2292 3906/5676/2292
f 3911/5673/2293 3905/5675/2293 3942/5670/2293 3941/5674/2293
f 3916/5677/2294 3906/5676/2294 3911/5673/2294 3918/5678/2294
f 3921/5679/2295 3912/5680/2295 3920/5681/2295 3919/5682/2295 3922/5683/2295
f 3902/5664/2296 3906/5684/2296 3912/5680/2296 3903/5685/2296
f 3920/5686/2297 3912/5680/2297 3906/5684/2297 3916/5687/2297 3915/5688/2297
f 3925/5689/2298 3903/5685/2298 3912/5680/2298 3921/5690/2298
f 3913/5691/2299 3931/5692/2299 3932/5693/2299 3938/5694/2299 3939/5695/2299
f 3902/5652/2300 3907/5696/2300 3913/5691/2300 3904/5697/2300
f 3931/5698/2301 3913/5691/2301 3907/5696/2301 3934/5699/2301
f 3904/5697/2302 3913/5691/2302 3939/5695/2302 3940/5700/2302
f 3933/5701/2303 3914/5702/2303 3929/5703/2303 3928/5704/2303
f 3902/5652/2304 3908/5654/2304 3914/5702/2304 3907/5705/2304
f 3929/5706/2305 3914/5702/2305 3908/5654/2305 3930/5707/2305
f 3934/5699/2306 3907/5705/2306 3914/5702/2306 3933/5701/2306
o Icosphere_cell.038
v -0.080525 1.891589 0.013368
v 0.403731 2.675590 0.013415
v 0.264401 2.748380 0.013415
v 0.531147 2.583522 0.013415
v 0.326270 2.704345 -0.128938
v 0.464092 2.619166 -0.128939
v 0.326270 2.704344 0.155769
v 0.464092 2.619166 0.155769
v 0.543510 2.564510 -0.092505
v 0.241867 2.750935 -0.092504
v 0.389188 2.652060 -0.198783
v 0.241867 2.750935 0.119335
v 0.389188 2.652060 0.225614
v 0.543510 2.564510 0.119335
v 0.589340 2.503707 0.193595
v 0.593474 2.507525 0.161161
v 0.598921 2.512800 -0.082401
v 0.593299 2.507724 -0.134184
v 0.589075 2.503902 -0.166995
v 0.602338 2.515807 0.013415
v 0.599047 2.512683 0.109209
v 0.429057 2.597803 0.306536
v 0.370669 2.622411 0.341406
v 0.501074 2.560557 0.259056
v 0.566824 2.520574 0.211827
v 0.501090 2.560532 -0.232270
v 0.429089 2.597759 -0.279770
v 0.566830 2.520563 -0.185019
v 0.192294 2.752135 0.211544
v 0.167699 2.764465 0.193640
v 0.322809 2.663459 0.306560
v 0.257390 2.711203 0.258933
v 0.169239 2.769959 0.160769
v 0.171267 2.777210 0.109293
v 0.172454 2.781606 0.013415
v 0.169061 2.770006 -0.134040
v 0.167502 2.764595 -0.166494
v 0.171155 2.777252 -0.082446
v 0.192374 2.752133 -0.184564
v 0.370861 2.622408 -0.314256
v 0.323010 2.663424 -0.279484
v 0.257524 2.711190 -0.231901
v 0.593299 2.507724 -0.134184
v 0.589075 2.503902 -0.166995
v 0.598921 2.512800 -0.082401
v 0.602338 2.515807 0.013415
v 0.599047 2.512683 0.109209
v 0.593474 2.507525 0.161161
v 0.589340 2.503707 0.193595
v 0.429057 2.597803 0.306536
v 0.501074 2.560557 0.259056
v 0.566824 2.520574 0.211827
v 0.501090 2.560532 -0.232270
v 0.566830 2.520563 -0.185019
v 0.429089 2.597759 -0.279770
v 0.192294 2.752135 0.211544
v 0.167699 2.764465 0.193640
v 0.370669 2.622411 0.341406
v 0.322809 2.663459 0.306560
v 0.257390 2.711203 0.258933
v 0.172454 2.781606 0.013415
v 0.171155 2.777252 -0.082446
v 0.169061 2.770006 -0.134040
v 0.167502 2.764595 -0.166494
v 0.169239 2.769959 0.160769
v 0.171267 2.777210 0.109293
v 0.323010 2.663424 -0.279484
v 0.257524 2.711190 -0.231901
v 0.370861 2.622408 -0.314256
v 0.192374 2.752133 -0.184564
vn 0.6747 -0.7381 -0.0009
vn 0.2621 -0.5252 0.8096
vn 0.2615 -0.5249 -0.8100
vn -0.5884 0.0003 0.8086
vn -0.9619 0.2734 0.0006
vn -0.5877 0.0003 -0.8091
vn 0.6810 0.7146 -0.1601
vn 0.5856 0.8072 -0.0737
vn 0.6874 0.7246 -0.0486
vn 0.6156 0.7600 -0.2085
vn 0.3346 0.9286 -0.1601
vn 0.4601 0.8848 -0.0737
vn 0.4044 0.8905 -0.2085
vn 0.3407 0.9389 -0.0486
vn 0.5033 0.8143 -0.2890
vn 0.5213 0.8435 -0.1293
vn 0.5693 0.7852 -0.2436
vn 0.4477 0.8604 -0.2436
vn 0.3346 0.9286 0.1602
vn 0.4601 0.8848 0.0737
vn 0.3407 0.9389 0.0486
vn 0.4044 0.8905 0.2085
vn 0.5033 0.8144 0.2890
vn 0.5213 0.8435 0.1293
vn 0.4477 0.8604 0.2436
vn 0.5693 0.7852 0.2436
vn 0.6810 0.7146 0.1601
vn 0.5856 0.8072 0.0737
vn 0.6156 0.7600 0.2085
vn 0.6874 0.7246 0.0486
vt 0.000000 0.000000
vt 0.670089 0.000000
vt 0.674314 0.063097
vt 0.679935 0.162155
vt 0.683346 0.341950
vt 0.680045 0.518345
vt 0.674464 0.612113
vt 0.670325 0.670325
vt 0.472951 0.168941
vt 0.302139 0.000000
vt 1.000000 0.000000
vt 1.000000 0.670325
vt 0.917969 0.594721
vt 0.698732 0.387083
vt 0.676438 0.595176
vt 0.670089 0.670089
vt 0.697539 0.000000
vt 0.695675 0.168262
vt 0.688036 0.386973
vt 0.166456 0.000000
vt 1.000000 0.697861
vt 0.790082 0.527148
vt 0.517955 0.300625
vt 0.258816 0.080582
vt 0.799417 0.154328
vt 0.922298 0.161262
vt 1.000000 0.166438
vt 1.000000 1.000000
vt 0.166456 0.166456
vt 0.239922 0.161220
vt 0.355617 0.154311
vt 0.575449 0.150142
vt 0.789697 0.263081
vt 1.000000 0.302461
vt 0.166438 0.166438
vt 0.259550 0.178344
vt 0.518117 0.217455
vt 0.418835 0.346951
vt 0.409249 0.360392
vt 0.401392 0.349723
vt 0.409081 0.346311
vt 0.413943 0.344122
vt 0.409092 0.393651
vt 0.397728 0.373969
vt 0.422112 0.371235
vt 0.401392 0.349723
vt 0.387974 0.357074
vt 0.431745 0.354415
vt 0.454326 0.414231
vt 0.450042 0.417307
vt 0.443261 0.422230
vt 0.437974 0.410145
vt 0.454326 0.408571
vt 0.435015 0.393583
vt 0.420455 0.413334
vt 0.454328 0.393651
vt 0.430161 0.430146
vt 0.443261 0.422230
vt 0.438132 0.376885
vt 0.444658 0.361882
vt 0.454331 0.367532
vt 0.454330 0.378728
vt 0.422112 0.371235
vt 0.435015 0.393583
vt 0.444657 0.361882
vt 0.431745 0.354415
vt 0.454330 0.378728
vt 0.454328 0.393651
vt 0.277261 0.417290
vt 0.272926 0.414169
vt 0.272922 0.408569
vt 0.289300 0.410145
vt 0.284021 0.422210
vt 0.318182 0.393651
vt 0.306819 0.413334
vt 0.292259 0.393583
vt 0.297113 0.430146
vt 0.284021 0.422210
vt 0.272908 0.393651
vt 0.272922 0.408569
vt 0.272911 0.367514
vt 0.282622 0.361894
vt 0.289142 0.376885
vt 0.272895 0.378734
vt 0.292259 0.393583
vt 0.305162 0.371235
vt 0.272895 0.378734
vt 0.272908 0.393651
vt 0.295533 0.354423
vt 0.313392 0.344090
vt 0.318193 0.346262
vt 0.325900 0.349698
vt 0.318025 0.360392
vt 0.308442 0.346955
vt 0.305162 0.371235
vt 0.329546 0.373969
vt 0.308442 0.346955
vt 0.295533 0.354423
vt 0.325900 0.349698
vt 0.339300 0.357074
s 0
f 3973/5708/2307 4016/5709/2307 4015/5710/2307 4017/5711/2307 4018/5712/2307 4019/5713/2307 4020/5714/2307 4021/5715/2307
f 4022/5716/2308 4030/5717/2308 3973/5718/2308 4021/5719/2308 4024/5720/2308 4023/5721/2308
f 4026/5722/2309 4016/5723/2309 3973/5708/2309 4041/5724/2309 4027/5725/2309 4025/5726/2309
f 4029/5727/2310 3973/5718/2310 4030/5728/2310 4031/5729/2310 4032/5730/2310 4028/5731/2310
f 4034/5732/2311 4035/5733/2311 4036/5734/2311 3973/5735/2311 4029/5736/2311 4037/5737/2311 4038/5738/2311 4033/5739/2311
f 4039/5740/2312 4041/5741/2312 3973/5735/2312 4036/5742/2312 4042/5743/2312 4040/5744/2312
f 4000/5745/2313 3981/5746/2313 3989/5747/2313 3990/5748/2313 3991/5749/2313
f 3974/5750/2314 3976/5751/2314 3981/5746/2314 3978/5752/2314
f 3989/5753/2315 3981/5746/2315 3976/5751/2315 3992/5754/2315
f 3998/5755/2316 3978/5752/2316 3981/5746/2316 4000/5745/2316
f 4009/5756/2317 4008/5757/2317 4010/5758/2317 3982/5759/2317 4011/5760/2317
f 3974/5750/2318 3977/5761/2318 3982/5759/2318 3975/5762/2318
f 3982/5759/2319 3977/5761/2319 4014/5763/2319 4011/5760/2319
f 4007/5764/2320 3975/5762/2320 3982/5759/2320 4010/5765/2320
f 3983/5766/2321 3999/5767/2321 4012/5768/2321 4013/5769/2321
f 3974/5750/2322 3978/5770/2322 3983/5766/2322 3977/5771/2322
f 3999/5772/2323 3983/5766/2323 3978/5770/2323 3998/5773/2323
f 3977/5771/2324 3983/5766/2324 4013/5774/2324 4014/5775/2324
f 4005/5776/2325 4002/5777/2325 4001/5778/2325 3984/5779/2325 4006/5780/2325
f 3974/5781/2326 3975/5782/2326 3984/5779/2326 3979/5783/2326
f 3984/5779/2327 3975/5782/2327 4007/5784/2327 4006/5785/2327
f 4004/5786/2328 3979/5783/2328 3984/5779/2328 4001/5787/2328
f 3995/5788/2329 3994/5789/2329 3985/5790/2329 4003/5791/2329
f 3974/5781/2330 3979/5792/2330 3985/5790/2330 3980/5793/2330
f 4003/5794/2331 3985/5790/2331 3979/5792/2331 4004/5795/2331
f 3996/5796/2332 3980/5793/2332 3985/5790/2332 3994/5789/2332
f 3987/5797/2333 3988/5798/2333 3993/5799/2333 3986/5800/2333 3997/5801/2333
f 3974/5781/2334 3980/5802/2334 3986/5800/2334 3976/5803/2334
f 3997/5804/2335 3986/5800/2335 3980/5802/2335 3996/5805/2335
f 3976/5803/2336 3986/5800/2336 3993/5806/2336 3992/5807/2336
o Icosphere_cell.039
v -0.084303 1.891821 0.015098
v -0.475865 2.675591 0.299210
v -0.578947 2.583524 0.374103
v -0.363144 2.748381 0.217315
v -0.496871 2.704346 0.138514
v -0.608371 2.619168 0.219523
v -0.329524 2.704346 0.368847
v -0.441024 2.619168 0.449856
v -0.526690 2.564512 0.467061
v -0.407172 2.750936 0.118380
v -0.588827 2.652061 0.118991
v -0.651206 2.564512 0.295679
v -0.282657 2.750936 0.289761
v -0.339373 2.652062 0.462335
v -0.708464 2.545726 0.186127
v -0.731808 2.503841 0.262485
v -0.724393 2.520599 0.234589
v -0.699030 2.560539 0.157680
v -0.668631 2.597814 0.076967
v -0.641987 2.622330 0.014761
v -0.582722 2.663426 0.014801
v -0.501774 2.711188 0.014855
v -0.390416 2.764622 0.014929
v -0.421230 2.752133 0.014909
v -0.178406 2.764503 0.306474
v -0.199193 2.770041 0.280554
v -0.231256 2.777307 0.239958
v -0.288616 2.781671 0.163168
v -0.343974 2.777286 0.084912
v -0.372667 2.770017 0.041942
v -0.238268 2.663440 0.488760
v -0.256824 2.622207 0.545220
v -0.213012 2.711213 0.411878
v -0.187911 2.752141 0.335435
v -0.491258 2.520664 0.555415
v -0.520002 2.503927 0.553883
v -0.324067 2.597816 0.551218
v -0.410263 2.560615 0.555053
v -0.690112 2.512782 0.336438
v -0.716067 2.507655 0.291219
v -0.542473 2.507725 0.530047
v -0.577437 2.512824 0.491447
v -0.636490 2.515870 0.415910
v -0.708464 2.545726 0.186127
v -0.724393 2.520599 0.234589
v -0.731808 2.503841 0.262485
v -0.699030 2.560539 0.157680
v -0.668631 2.597814 0.076967
v -0.641987 2.622330 0.014761
v -0.582722 2.663426 0.014801
v -0.501774 2.711188 0.014855
v -0.421230 2.752133 0.014909
v -0.390416 2.764622 0.014929
v -0.343974 2.777286 0.084912
v -0.372667 2.770017 0.041942
v -0.288616 2.781671 0.163168
v -0.231256 2.777307 0.239958
v -0.199193 2.770041 0.280554
v -0.178406 2.764503 0.306474
v -0.238268 2.663440 0.488760
v -0.213012 2.711213 0.411878
v -0.187911 2.752141 0.335435
v -0.491258 2.520664 0.555415
v -0.410263 2.560615 0.555053
v -0.520002 2.503927 0.553883
v -0.256824 2.622207 0.545220
v -0.324067 2.597816 0.551218
v -0.716067 2.507655 0.291219
v -0.542473 2.507725 0.530047
v -0.577437 2.512824 0.491447
v -0.636490 2.515870 0.415910
v -0.690112 2.512782 0.336438
vn -0.6883 -0.5264 -0.4992
vn -0.6876 -0.5251 -0.5015
vn 0.0006 -0.0000 -1.0000
vn 0.7781 0.2728 -0.5657
vn 0.9503 -0.0015 0.3113
vn 0.2627 -0.5253 0.8093
vn -0.5458 -0.7379 0.3969
vn -0.4568 0.7146 0.5298
vn -0.4304 0.8072 0.4039
vn -0.5276 0.7246 0.4434
vn -0.3755 0.7600 0.5305
vn -0.3648 0.9287 0.0671
vn -0.4156 0.8848 0.2108
vn -0.3042 0.9389 0.1609
vn -0.4497 0.8905 0.0691
vn -0.5771 0.8143 0.0620
vn -0.4977 0.8435 0.2019
vn -0.5053 0.8604 0.0661
vn -0.6038 0.7852 0.1376
vn -0.6450 0.7146 0.2707
vn -0.5171 0.8072 0.2846
vn -0.6206 0.7600 0.1932
vn -0.5847 0.7246 0.3647
vn -0.1766 0.9286 0.3263
vn -0.3289 0.8848 0.3301
vn -0.2047 0.8905 0.4064
vn -0.2471 0.9389 0.2396
vn -0.2373 0.8143 0.5297
vn -0.3458 0.8435 0.4110
vn -0.3175 0.7852 0.5317
vn -0.2190 0.8604 0.4602
vt 1.000000 0.375543
vt 1.000000 1.000000
vt 0.351865 0.351865
vt 0.591479 0.359403
vt 0.773318 0.325749
vt 1.000000 0.302309
vt 0.375543 0.375543
vt 0.479201 0.361383
vt 0.302578 0.302245
vt 0.472817 0.263139
vt 0.698920 0.217626
vt 0.918551 0.178619
vt 1.000000 0.166726
vt 0.354637 0.154580
vt 0.574087 0.150331
vt 0.797699 0.154436
vt 0.920644 0.161340
vt 1.000000 0.166606
vt 0.166726 0.166726
vt 0.238776 0.161554
vt 0.789505 0.262900
vt 1.000000 0.302206
vt 0.166606 0.166606
vt 0.259035 0.178378
vt 0.517684 0.217372
vt 0.918328 0.399548
vt 1.000000 0.415579
vt 0.302206 0.302206
vt 0.472158 0.325601
vt 0.698501 0.361263
vt 1.000000 0.351865
vt 0.415579 0.415579
vt 0.466470 0.406001
vt 0.548028 0.391697
vt 0.702010 0.371660
vt 0.858912 0.357800
vt 0.945457 0.353781
vt 0.050257 0.344140
vt 0.055177 0.346981
vt 0.045613 0.360392
vt 0.037758 0.349727
vt 0.045444 0.346310
vt 0.045455 0.393651
vt 0.034091 0.373969
vt 0.058476 0.371235
vt 0.037758 0.349727
vt 0.024346 0.357089
vt 0.068095 0.354439
vt 0.055177 0.346981
vt 0.822679 0.417311
vt 0.818421 0.414246
vt 0.818418 0.408573
vt 0.834754 0.410145
vt 0.829461 0.422245
vt 0.863636 0.393651
vt 0.852273 0.413334
vt 0.837713 0.393583
vt 0.842548 0.430178
vt 0.818418 0.408573
vt 0.818407 0.393651
vt 0.818391 0.367511
vt 0.828077 0.361897
vt 0.834596 0.376885
vt 0.818397 0.378728
vt 0.837713 0.393583
vt 0.850616 0.371235
vt 0.818397 0.378728
vt 0.818407 0.393651
vt 0.840984 0.354417
vt 0.871339 0.349718
vt 0.863479 0.360392
vt 0.853901 0.346962
vt 0.858835 0.344120
vt 0.863647 0.346293
vt 0.850616 0.371235
vt 0.875000 0.373969
vt 0.845762 0.351649
vt 0.884746 0.357089
vt 0.086428 0.417319
vt 0.079636 0.422254
vt 0.074338 0.410145
vt 0.090792 0.408561
vt 0.090807 0.414173
vt 0.071378 0.393583
vt 0.056819 0.413334
vt 0.090755 0.393651
vt 0.066544 0.430178
vt 0.079636 0.422254
vt 0.090684 0.367538
vt 0.090715 0.378731
vt 0.074495 0.376885
vt 0.081014 0.361897
vt 0.071378 0.393583
vt 0.068095 0.354439
vt 0.090715 0.378731
vt 0.090755 0.393651
s 0
f 4086/5808/2337 4043/5809/2337 4088/5810/2337 4087/5811/2337
f 4090/5812/2338 4091/5813/2338 4043/5809/2338 4086/5814/2338 4089/5815/2338
f 4043/5809/2339 4091/5816/2339 4092/5817/2339 4093/5818/2339 4094/5819/2339 4095/5820/2339
f 4096/5821/2340 4098/5822/2340 4099/5823/2340 4100/5824/2340 4101/5825/2340 4043/5809/2340 4095/5826/2340 4097/5827/2340
f 4102/5828/2341 4108/5829/2341 4043/5809/2341 4101/5830/2341 4104/5831/2341 4103/5832/2341
f 4105/5833/2342 4107/5834/2342 4043/5809/2342 4108/5835/2342 4109/5836/2342 4106/5837/2342
f 4088/5838/2343 4043/5809/2343 4107/5839/2343 4111/5840/2343 4112/5841/2343 4113/5842/2343 4114/5843/2343 4110/5844/2343
f 4078/5845/2344 4077/5846/2344 4051/5847/2344 4084/5848/2344 4083/5849/2344
f 4044/5850/2345 4045/5851/2345 4051/5847/2345 4050/5852/2345
f 4084/5853/2346 4051/5847/2346 4045/5851/2346 4085/5854/2346
f 4080/5855/2347 4050/5852/2347 4051/5847/2347 4077/5856/2347
f 4072/5857/2348 4065/5858/2348 4066/5859/2348 4052/5860/2348 4071/5861/2348
f 4044/5862/2349 4046/5863/2349 4052/5860/2349 4047/5864/2349
f 4071/5861/2350 4052/5860/2350 4046/5863/2350 4070/5865/2350
f 4047/5864/2351 4052/5860/2351 4066/5866/2351 4064/5867/2351
f 4062/5868/2352 4061/5869/2352 4053/5870/2352 4063/5871/2352
f 4044/5862/2353 4047/5872/2353 4053/5870/2353 4048/5873/2353
f 4063/5874/2354 4053/5870/2354 4047/5872/2354 4064/5875/2354
f 4048/5873/2355 4053/5870/2355 4061/5869/2355 4060/5876/2355
f 4081/5877/2356 4054/5878/2356 4059/5879/2356 4058/5880/2356 4082/5881/2356
f 4044/5862/2357 4048/5882/2357 4054/5878/2357 4045/5883/2357
f 4054/5878/2358 4048/5882/2358 4060/5876/2358 4057/5884/2358 4059/5879/2358
f 4085/5885/2359 4045/5883/2359 4054/5878/2359 4081/5877/2359
f 4068/5886/2360 4069/5887/2360 4055/5888/2360 4076/5889/2360 4067/5890/2360
f 4044/5850/2361 4049/5891/2361 4055/5888/2361 4046/5892/2361
f 4076/5889/2362 4055/5888/2362 4049/5891/2362 4075/5893/2362
f 4070/5894/2363 4046/5892/2363 4055/5888/2363 4069/5895/2363
f 4074/5896/2364 4073/5897/2364 4056/5898/2364 4079/5899/2364
f 4044/5850/2365 4050/5852/2365 4056/5898/2365 4049/5900/2365
f 4079/5899/2366 4056/5898/2366 4050/5852/2366 4080/5901/2366
f 4049/5900/2367 4056/5898/2367 4073/5902/2367 4075/5903/2367
o Icosphere_cell.040
v -0.084451 1.891962 0.012306
v -0.475865 2.675591 -0.272380
v -0.578947 2.583524 -0.347272
v -0.363144 2.748381 -0.190484
v -0.329524 2.704346 -0.342016
v -0.441024 2.619168 -0.423025
v -0.496871 2.704346 -0.111684
v -0.608371 2.619168 -0.192692
v -0.651206 2.564512 -0.268848
v -0.282657 2.750936 -0.262930
v -0.339373 2.652062 -0.435504
v -0.526690 2.564512 -0.440230
v -0.407172 2.750936 -0.091549
v -0.588827 2.652061 -0.092161
v -0.731933 2.503894 -0.235198
v -0.715963 2.507746 -0.264395
v -0.690075 2.512831 -0.309569
v -0.519864 2.503769 -0.527379
v -0.542503 2.507618 -0.503335
v -0.636499 2.515860 -0.389086
v -0.577504 2.512756 -0.464648
v -0.491158 2.520540 -0.528833
v -0.324100 2.597934 -0.524194
v -0.256750 2.622480 -0.518008
v -0.410253 2.560596 -0.528257
v -0.188463 2.752135 -0.308338
v -0.178888 2.764671 -0.278935
v -0.238467 2.663418 -0.461877
v -0.213397 2.711190 -0.384905
v -0.343588 2.777447 -0.057877
v -0.372423 2.770152 -0.014571
v -0.390362 2.764705 0.012810
v -0.199063 2.770071 -0.253709
v -0.231125 2.777374 -0.213002
v -0.288368 2.781782 -0.136156
v -0.642216 2.622181 0.012265
v -0.582700 2.663466 0.012402
v -0.501797 2.711222 0.012579
v -0.421343 2.752142 0.012748
v -0.668830 2.597679 -0.050031
v -0.724554 2.520503 -0.207624
v -0.699150 2.560462 -0.130767
v -0.519864 2.503769 -0.527379
v -0.542503 2.507618 -0.503335
v -0.731933 2.503894 -0.235198
v -0.715963 2.507746 -0.264395
v -0.690075 2.512831 -0.309569
v -0.636499 2.515860 -0.389086
v -0.577504 2.512756 -0.464648
v -0.491158 2.520540 -0.528833
v -0.410253 2.560596 -0.528257
v -0.324100 2.597934 -0.524194
v -0.188463 2.752135 -0.308338
v -0.178888 2.764671 -0.278935
v -0.256750 2.622480 -0.518008
v -0.238467 2.663418 -0.461877
v -0.213397 2.711190 -0.384905
v -0.343588 2.777447 -0.057877
v -0.288368 2.781782 -0.136156
v -0.372423 2.770152 -0.014571
v -0.390362 2.764705 0.012810
v -0.199063 2.770071 -0.253709
v -0.231125 2.777374 -0.213002
v -0.421343 2.752142 0.012748
v -0.501797 2.711222 0.012579
v -0.582700 2.663466 0.012402
v -0.724554 2.520503 -0.207624
v -0.642216 2.622181 0.012265
v -0.668830 2.597679 -0.050031
v -0.699150 2.560462 -0.130767
vn -0.5462 -0.7381 -0.3961
vn 0.2655 -0.5246 -0.8089
vn 0.9509 -0.0004 -0.3095
vn 0.7790 0.2727 0.5646
vn -0.0015 -0.0011 1.0000
vn -0.6880 -0.5255 0.5006
vn -0.6450 0.7146 -0.2707
vn -0.5171 0.8072 -0.2846
vn -0.5847 0.7246 -0.3647
vn -0.6206 0.7600 -0.1932
vn -0.1766 0.9287 -0.3262
vn -0.3289 0.8848 -0.3301
vn -0.2471 0.9389 -0.2396
vn -0.2047 0.8905 -0.4064
vn -0.2373 0.8144 -0.5296
vn -0.3458 0.8435 -0.4110
vn -0.2190 0.8604 -0.4602
vn -0.3175 0.7852 -0.5317
vn -0.4568 0.7146 -0.5298
vn -0.4304 0.8072 -0.4039
vn -0.3755 0.7600 -0.5305
vn -0.5276 0.7246 -0.4434
vn -0.3648 0.9286 -0.0671
vn -0.4156 0.8848 -0.2108
vn -0.4497 0.8905 -0.0691
vn -0.3042 0.9389 -0.1609
vn -0.5771 0.8143 -0.0620
vn -0.4977 0.8435 -0.2018
vn -0.6038 0.7852 -0.1376
vn -0.5053 0.8604 -0.0661
vt 1.000000 0.415392
vt 1.000000 1.000000
vt 0.352259 0.352259
vt 0.409432 0.354141
vt 0.499599 0.358053
vt 0.669896 0.371726
vt 0.843416 0.391572
vt 0.939194 0.405800
vt 1.000000 0.302517
vt 0.415392 0.415392
vt 0.480983 0.399433
vt 0.662427 0.361332
vt 0.853123 0.325836
vt 1.000000 0.166541
vt 0.302517 0.302517
vt 0.472411 0.263376
vt 0.698591 0.217694
vt 0.918239 0.178535
vt 0.798041 0.154400
vt 0.921769 0.161378
vt 1.000000 0.166587
vt 0.166541 0.166541
vt 0.238596 0.161391
vt 0.354879 0.154428
vt 0.574404 0.150239
vt 1.000000 0.302272
vt 0.166587 0.166587
vt 0.260335 0.178534
vt 0.518436 0.217480
vt 0.789634 0.262949
vt 1.000000 0.352259
vt 0.302272 0.302272
vt 0.472875 0.309815
vt 0.699199 0.324810
vt 0.918976 0.343413
vt 0.772717 0.346315
vt 0.777607 0.344112
vt 0.782484 0.346932
vt 0.772885 0.360392
vt 0.765032 0.349729
vt 0.772727 0.393651
vt 0.761364 0.373969
vt 0.785748 0.371235
vt 0.751617 0.357086
vt 0.765032 0.349729
vt 0.795393 0.354395
vt 0.636577 0.408571
vt 0.652936 0.410145
vt 0.647625 0.422285
vt 0.640827 0.417330
vt 0.636574 0.414264
vt 0.681818 0.393651
vt 0.670455 0.413334
vt 0.655895 0.393583
vt 0.660698 0.430234
vt 0.636583 0.393651
vt 0.636577 0.408571
vt 0.636606 0.367548
vt 0.646273 0.361930
vt 0.652778 0.376885
vt 0.636591 0.378727
vt 0.655895 0.393583
vt 0.668798 0.371235
vt 0.659175 0.354433
vt 0.646273 0.361930
vt 0.672070 0.346944
vt 0.676979 0.344092
vt 0.681829 0.346284
vt 0.689525 0.349713
vt 0.681661 0.360392
vt 0.668798 0.371235
vt 0.693182 0.373969
vt 0.672070 0.346944
vt 0.702929 0.357086
vt 0.818087 0.414263
vt 0.813770 0.417360
vt 0.806936 0.422319
vt 0.801610 0.410145
vt 0.818077 0.408560
vt 0.798651 0.393583
vt 0.784091 0.413334
vt 0.818052 0.393651
vt 0.793848 0.430234
vt 0.818003 0.367511
vt 0.818025 0.378735
vt 0.801768 0.376885
vt 0.808303 0.361860
vt 0.798651 0.393583
vt 0.808303 0.361860
vt 0.795393 0.354395
vt 0.818052 0.393651
s 0
f 4157/5904/2368 4115/5905/2368 4159/5906/2368 4160/5907/2368 4161/5908/2368 4162/5909/2368 4163/5910/2368 4158/5911/2368
f 4169/5912/2369 4115/5905/2369 4157/5913/2369 4164/5914/2369 4165/5915/2369 4166/5916/2369
f 4168/5917/2370 4115/5905/2370 4169/5918/2370 4170/5919/2370 4171/5920/2370 4167/5921/2370
f 4172/5922/2371 4174/5923/2371 4175/5924/2371 4115/5905/2371 4168/5925/2371 4176/5926/2371 4177/5927/2371 4173/5928/2371
f 4182/5929/2372 4115/5905/2372 4175/5930/2372 4178/5931/2372 4179/5932/2372 4180/5933/2372
f 4159/5934/2373 4115/5905/2373 4182/5935/2373 4183/5936/2373 4184/5937/2373 4181/5938/2373
f 4130/5939/2374 4129/5940/2374 4155/5941/2374 4123/5942/2374 4131/5943/2374
f 4116/5944/2375 4117/5945/2375 4123/5942/2375 4122/5946/2375
f 4123/5942/2376 4117/5945/2376 4134/5947/2376 4131/5948/2376
f 4156/5949/2377 4122/5946/2377 4123/5942/2377 4155/5941/2377
f 4140/5950/2378 4124/5951/2378 4148/5952/2378 4147/5953/2378 4141/5954/2378
f 4116/5955/2379 4118/5956/2379 4124/5951/2379 4119/5957/2379
f 4148/5952/2380 4124/5951/2380 4118/5956/2380 4149/5958/2380
f 4143/5959/2381 4119/5957/2381 4124/5951/2381 4140/5960/2381
f 4138/5961/2382 4137/5962/2382 4125/5963/2382 4142/5964/2382
f 4116/5955/2383 4119/5965/2383 4125/5963/2383 4120/5966/2383
f 4142/5964/2384 4125/5963/2384 4119/5965/2384 4143/5959/2384
f 4139/5967/2385 4120/5966/2385 4125/5963/2385 4137/5968/2385
f 4136/5969/2386 4132/5970/2386 4133/5971/2386 4135/5972/2386 4126/5973/2386
f 4116/5955/2387 4120/5974/2387 4126/5973/2387 4117/5975/2387
f 4136/5976/2388 4126/5973/2388 4120/5974/2388 4139/5967/2388
f 4117/5975/2389 4126/5973/2389 4135/5972/2389 4134/5977/2389
f 4146/5978/2390 4145/5979/2390 4144/5980/2390 4127/5981/2390 4153/5982/2390
f 4116/5944/2391 4121/5983/2391 4127/5981/2391 4118/5984/2391
f 4153/5982/2392 4127/5981/2392 4121/5983/2392 4152/5985/2392
f 4118/5984/2393 4127/5981/2393 4144/5980/2393 4149/5986/2393
f 4150/5987/2394 4151/5988/2394 4128/5989/2394 4154/5990/2394
f 4116/5944/2395 4122/5946/2395 4128/5989/2395 4121/5991/2395
f 4154/5992/2396 4128/5989/2396 4122/5946/2396 4156/5993/2396
f 4152/5994/2397 4121/5991/2397 4128/5989/2397 4151/5988/2397
o Icosphere_cell.041
v -0.082165 1.891492 0.011667
v 0.067753 2.675591 -0.449013
v 0.107126 2.583524 -0.570193
v 0.024698 2.748381 -0.316503
v 0.179204 2.704345 -0.331354
v 0.221793 2.619168 -0.462430
v -0.091571 2.704346 -0.419333
v -0.048983 2.619169 -0.550409
v 0.010210 2.564512 -0.614681
v 0.118471 2.750935 -0.262341
v 0.265074 2.652061 -0.369610
v 0.211683 2.564512 -0.549220
v -0.083001 2.750936 -0.327803
v -0.138555 2.652062 -0.500755
v 0.190925 2.752136 -0.186622
v 0.166032 2.764595 -0.168584
v 0.321634 2.663477 -0.281329
v 0.369770 2.622264 -0.316203
v 0.256119 2.711211 -0.233861
v -0.176851 2.764479 -0.280154
v -0.144969 2.769997 -0.271426
v -0.095289 2.777259 -0.257427
v 0.135501 2.770033 -0.180148
v 0.087007 2.777292 -0.198102
v -0.003751 2.781650 -0.228945
v -0.186267 2.752139 -0.309105
v -0.254573 2.622272 -0.519093
v -0.236190 2.663476 -0.462584
v -0.211164 2.711215 -0.385650
v -0.203475 2.597571 -0.563950
v -0.105812 2.541929 -0.639830
v -0.136023 2.560400 -0.617681
v -0.070541 2.520582 -0.665430
v -0.046283 2.503943 -0.680978
v -0.014032 2.507757 -0.674881
v 0.036908 2.512867 -0.664198
v 0.203552 2.513443 -0.610690
v 0.129082 2.515941 -0.637769
v 0.219182 2.512902 -0.604935
v 0.296248 2.504109 -0.569514
v 0.266561 2.507879 -0.583600
v 0.354482 2.597727 -0.382540
v 0.331375 2.560600 -0.465682
v 0.306565 2.520709 -0.542831
v 0.190925 2.752136 -0.186622
v 0.166032 2.764595 -0.168584
v 0.321634 2.663477 -0.281329
v 0.369770 2.622264 -0.316203
v 0.256119 2.711211 -0.233861
v -0.095289 2.777259 -0.257427
v -0.003751 2.781650 -0.228945
v -0.144969 2.769997 -0.271426
v -0.176851 2.764479 -0.280154
v 0.135501 2.770033 -0.180148
v 0.087007 2.777292 -0.198102
v -0.236190 2.663476 -0.462584
v -0.211164 2.711215 -0.385650
v -0.254573 2.622272 -0.519093
v -0.186267 2.752139 -0.309105
v -0.105812 2.541929 -0.639830
v -0.136023 2.560400 -0.617681
v -0.203475 2.597571 -0.563950
v -0.070541 2.520582 -0.665430
v -0.046283 2.503943 -0.680978
v 0.203552 2.513443 -0.610690
v 0.129082 2.515941 -0.637769
v -0.014032 2.507757 -0.674881
v 0.036908 2.512867 -0.664198
v 0.296248 2.504109 -0.569514
v 0.266561 2.507879 -0.583600
v 0.219182 2.512902 -0.604935
v 0.306565 2.520709 -0.542831
v 0.331375 2.560600 -0.465682
v 0.354482 2.597727 -0.382540
vn 0.5869 0.0003 0.8097
vn -0.2977 0.2735 0.9147
vn -0.9510 0.0002 0.3092
vn -0.6890 -0.5254 -0.4993
vn -0.6844 -0.5282 -0.5025
vn 0.2086 -0.7380 -0.6417
vn 0.2104 -0.7381 -0.6410
vn 0.8502 -0.5264 -0.0013
vn 0.0581 0.7146 -0.6971
vn 0.1108 0.8072 -0.5797
vn 0.1662 0.7246 -0.6688
vn -0.0080 0.7600 -0.6499
vn 0.2557 0.9286 -0.2688
vn 0.2123 0.8848 -0.4148
vn 0.1515 0.9389 -0.3090
vn 0.3232 0.8905 -0.3202
vn 0.4304 0.8144 -0.3894
vn 0.2840 0.8435 -0.4559
vn 0.3700 0.8604 -0.3505
vn 0.4076 0.7852 -0.4662
vn 0.3627 0.7146 -0.5982
vn 0.2511 0.8072 -0.5342
vn 0.3885 0.7600 -0.5211
vn 0.2586 0.7248 -0.6386
vn -0.0489 0.9286 -0.3677
vn 0.0721 0.8848 -0.4604
vn -0.0733 0.8905 -0.4491
vn 0.0590 0.9389 -0.3390
vn -0.1193 0.8143 -0.5680
vn 0.0382 0.8435 -0.5357
vn -0.0557 0.7852 -0.6167
vn -0.0933 0.8604 -0.5010
vt 0.833245 0.833245
vt 0.000000 0.000000
vt 0.697834 0.000000
vt 0.737062 0.210262
vt 0.782480 0.481677
vt 0.821404 0.740149
vt 0.355685 0.201566
vt 0.239879 0.078928
vt 0.166153 0.000000
vt 1.000000 0.000000
vt 1.000000 0.833245
vt 0.921985 0.760487
vt 0.799025 0.644559
vt 0.575280 0.425164
vt 0.788739 0.262776
vt 1.000000 0.302349
vt 1.000000 1.000000
vt 0.166153 0.166153
vt 0.258433 0.177963
vt 0.517084 0.217114
vt 1.000000 0.378736
vt 0.302349 0.302349
vt 0.542744 0.325711
vt 0.858774 0.361132
vt 1.000000 0.339032
vt 0.378736 0.378736
vt 0.746156 0.354048
vt 1.000000 0.406287
vt 0.339032 0.339032
vt 0.421155 0.344873
vt 0.551998 0.355105
vt 0.796389 0.380392
vt 1.000000 0.415265
vt 0.406287 0.406287
vt 0.502553 0.406816
vt 0.806944 0.411644
vt 1.000000 0.302166
vt 0.415265 0.415265
vt 0.480416 0.399383
vt 0.661849 0.361206
vt 0.852356 0.325665
vt 0.595721 0.344142
vt 0.600649 0.346956
vt 0.591067 0.360392
vt 0.583220 0.349736
vt 0.590899 0.346318
vt 0.590909 0.393651
vt 0.579546 0.373969
vt 0.603930 0.371235
vt 0.583220 0.349736
vt 0.569810 0.357106
vt 0.607610 0.350929
vt 0.613585 0.354377
vt 0.454729 0.414226
vt 0.454723 0.408567
vt 0.471118 0.410145
vt 0.465823 0.422248
vt 0.459032 0.417317
vt 0.500000 0.393651
vt 0.488637 0.413334
vt 0.474077 0.393583
vt 0.478918 0.430167
vt 0.454705 0.393651
vt 0.464431 0.361873
vt 0.470960 0.376885
vt 0.454688 0.378737
vt 0.454679 0.367485
vt 0.474077 0.393583
vt 0.486980 0.371235
vt 0.454688 0.378737
vt 0.454705 0.393651
vt 0.477358 0.354435
vt 0.490289 0.346995
vt 0.495179 0.344180
vt 0.500011 0.346348
vt 0.507685 0.349743
vt 0.499843 0.360392
vt 0.486980 0.371235
vt 0.511364 0.373969
vt 0.521100 0.357106
vt 0.507685 0.349743
vt 0.509984 0.351066
vt 0.636210 0.408565
vt 0.636209 0.414169
vt 0.631854 0.417303
vt 0.625080 0.422232
vt 0.619792 0.410145
vt 0.616833 0.393583
vt 0.602273 0.413334
vt 0.636210 0.408565
vt 0.636216 0.393651
vt 0.611992 0.430167
vt 0.625080 0.422232
vt 0.636223 0.367489
vt 0.636220 0.378737
vt 0.619950 0.376885
vt 0.626498 0.361830
vt 0.603930 0.371235
vt 0.616833 0.393583
vt 0.613585 0.354377
vt 0.636216 0.393651
s 0
f 4230/5995/2398 4185/5996/2398 4232/5997/2398 4231/5998/2398 4233/5999/2398 4229/6000/2398
f 4234/6001/2399 4236/6002/2399 4237/6003/2399 4185/6004/2399 4230/6005/2399 4238/6006/2399 4239/6007/2399 4235/6008/2399
f 4240/6009/2400 4242/6010/2400 4185/6011/2400 4237/6012/2400 4243/6013/2400 4241/6014/2400
f 4244/6015/2401 4185/6011/2401 4242/6016/2401 4246/6017/2401 4245/6018/2401
f 4248/6019/2402 4185/6011/2402 4244/6020/2402 4247/6021/2402
f 4249/6022/2403 4185/6011/2403 4248/6023/2403 4251/6024/2403 4252/6025/2403 4250/6026/2403
f 4253/6027/2404 4185/6011/2404 4249/6028/2404 4255/6029/2404 4254/6030/2404
f 4232/6031/2405 4185/6011/2405 4253/6032/2405 4256/6033/2405 4257/6034/2405 4258/6035/2405
f 4218/6036/2406 4217/6037/2406 4193/6038/2406 4220/6039/2406 4219/6040/2406
f 4186/6041/2407 4187/6042/2407 4193/6038/2407 4192/6043/2407
f 4220/6044/2408 4193/6038/2408 4187/6042/2408 4222/6045/2408
f 4215/6046/2409 4216/6047/2409 4192/6043/2409 4193/6038/2409 4217/6037/2409
f 4200/6048/2410 4199/6049/2410 4194/6050/2410 4208/6051/2410 4207/6052/2410
f 4186/6053/2411 4188/6054/2411 4194/6050/2411 4189/6055/2411
f 4208/6051/2412 4194/6050/2412 4188/6054/2412 4209/6056/2412
f 4189/6055/2413 4194/6050/2413 4199/6049/2413 4203/6057/2413
f 4226/6058/2414 4195/6059/2414 4201/6060/2414 4202/6061/2414
f 4186/6053/2415 4189/6062/2415 4195/6059/2415 4190/6063/2415
f 4201/6064/2416 4195/6059/2416 4189/6062/2416 4203/6065/2416
f 4227/6066/2417 4190/6063/2417 4195/6059/2417 4226/6058/2417
f 4228/6067/2418 4224/6068/2418 4225/6069/2418 4223/6070/2418 4196/6071/2418
f 4186/6053/2419 4190/6072/2419 4196/6071/2419 4187/6073/2419
f 4228/6067/2420 4196/6071/2420 4190/6072/2420 4227/6066/2420
f 4222/6074/2421 4187/6073/2421 4196/6071/2421 4223/6075/2421 4221/6076/2421
f 4210/6077/2422 4204/6078/2422 4205/6079/2422 4206/6080/2422 4197/6081/2422
f 4186/6041/2423 4191/6082/2423 4197/6081/2423 4188/6083/2423
f 4210/6084/2424 4197/6081/2424 4191/6082/2424 4213/6085/2424
f 4209/6086/2425 4188/6083/2425 4197/6081/2425 4206/6087/2425
f 4211/6088/2426 4212/6089/2426 4198/6090/2426 4214/6091/2426
f 4186/6041/2427 4192/6092/2427 4198/6090/2427 4191/6093/2427
f 4198/6090/2428 4192/6092/2428 4216/6094/2428 4214/6091/2428
f 4213/6095/2429 4191/6093/2429 4198/6090/2429 4212/6089/2429
